# Area 21 Separation — FPSO process module (training)
mtllib TRN-21-SEP-3D.mtl
v -60.00000 -35.00000 -6.67500
v 100.00000 -35.00000 -6.67500
v 100.00000 55.00000 -6.67500
v -60.00000 55.00000 -6.67500
v -60.00000 -35.00000 -6.32500
v 100.00000 -35.00000 -6.32500
v 100.00000 55.00000 -6.32500
v -60.00000 55.00000 -6.32500
v -22.00000 -3.00000 -6.10000
v 66.00000 -3.00000 -6.10000
v 66.00000 23.00000 -6.10000
v -22.00000 23.00000 -6.10000
v -22.00000 -3.00000 -0.30000
v 66.00000 -3.00000 -0.30000
v 66.00000 23.00000 -0.30000
v -22.00000 23.00000 -0.30000
v -23.00000 -3.75000 -0.77500
v 67.00000 -3.75000 -0.77500
v 67.00000 23.75000 -0.77500
v -23.00000 23.75000 -0.77500
v -23.00000 -3.75000 -0.32500
v 67.00000 -3.75000 -0.32500
v 67.00000 23.75000 -0.32500
v -23.00000 23.75000 -0.32500
v 50.00000 -1.00000 -5.30000
v 66.00000 -1.00000 -5.30000
v 66.00000 21.00000 -5.30000
v 50.00000 21.00000 -5.30000
v 50.00000 -1.00000 -0.30000
v 66.00000 -1.00000 -0.30000
v 66.00000 21.00000 -0.30000
v 50.00000 21.00000 -0.30000
v 63.00000 2.00000 -4.20000
v 73.00000 2.00000 -4.20000
v 73.00000 18.00000 -4.20000
v 63.00000 18.00000 -4.20000
v 63.00000 2.00000 -0.20000
v 73.00000 2.00000 -0.20000
v 73.00000 18.00000 -0.20000
v 63.00000 18.00000 -0.20000
v -25.00000 -1.00000 -5.30000
v -11.00000 -1.00000 -5.30000
v -11.00000 21.00000 -5.30000
v -25.00000 21.00000 -5.30000
v -25.00000 -1.00000 -0.30000
v -11.00000 -1.00000 -0.30000
v -11.00000 21.00000 -0.30000
v -25.00000 21.00000 -0.30000
v -22.00000 3.00000 -0.45000
v -10.00000 3.00000 -0.45000
v -10.00000 17.00000 -0.45000
v -22.00000 17.00000 -0.45000
v -22.00000 3.00000 8.05000
v -10.00000 3.00000 8.05000
v -10.00000 17.00000 8.05000
v -22.00000 17.00000 8.05000
v -20.50000 4.50000 7.60000
v -11.50000 4.50000 7.60000
v -11.50000 15.50000 7.60000
v -20.50000 15.50000 7.60000
v -20.50000 4.50000 10.40000
v -11.50000 4.50000 10.40000
v -11.50000 15.50000 10.40000
v -20.50000 15.50000 10.40000
v -16.50000 6.50000 10.30000
v -11.50000 6.50000 10.30000
v -11.50000 13.50000 10.30000
v -16.50000 13.50000 10.30000
v -16.50000 6.50000 12.10000
v -11.50000 6.50000 12.10000
v -11.50000 13.50000 12.10000
v -16.50000 13.50000 12.10000
v -10.12500 5.30000 1.65000
v -9.97500 5.30000 1.65000
v -9.97500 6.70000 1.65000
v -10.12500 6.70000 1.65000
v -10.12500 5.30000 2.75000
v -9.97500 5.30000 2.75000
v -9.97500 6.70000 2.75000
v -10.12500 6.70000 2.75000
v -10.12500 5.30000 4.25000
v -9.97500 5.30000 4.25000
v -9.97500 6.70000 4.25000
v -10.12500 6.70000 4.25000
v -10.12500 5.30000 5.35000
v -9.97500 5.30000 5.35000
v -9.97500 6.70000 5.35000
v -10.12500 6.70000 5.35000
v -10.12500 5.30000 6.85000
v -9.97500 5.30000 6.85000
v -9.97500 6.70000 6.85000
v -10.12500 6.70000 6.85000
v -10.12500 5.30000 7.95000
v -9.97500 5.30000 7.95000
v -9.97500 6.70000 7.95000
v -10.12500 6.70000 7.95000
v -10.12500 7.80000 1.65000
v -9.97500 7.80000 1.65000
v -9.97500 9.20000 1.65000
v -10.12500 9.20000 1.65000
v -10.12500 7.80000 2.75000
v -9.97500 7.80000 2.75000
v -9.97500 9.20000 2.75000
v -10.12500 9.20000 2.75000
v -10.12500 7.80000 4.25000
v -9.97500 7.80000 4.25000
v -9.97500 9.20000 4.25000
v -10.12500 9.20000 4.25000
v -10.12500 7.80000 5.35000
v -9.97500 7.80000 5.35000
v -9.97500 9.20000 5.35000
v -10.12500 9.20000 5.35000
v -10.12500 7.80000 6.85000
v -9.97500 7.80000 6.85000
v -9.97500 9.20000 6.85000
v -10.12500 9.20000 6.85000
v -10.12500 7.80000 7.95000
v -9.97500 7.80000 7.95000
v -9.97500 9.20000 7.95000
v -10.12500 9.20000 7.95000
v -10.12500 10.80000 1.65000
v -9.97500 10.80000 1.65000
v -9.97500 12.20000 1.65000
v -10.12500 12.20000 1.65000
v -10.12500 10.80000 2.75000
v -9.97500 10.80000 2.75000
v -9.97500 12.20000 2.75000
v -10.12500 12.20000 2.75000
v -10.12500 10.80000 4.25000
v -9.97500 10.80000 4.25000
v -9.97500 12.20000 4.25000
v -10.12500 12.20000 4.25000
v -10.12500 10.80000 5.35000
v -9.97500 10.80000 5.35000
v -9.97500 12.20000 5.35000
v -10.12500 12.20000 5.35000
v -10.12500 10.80000 6.85000
v -9.97500 10.80000 6.85000
v -9.97500 12.20000 6.85000
v -10.12500 12.20000 6.85000
v -10.12500 10.80000 7.95000
v -9.97500 10.80000 7.95000
v -9.97500 12.20000 7.95000
v -10.12500 12.20000 7.95000
v -10.12500 13.30000 1.65000
v -9.97500 13.30000 1.65000
v -9.97500 14.70000 1.65000
v -10.12500 14.70000 1.65000
v -10.12500 13.30000 2.75000
v -9.97500 13.30000 2.75000
v -9.97500 14.70000 2.75000
v -10.12500 14.70000 2.75000
v -10.12500 13.30000 4.25000
v -9.97500 13.30000 4.25000
v -9.97500 14.70000 4.25000
v -10.12500 14.70000 4.25000
v -10.12500 13.30000 5.35000
v -9.97500 13.30000 5.35000
v -9.97500 14.70000 5.35000
v -10.12500 14.70000 5.35000
v -10.12500 13.30000 6.85000
v -9.97500 13.30000 6.85000
v -9.97500 14.70000 6.85000
v -10.12500 14.70000 6.85000
v -10.12500 13.30000 7.95000
v -9.97500 13.30000 7.95000
v -9.97500 14.70000 7.95000
v -10.12500 14.70000 7.95000
v -9.50000 10.00000 10.46000
v -9.50000 10.00000 10.74000
v -9.62490 11.26809 10.46000
v -9.62490 11.26809 10.74000
v -9.99478 12.48744 10.46000
v -9.99478 12.48744 10.74000
v -10.59545 13.61121 10.46000
v -10.59545 13.61121 10.74000
v -11.40381 14.59619 10.46000
v -11.40381 14.59619 10.74000
v -12.38879 15.40455 10.46000
v -12.38879 15.40455 10.74000
v -13.51256 16.00522 10.46000
v -13.51256 16.00522 10.74000
v -14.73191 16.37510 10.46000
v -14.73191 16.37510 10.74000
v -16.00000 16.50000 10.46000
v -16.00000 16.50000 10.74000
v -17.26809 16.37510 10.46000
v -17.26809 16.37510 10.74000
v -18.48744 16.00522 10.46000
v -18.48744 16.00522 10.74000
v -19.61121 15.40455 10.46000
v -19.61121 15.40455 10.74000
v -20.59619 14.59619 10.46000
v -20.59619 14.59619 10.74000
v -21.40455 13.61121 10.46000
v -21.40455 13.61121 10.74000
v -22.00522 12.48744 10.46000
v -22.00522 12.48744 10.74000
v -22.37510 11.26809 10.46000
v -22.37510 11.26809 10.74000
v -22.50000 10.00000 10.46000
v -22.50000 10.00000 10.74000
v -22.37510 8.73191 10.46000
v -22.37510 8.73191 10.74000
v -22.00522 7.51256 10.46000
v -22.00522 7.51256 10.74000
v -21.40455 6.38879 10.46000
v -21.40455 6.38879 10.74000
v -20.59619 5.40381 10.46000
v -20.59619 5.40381 10.74000
v -19.61121 4.59545 10.46000
v -19.61121 4.59545 10.74000
v -18.48744 3.99478 10.46000
v -18.48744 3.99478 10.74000
v -17.26809 3.62490 10.46000
v -17.26809 3.62490 10.74000
v -16.00000 3.50000 10.46000
v -16.00000 3.50000 10.74000
v -14.73191 3.62490 10.46000
v -14.73191 3.62490 10.74000
v -13.51256 3.99478 10.46000
v -13.51256 3.99478 10.74000
v -12.38879 4.59545 10.46000
v -12.38879 4.59545 10.74000
v -11.40381 5.40381 10.46000
v -11.40381 5.40381 10.74000
v -10.59545 6.38879 10.46000
v -10.59545 6.38879 10.74000
v -9.99478 7.51256 10.46000
v -9.99478 7.51256 10.74000
v -9.62490 8.73191 10.46000
v -9.62490 8.73191 10.74000
v -16.00000 10.00000 10.46000
v -16.00000 10.00000 10.74000
v -16.40000 5.00000 10.29000
v -15.60000 5.00000 10.29000
v -15.60000 15.00000 10.29000
v -16.40000 15.00000 10.29000
v -16.40000 5.00000 10.41000
v -15.60000 5.00000 10.41000
v -15.60000 15.00000 10.41000
v -16.40000 15.00000 10.41000
v -21.00000 9.60000 10.29000
v -11.00000 9.60000 10.29000
v -11.00000 10.40000 10.29000
v -21.00000 10.40000 10.29000
v -21.00000 9.60000 10.41000
v -11.00000 9.60000 10.41000
v -11.00000 10.40000 10.41000
v -21.00000 10.40000 10.41000
v 53.10000 0.00000 0.00000
v 53.10000 0.00000 5.00000
v 53.04616 0.33992 0.00000
v 53.04616 0.33992 5.00000
v 52.88992 0.64656 0.00000
v 52.88992 0.64656 5.00000
v 52.64656 0.88992 0.00000
v 52.64656 0.88992 5.00000
v 52.33992 1.04616 0.00000
v 52.33992 1.04616 5.00000
v 52.00000 1.10000 0.00000
v 52.00000 1.10000 5.00000
v 51.66008 1.04616 0.00000
v 51.66008 1.04616 5.00000
v 51.35344 0.88992 0.00000
v 51.35344 0.88992 5.00000
v 51.11008 0.64656 0.00000
v 51.11008 0.64656 5.00000
v 50.95384 0.33992 0.00000
v 50.95384 0.33992 5.00000
v 50.90000 0.00000 0.00000
v 50.90000 0.00000 5.00000
v 50.95384 -0.33992 0.00000
v 50.95384 -0.33992 5.00000
v 51.11008 -0.64656 0.00000
v 51.11008 -0.64656 5.00000
v 51.35344 -0.88992 0.00000
v 51.35344 -0.88992 5.00000
v 51.66008 -1.04616 0.00000
v 51.66008 -1.04616 5.00000
v 52.00000 -1.10000 0.00000
v 52.00000 -1.10000 5.00000
v 52.33992 -1.04616 0.00000
v 52.33992 -1.04616 5.00000
v 52.64656 -0.88992 0.00000
v 52.64656 -0.88992 5.00000
v 52.88992 -0.64656 0.00000
v 52.88992 -0.64656 5.00000
v 53.04616 -0.33992 0.00000
v 53.04616 -0.33992 5.00000
v 52.00000 0.00000 0.00000
v 52.00000 0.00000 5.00000
v 50.80000 -1.20000 4.90000
v 53.20000 -1.20000 4.90000
v 53.20000 1.20000 4.90000
v 50.80000 1.20000 4.90000
v 50.80000 -1.20000 5.50000
v 53.20000 -1.20000 5.50000
v 53.20000 1.20000 5.50000
v 50.80000 1.20000 5.50000
v 51.55000 -0.45000 4.75000
v 52.45000 -0.45000 4.75000
v 52.45000 0.45000 4.75000
v 51.55000 0.45000 4.75000
v 51.55000 -0.45000 12.25000
v 52.45000 -0.45000 12.25000
v 52.45000 0.45000 12.25000
v 51.55000 0.45000 12.25000
v 40.00000 -0.27500 11.72500
v 52.00000 -0.27500 11.72500
v 52.00000 0.27500 11.72500
v 40.00000 0.27500 11.72500
v 40.00000 -0.27500 12.27500
v 52.00000 -0.27500 12.27500
v 52.00000 0.27500 12.27500
v 40.00000 0.27500 12.27500
v 40.20000 0.00000 8.90000
v 40.20000 0.00000 12.10000
v 40.16180 0.11756 8.90000
v 40.16180 0.11756 12.10000
v 40.06180 0.19021 8.90000
v 40.06180 0.19021 12.10000
v 39.93820 0.19021 8.90000
v 39.93820 0.19021 12.10000
v 39.83820 0.11756 8.90000
v 39.83820 0.11756 12.10000
v 39.80000 0.00000 8.90000
v 39.80000 0.00000 12.10000
v 39.83820 -0.11756 8.90000
v 39.83820 -0.11756 12.10000
v 39.93820 -0.19021 8.90000
v 39.93820 -0.19021 12.10000
v 40.06180 -0.19021 8.90000
v 40.06180 -0.19021 12.10000
v 40.16180 -0.11756 8.90000
v 40.16180 -0.11756 12.10000
v 40.00000 0.00000 8.90000
v 40.00000 0.00000 12.10000
v 39.40000 -0.60000 8.52500
v 40.60000 -0.60000 8.52500
v 40.60000 0.60000 8.52500
v 39.40000 0.60000 8.52500
v 39.40000 -0.60000 8.87500
v 40.60000 -0.60000 8.87500
v 40.60000 0.60000 8.87500
v 39.40000 0.60000 8.87500
v 53.00000 16.28000 5.50000
v 75.00000 16.28000 5.50000
v 53.00000 16.25227 5.62149
v 75.00000 16.25227 5.62149
v 53.00000 16.17458 5.71891
v 75.00000 16.17458 5.71891
v 53.00000 16.06231 5.77298
v 75.00000 16.06231 5.77298
v 53.00000 15.93769 5.77298
v 75.00000 15.93769 5.77298
v 53.00000 15.82542 5.71891
v 75.00000 15.82542 5.71891
v 53.00000 15.74773 5.62149
v 75.00000 15.74773 5.62149
v 53.00000 15.72000 5.50000
v 75.00000 15.72000 5.50000
v 53.00000 15.74773 5.37851
v 75.00000 15.74773 5.37851
v 53.00000 15.82542 5.28109
v 75.00000 15.82542 5.28109
v 53.00000 15.93769 5.22702
v 75.00000 15.93769 5.22702
v 53.00000 16.06231 5.22702
v 75.00000 16.06231 5.22702
v 53.00000 16.17458 5.28109
v 75.00000 16.17458 5.28109
v 53.00000 16.25227 5.37851
v 75.00000 16.25227 5.37851
v 53.00000 16.00000 5.50000
v 75.00000 16.00000 5.50000
v 73.40000 16.55000 5.50000
v 74.60000 16.55000 5.50000
v 73.40000 16.49553 5.73864
v 74.60000 16.49553 5.73864
v 73.40000 16.34292 5.93001
v 74.60000 16.34292 5.93001
v 73.40000 16.12239 6.03621
v 74.60000 16.12239 6.03621
v 73.40000 15.87761 6.03621
v 74.60000 15.87761 6.03621
v 73.40000 15.65708 5.93001
v 74.60000 15.65708 5.93001
v 73.40000 15.50447 5.73864
v 74.60000 15.50447 5.73864
v 73.40000 15.45000 5.50000
v 74.60000 15.45000 5.50000
v 73.40000 15.50447 5.26136
v 74.60000 15.50447 5.26136
v 73.40000 15.65708 5.06999
v 74.60000 15.65708 5.06999
v 73.40000 15.87761 4.96379
v 74.60000 15.87761 4.96379
v 73.40000 16.12239 4.96379
v 74.60000 16.12239 4.96379
v 73.40000 16.34292 5.06999
v 74.60000 16.34292 5.06999
v 73.40000 16.49553 5.26136
v 74.60000 16.49553 5.26136
v 73.40000 16.00000 5.50000
v 74.60000 16.00000 5.50000
v 74.40000 16.35000 5.50000
v 75.20000 16.35000 5.50000
v 74.40000 16.30311 5.67500
v 75.20000 16.30311 5.67500
v 74.40000 16.17500 5.80311
v 75.20000 16.17500 5.80311
v 74.40000 16.00000 5.85000
v 75.20000 16.00000 5.85000
v 74.40000 15.82500 5.80311
v 75.20000 15.82500 5.80311
v 74.40000 15.69689 5.67500
v 75.20000 15.69689 5.67500
v 74.40000 15.65000 5.50000
v 75.20000 15.65000 5.50000
v 74.40000 15.69689 5.32500
v 75.20000 15.69689 5.32500
v 74.40000 15.82500 5.19689
v 75.20000 15.82500 5.19689
v 74.40000 16.00000 5.15000
v 75.20000 16.00000 5.15000
v 74.40000 16.17500 5.19689
v 75.20000 16.17500 5.19689
v 74.40000 16.30311 5.32500
v 75.20000 16.30311 5.32500
v 74.40000 16.00000 5.50000
v 75.20000 16.00000 5.50000
v 2.85000 0.35000 0.45000
v 3.15000 0.35000 0.45000
v 3.15000 0.65000 0.45000
v 2.85000 0.65000 0.45000
v 2.85000 0.35000 7.95000
v 3.15000 0.35000 7.95000
v 3.15000 0.65000 7.95000
v 2.85000 0.65000 7.95000
v 2.85000 19.35000 0.45000
v 3.15000 19.35000 0.45000
v 3.15000 19.65000 0.45000
v 2.85000 19.65000 0.45000
v 2.85000 19.35000 7.95000
v 3.15000 19.35000 7.95000
v 3.15000 19.65000 7.95000
v 2.85000 19.65000 7.95000
v 36.85000 0.35000 0.45000
v 37.15000 0.35000 0.45000
v 37.15000 0.65000 0.45000
v 36.85000 0.65000 0.45000
v 36.85000 0.35000 7.95000
v 37.15000 0.35000 7.95000
v 37.15000 0.65000 7.95000
v 36.85000 0.65000 7.95000
v 36.85000 19.35000 0.45000
v 37.15000 19.35000 0.45000
v 37.15000 19.65000 0.45000
v 36.85000 19.65000 0.45000
v 36.85000 19.35000 7.95000
v 37.15000 19.35000 7.95000
v 37.15000 19.65000 7.95000
v 36.85000 19.65000 7.95000
v 2.85000 0.25000 7.85000
v 3.15000 0.25000 7.85000
v 3.15000 19.75000 7.85000
v 2.85000 19.75000 7.85000
v 2.85000 0.25000 8.15000
v 3.15000 0.25000 8.15000
v 3.15000 19.75000 8.15000
v 2.85000 19.75000 8.15000
v 36.85000 0.25000 7.85000
v 37.15000 0.25000 7.85000
v 37.15000 19.75000 7.85000
v 36.85000 19.75000 7.85000
v 36.85000 0.25000 8.15000
v 37.15000 0.25000 8.15000
v 37.15000 19.75000 8.15000
v 36.85000 19.75000 8.15000
v 3.00000 0.35000 7.85000
v 37.00000 0.35000 7.85000
v 37.00000 0.65000 7.85000
v 3.00000 0.65000 7.85000
v 3.00000 0.35000 8.15000
v 37.00000 0.35000 8.15000
v 37.00000 0.65000 8.15000
v 3.00000 0.65000 8.15000
v 3.00000 19.35000 7.85000
v 37.00000 19.35000 7.85000
v 37.00000 19.65000 7.85000
v 3.00000 19.65000 7.85000
v 3.00000 19.35000 8.15000
v 37.00000 19.35000 8.15000
v 37.00000 19.65000 8.15000
v 3.00000 19.65000 8.15000
v 4.00000 1.72500 6.50000
v 36.00000 1.72500 6.50000
v 36.00000 2.27500 6.50000
v 4.00000 2.27500 6.50000
v 4.00000 1.72500 6.70000
v 36.00000 1.72500 6.70000
v 36.00000 2.27500 6.70000
v 4.00000 2.27500 6.70000
v 4.00000 1.97000 6.82000
v 36.00000 1.97000 6.82000
v 36.00000 2.03000 6.82000
v 4.00000 2.03000 6.82000
v 4.00000 1.97000 6.88000
v 36.00000 1.97000 6.88000
v 36.00000 2.03000 6.88000
v 4.00000 2.03000 6.88000
v 4.00000 17.72500 6.50000
v 36.00000 17.72500 6.50000
v 36.00000 18.27500 6.50000
v 4.00000 18.27500 6.50000
v 4.00000 17.72500 6.70000
v 36.00000 17.72500 6.70000
v 36.00000 18.27500 6.70000
v 4.00000 18.27500 6.70000
v 4.00000 17.97000 6.82000
v 36.00000 17.97000 6.82000
v 36.00000 18.03000 6.82000
v 4.00000 18.03000 6.82000
v 4.00000 17.97000 6.88000
v 36.00000 17.97000 6.88000
v 36.00000 18.03000 6.88000
v 4.00000 18.03000 6.88000
v 4.07000 0.80000 0.10000
v 4.07000 0.80000 6.30000
v 4.04950 0.84950 0.10000
v 4.04950 0.84950 6.30000
v 4.00000 0.87000 0.10000
v 4.00000 0.87000 6.30000
v 3.95050 0.84950 0.10000
v 3.95050 0.84950 6.30000
v 3.93000 0.80000 0.10000
v 3.93000 0.80000 6.30000
v 3.95050 0.75050 0.10000
v 3.95050 0.75050 6.30000
v 4.00000 0.73000 0.10000
v 4.00000 0.73000 6.30000
v 4.04950 0.75050 0.10000
v 4.04950 0.75050 6.30000
v 4.00000 0.80000 0.10000
v 4.00000 0.80000 6.30000
v 3.57500 0.70000 6.31000
v 4.42500 0.70000 6.31000
v 4.42500 0.90000 6.31000
v 3.57500 0.90000 6.31000
v 3.57500 0.70000 6.49000
v 4.42500 0.70000 6.49000
v 4.42500 0.90000 6.49000
v 3.57500 0.90000 6.49000
v 36.07000 0.80000 0.10000
v 36.07000 0.80000 6.30000
v 36.04950 0.84950 0.10000
v 36.04950 0.84950 6.30000
v 36.00000 0.87000 0.10000
v 36.00000 0.87000 6.30000
v 35.95050 0.84950 0.10000
v 35.95050 0.84950 6.30000
v 35.93000 0.80000 0.10000
v 35.93000 0.80000 6.30000
v 35.95050 0.75050 0.10000
v 35.95050 0.75050 6.30000
v 36.00000 0.73000 0.10000
v 36.00000 0.73000 6.30000
v 36.04950 0.75050 0.10000
v 36.04950 0.75050 6.30000
v 36.00000 0.80000 0.10000
v 36.00000 0.80000 6.30000
v 35.57500 0.70000 6.31000
v 36.42500 0.70000 6.31000
v 36.42500 0.90000 6.31000
v 35.57500 0.90000 6.31000
v 35.57500 0.70000 6.49000
v 36.42500 0.70000 6.49000
v 36.42500 0.90000 6.49000
v 35.57500 0.90000 6.49000
v 4.07000 19.20000 0.10000
v 4.07000 19.20000 6.30000
v 4.04950 19.24950 0.10000
v 4.04950 19.24950 6.30000
v 4.00000 19.27000 0.10000
v 4.00000 19.27000 6.30000
v 3.95050 19.24950 0.10000
v 3.95050 19.24950 6.30000
v 3.93000 19.20000 0.10000
v 3.93000 19.20000 6.30000
v 3.95050 19.15050 0.10000
v 3.95050 19.15050 6.30000
v 4.00000 19.13000 0.10000
v 4.00000 19.13000 6.30000
v 4.04950 19.15050 0.10000
v 4.04950 19.15050 6.30000
v 4.00000 19.20000 0.10000
v 4.00000 19.20000 6.30000
v 3.57500 19.10000 6.31000
v 4.42500 19.10000 6.31000
v 4.42500 19.30000 6.31000
v 3.57500 19.30000 6.31000
v 3.57500 19.10000 6.49000
v 4.42500 19.10000 6.49000
v 4.42500 19.30000 6.49000
v 3.57500 19.30000 6.49000
v 36.07000 19.20000 0.10000
v 36.07000 19.20000 6.30000
v 36.04950 19.24950 0.10000
v 36.04950 19.24950 6.30000
v 36.00000 19.27000 0.10000
v 36.00000 19.27000 6.30000
v 35.95050 19.24950 0.10000
v 35.95050 19.24950 6.30000
v 35.93000 19.20000 0.10000
v 35.93000 19.20000 6.30000
v 35.95050 19.15050 0.10000
v 35.95050 19.15050 6.30000
v 36.00000 19.13000 0.10000
v 36.00000 19.13000 6.30000
v 36.04950 19.15050 0.10000
v 36.04950 19.15050 6.30000
v 36.00000 19.20000 0.10000
v 36.00000 19.20000 6.30000
v 35.57500 19.10000 6.31000
v 36.42500 19.10000 6.31000
v 36.42500 19.30000 6.31000
v 35.57500 19.30000 6.31000
v 35.57500 19.10000 6.49000
v 36.42500 19.10000 6.49000
v 36.42500 19.30000 6.49000
v 35.57500 19.30000 6.49000
v 40.50000 8.60000 -0.08000
v 41.90000 8.60000 -0.08000
v 41.90000 11.40000 -0.08000
v 40.50000 11.40000 -0.08000
v 40.50000 8.60000 0.08000
v 41.90000 8.60000 0.08000
v 41.90000 11.40000 0.08000
v 40.50000 11.40000 0.08000
v 40.50000 8.60000 -0.63000
v 41.90000 8.60000 -0.63000
v 41.90000 11.40000 -0.63000
v 40.50000 11.40000 -0.63000
v 40.50000 8.60000 -0.47000
v 41.90000 8.60000 -0.47000
v 41.90000 11.40000 -0.47000
v 40.50000 11.40000 -0.47000
v 40.50000 8.60000 -1.18000
v 41.90000 8.60000 -1.18000
v 41.90000 11.40000 -1.18000
v 40.50000 11.40000 -1.18000
v 40.50000 8.60000 -1.02000
v 41.90000 8.60000 -1.02000
v 41.90000 11.40000 -1.02000
v 40.50000 11.40000 -1.02000
v 40.50000 8.60000 -1.73000
v 41.90000 8.60000 -1.73000
v 41.90000 11.40000 -1.73000
v 40.50000 11.40000 -1.73000
v 40.50000 8.60000 -1.57000
v 41.90000 8.60000 -1.57000
v 41.90000 11.40000 -1.57000
v 40.50000 11.40000 -1.57000
v 40.50000 8.60000 -2.28000
v 41.90000 8.60000 -2.28000
v 41.90000 11.40000 -2.28000
v 40.50000 11.40000 -2.28000
v 40.50000 8.60000 -2.12000
v 41.90000 8.60000 -2.12000
v 41.90000 11.40000 -2.12000
v 40.50000 11.40000 -2.12000
v 40.50000 8.60000 -2.83000
v 41.90000 8.60000 -2.83000
v 41.90000 11.40000 -2.83000
v 40.50000 11.40000 -2.83000
v 40.50000 8.60000 -2.67000
v 41.90000 8.60000 -2.67000
v 41.90000 11.40000 -2.67000
v 40.50000 11.40000 -2.67000
v 41.85000 8.75000 -2.80000
v 41.95000 8.75000 -2.80000
v 41.95000 8.85000 -2.80000
v 41.85000 8.85000 -2.80000
v 41.85000 8.75000 0.40000
v 41.95000 8.75000 0.40000
v 41.95000 8.85000 0.40000
v 41.85000 8.85000 0.40000
v 41.85000 11.15000 -2.80000
v 41.95000 11.15000 -2.80000
v 41.95000 11.25000 -2.80000
v 41.85000 11.25000 -2.80000
v 41.85000 11.15000 0.40000
v 41.95000 11.15000 0.40000
v 41.95000 11.25000 0.40000
v 41.85000 11.25000 0.40000
v 0.00000 0.00000 0.00000
v 40.00000 0.00000 0.00000
v 40.00000 20.00000 0.00000
v 0.00000 20.00000 0.00000
v 0.00000 0.00000 0.36000
v 40.00000 0.00000 0.36000
v 40.00000 20.00000 0.36000
v 0.00000 20.00000 0.36000
v 0.00000 0.00000 0.22500
v 40.00000 0.00000 0.22500
v 40.00000 0.30000 0.22500
v 0.00000 0.30000 0.22500
v 0.00000 0.00000 0.77500
v 40.00000 0.00000 0.77500
v 40.00000 0.30000 0.77500
v 0.00000 0.30000 0.77500
v 0.00000 19.70000 0.22500
v 40.00000 19.70000 0.22500
v 40.00000 20.00000 0.22500
v 0.00000 20.00000 0.22500
v 0.00000 19.70000 0.77500
v 40.00000 19.70000 0.77500
v 40.00000 20.00000 0.77500
v 0.00000 20.00000 0.77500
v 0.00000 0.00000 0.22500
v 0.30000 0.00000 0.22500
v 0.30000 20.00000 0.22500
v 0.00000 20.00000 0.22500
v 0.00000 0.00000 0.77500
v 0.30000 0.00000 0.77500
v 0.30000 20.00000 0.77500
v 0.00000 20.00000 0.77500
v 39.70000 0.00000 0.22500
v 40.00000 0.00000 0.22500
v 40.00000 20.00000 0.22500
v 39.70000 20.00000 0.22500
v 39.70000 0.00000 0.77500
v 40.00000 0.00000 0.77500
v 40.00000 20.00000 0.77500
v 39.70000 20.00000 0.77500
v 0.47000 0.40000 0.36000
v 0.53000 0.40000 0.36000
v 0.53000 19.60000 0.36000
v 0.47000 19.60000 0.36000
v 0.47000 0.40000 0.40000
v 0.53000 0.40000 0.40000
v 0.53000 19.60000 0.40000
v 0.47000 19.60000 0.40000
v 2.47000 0.40000 0.36000
v 2.53000 0.40000 0.36000
v 2.53000 19.60000 0.36000
v 2.47000 19.60000 0.36000
v 2.47000 0.40000 0.40000
v 2.53000 0.40000 0.40000
v 2.53000 19.60000 0.40000
v 2.47000 19.60000 0.40000
v 4.47000 0.40000 0.36000
v 4.53000 0.40000 0.36000
v 4.53000 19.60000 0.36000
v 4.47000 19.60000 0.36000
v 4.47000 0.40000 0.40000
v 4.53000 0.40000 0.40000
v 4.53000 19.60000 0.40000
v 4.47000 19.60000 0.40000
v 6.47000 0.40000 0.36000
v 6.53000 0.40000 0.36000
v 6.53000 19.60000 0.36000
v 6.47000 19.60000 0.36000
v 6.47000 0.40000 0.40000
v 6.53000 0.40000 0.40000
v 6.53000 19.60000 0.40000
v 6.47000 19.60000 0.40000
v 8.47000 0.40000 0.36000
v 8.53000 0.40000 0.36000
v 8.53000 19.60000 0.36000
v 8.47000 19.60000 0.36000
v 8.47000 0.40000 0.40000
v 8.53000 0.40000 0.40000
v 8.53000 19.60000 0.40000
v 8.47000 19.60000 0.40000
v 10.47000 0.40000 0.36000
v 10.53000 0.40000 0.36000
v 10.53000 19.60000 0.36000
v 10.47000 19.60000 0.36000
v 10.47000 0.40000 0.40000
v 10.53000 0.40000 0.40000
v 10.53000 19.60000 0.40000
v 10.47000 19.60000 0.40000
v 12.47000 0.40000 0.36000
v 12.53000 0.40000 0.36000
v 12.53000 19.60000 0.36000
v 12.47000 19.60000 0.36000
v 12.47000 0.40000 0.40000
v 12.53000 0.40000 0.40000
v 12.53000 19.60000 0.40000
v 12.47000 19.60000 0.40000
v 14.47000 0.40000 0.36000
v 14.53000 0.40000 0.36000
v 14.53000 19.60000 0.36000
v 14.47000 19.60000 0.36000
v 14.47000 0.40000 0.40000
v 14.53000 0.40000 0.40000
v 14.53000 19.60000 0.40000
v 14.47000 19.60000 0.40000
v 16.47000 0.40000 0.36000
v 16.53000 0.40000 0.36000
v 16.53000 19.60000 0.36000
v 16.47000 19.60000 0.36000
v 16.47000 0.40000 0.40000
v 16.53000 0.40000 0.40000
v 16.53000 19.60000 0.40000
v 16.47000 19.60000 0.40000
v 18.47000 0.40000 0.36000
v 18.53000 0.40000 0.36000
v 18.53000 19.60000 0.36000
v 18.47000 19.60000 0.36000
v 18.47000 0.40000 0.40000
v 18.53000 0.40000 0.40000
v 18.53000 19.60000 0.40000
v 18.47000 19.60000 0.40000
v 20.47000 0.40000 0.36000
v 20.53000 0.40000 0.36000
v 20.53000 19.60000 0.36000
v 20.47000 19.60000 0.36000
v 20.47000 0.40000 0.40000
v 20.53000 0.40000 0.40000
v 20.53000 19.60000 0.40000
v 20.47000 19.60000 0.40000
v 22.47000 0.40000 0.36000
v 22.53000 0.40000 0.36000
v 22.53000 19.60000 0.36000
v 22.47000 19.60000 0.36000
v 22.47000 0.40000 0.40000
v 22.53000 0.40000 0.40000
v 22.53000 19.60000 0.40000
v 22.47000 19.60000 0.40000
v 24.47000 0.40000 0.36000
v 24.53000 0.40000 0.36000
v 24.53000 19.60000 0.36000
v 24.47000 19.60000 0.36000
v 24.47000 0.40000 0.40000
v 24.53000 0.40000 0.40000
v 24.53000 19.60000 0.40000
v 24.47000 19.60000 0.40000
v 26.47000 0.40000 0.36000
v 26.53000 0.40000 0.36000
v 26.53000 19.60000 0.36000
v 26.47000 19.60000 0.36000
v 26.47000 0.40000 0.40000
v 26.53000 0.40000 0.40000
v 26.53000 19.60000 0.40000
v 26.47000 19.60000 0.40000
v 28.47000 0.40000 0.36000
v 28.53000 0.40000 0.36000
v 28.53000 19.60000 0.36000
v 28.47000 19.60000 0.36000
v 28.47000 0.40000 0.40000
v 28.53000 0.40000 0.40000
v 28.53000 19.60000 0.40000
v 28.47000 19.60000 0.40000
v 30.47000 0.40000 0.36000
v 30.53000 0.40000 0.36000
v 30.53000 19.60000 0.36000
v 30.47000 19.60000 0.36000
v 30.47000 0.40000 0.40000
v 30.53000 0.40000 0.40000
v 30.53000 19.60000 0.40000
v 30.47000 19.60000 0.40000
v 32.47000 0.40000 0.36000
v 32.53000 0.40000 0.36000
v 32.53000 19.60000 0.36000
v 32.47000 19.60000 0.36000
v 32.47000 0.40000 0.40000
v 32.53000 0.40000 0.40000
v 32.53000 19.60000 0.40000
v 32.47000 19.60000 0.40000
v 34.47000 0.40000 0.36000
v 34.53000 0.40000 0.36000
v 34.53000 19.60000 0.36000
v 34.47000 19.60000 0.36000
v 34.47000 0.40000 0.40000
v 34.53000 0.40000 0.40000
v 34.53000 19.60000 0.40000
v 34.47000 19.60000 0.40000
v 36.47000 0.40000 0.36000
v 36.53000 0.40000 0.36000
v 36.53000 19.60000 0.36000
v 36.47000 19.60000 0.36000
v 36.47000 0.40000 0.40000
v 36.53000 0.40000 0.40000
v 36.53000 19.60000 0.40000
v 36.47000 19.60000 0.40000
v 38.47000 0.40000 0.36000
v 38.53000 0.40000 0.36000
v 38.53000 19.60000 0.36000
v 38.47000 19.60000 0.36000
v 38.47000 0.40000 0.40000
v 38.53000 0.40000 0.40000
v 38.53000 19.60000 0.40000
v 38.47000 19.60000 0.40000
v 0.40000 0.47000 0.38250
v 39.60000 0.47000 0.38250
v 39.60000 0.53000 0.38250
v 0.40000 0.53000 0.38250
v 0.40000 0.47000 0.41750
v 39.60000 0.47000 0.41750
v 39.60000 0.53000 0.41750
v 0.40000 0.53000 0.41750
v 0.40000 2.47000 0.38250
v 39.60000 2.47000 0.38250
v 39.60000 2.53000 0.38250
v 0.40000 2.53000 0.38250
v 0.40000 2.47000 0.41750
v 39.60000 2.47000 0.41750
v 39.60000 2.53000 0.41750
v 0.40000 2.53000 0.41750
v 0.40000 4.47000 0.38250
v 39.60000 4.47000 0.38250
v 39.60000 4.53000 0.38250
v 0.40000 4.53000 0.38250
v 0.40000 4.47000 0.41750
v 39.60000 4.47000 0.41750
v 39.60000 4.53000 0.41750
v 0.40000 4.53000 0.41750
v 0.40000 6.47000 0.38250
v 39.60000 6.47000 0.38250
v 39.60000 6.53000 0.38250
v 0.40000 6.53000 0.38250
v 0.40000 6.47000 0.41750
v 39.60000 6.47000 0.41750
v 39.60000 6.53000 0.41750
v 0.40000 6.53000 0.41750
v 0.40000 8.47000 0.38250
v 39.60000 8.47000 0.38250
v 39.60000 8.53000 0.38250
v 0.40000 8.53000 0.38250
v 0.40000 8.47000 0.41750
v 39.60000 8.47000 0.41750
v 39.60000 8.53000 0.41750
v 0.40000 8.53000 0.41750
v 0.40000 10.47000 0.38250
v 39.60000 10.47000 0.38250
v 39.60000 10.53000 0.38250
v 0.40000 10.53000 0.38250
v 0.40000 10.47000 0.41750
v 39.60000 10.47000 0.41750
v 39.60000 10.53000 0.41750
v 0.40000 10.53000 0.41750
v 0.40000 12.47000 0.38250
v 39.60000 12.47000 0.38250
v 39.60000 12.53000 0.38250
v 0.40000 12.53000 0.38250
v 0.40000 12.47000 0.41750
v 39.60000 12.47000 0.41750
v 39.60000 12.53000 0.41750
v 0.40000 12.53000 0.41750
v 0.40000 14.47000 0.38250
v 39.60000 14.47000 0.38250
v 39.60000 14.53000 0.38250
v 0.40000 14.53000 0.38250
v 0.40000 14.47000 0.41750
v 39.60000 14.47000 0.41750
v 39.60000 14.53000 0.41750
v 0.40000 14.53000 0.41750
v 0.40000 16.47000 0.38250
v 39.60000 16.47000 0.38250
v 39.60000 16.53000 0.38250
v 0.40000 16.53000 0.38250
v 0.40000 16.47000 0.41750
v 39.60000 16.47000 0.41750
v 39.60000 16.53000 0.41750
v 0.40000 16.53000 0.41750
v 0.40000 18.47000 0.38250
v 39.60000 18.47000 0.38250
v 39.60000 18.53000 0.38250
v 0.40000 18.53000 0.38250
v 0.40000 18.47000 0.41750
v 39.60000 18.47000 0.41750
v 39.60000 18.53000 0.41750
v 0.40000 18.53000 0.41750
v 4.82500 0.75000 -0.60000
v 5.17500 0.75000 -0.60000
v 5.17500 19.25000 -0.60000
v 4.82500 19.25000 -0.60000
v 4.82500 0.75000 -0.10000
v 5.17500 0.75000 -0.10000
v 5.17500 19.25000 -0.10000
v 4.82500 19.25000 -0.10000
v 11.82500 0.75000 -0.60000
v 12.17500 0.75000 -0.60000
v 12.17500 19.25000 -0.60000
v 11.82500 19.25000 -0.60000
v 11.82500 0.75000 -0.10000
v 12.17500 0.75000 -0.10000
v 12.17500 19.25000 -0.10000
v 11.82500 19.25000 -0.10000
v 19.82500 0.75000 -0.60000
v 20.17500 0.75000 -0.60000
v 20.17500 19.25000 -0.60000
v 19.82500 19.25000 -0.60000
v 19.82500 0.75000 -0.10000
v 20.17500 0.75000 -0.10000
v 20.17500 19.25000 -0.10000
v 19.82500 19.25000 -0.10000
v 27.82500 0.75000 -0.60000
v 28.17500 0.75000 -0.60000
v 28.17500 19.25000 -0.60000
v 27.82500 19.25000 -0.60000
v 27.82500 0.75000 -0.10000
v 28.17500 0.75000 -0.10000
v 28.17500 19.25000 -0.10000
v 27.82500 19.25000 -0.10000
v 34.82500 0.75000 -0.60000
v 35.17500 0.75000 -0.60000
v 35.17500 19.25000 -0.60000
v 34.82500 19.25000 -0.60000
v 34.82500 0.75000 -0.10000
v 35.17500 0.75000 -0.10000
v 35.17500 19.25000 -0.10000
v 34.82500 19.25000 -0.10000
v 0.44000 0.40000 0.45000
v 0.44000 0.40000 1.55000
v 0.42828 0.42828 0.45000
v 0.42828 0.42828 1.55000
v 0.40000 0.44000 0.45000
v 0.40000 0.44000 1.55000
v 0.37172 0.42828 0.45000
v 0.37172 0.42828 1.55000
v 0.36000 0.40000 0.45000
v 0.36000 0.40000 1.55000
v 0.37172 0.37172 0.45000
v 0.37172 0.37172 1.55000
v 0.40000 0.36000 0.45000
v 0.40000 0.36000 1.55000
v 0.42828 0.37172 0.45000
v 0.42828 0.37172 1.55000
v 0.40000 0.40000 0.45000
v 0.40000 0.40000 1.55000
v 2.50316 0.40000 0.45000
v 2.50316 0.40000 1.55000
v 2.49144 0.42828 0.45000
v 2.49144 0.42828 1.55000
v 2.46316 0.44000 0.45000
v 2.46316 0.44000 1.55000
v 2.43487 0.42828 0.45000
v 2.43487 0.42828 1.55000
v 2.42316 0.40000 0.45000
v 2.42316 0.40000 1.55000
v 2.43487 0.37172 0.45000
v 2.43487 0.37172 1.55000
v 2.46316 0.36000 0.45000
v 2.46316 0.36000 1.55000
v 2.49144 0.37172 0.45000
v 2.49144 0.37172 1.55000
v 2.46316 0.40000 0.45000
v 2.46316 0.40000 1.55000
v 4.56632 0.40000 0.45000
v 4.56632 0.40000 1.55000
v 4.55460 0.42828 0.45000
v 4.55460 0.42828 1.55000
v 4.52632 0.44000 0.45000
v 4.52632 0.44000 1.55000
v 4.49803 0.42828 0.45000
v 4.49803 0.42828 1.55000
v 4.48632 0.40000 0.45000
v 4.48632 0.40000 1.55000
v 4.49803 0.37172 0.45000
v 4.49803 0.37172 1.55000
v 4.52632 0.36000 0.45000
v 4.52632 0.36000 1.55000
v 4.55460 0.37172 0.45000
v 4.55460 0.37172 1.55000
v 4.52632 0.40000 0.45000
v 4.52632 0.40000 1.55000
v 6.62947 0.40000 0.45000
v 6.62947 0.40000 1.55000
v 6.61776 0.42828 0.45000
v 6.61776 0.42828 1.55000
v 6.58947 0.44000 0.45000
v 6.58947 0.44000 1.55000
v 6.56119 0.42828 0.45000
v 6.56119 0.42828 1.55000
v 6.54947 0.40000 0.45000
v 6.54947 0.40000 1.55000
v 6.56119 0.37172 0.45000
v 6.56119 0.37172 1.55000
v 6.58947 0.36000 0.45000
v 6.58947 0.36000 1.55000
v 6.61776 0.37172 0.45000
v 6.61776 0.37172 1.55000
v 6.58947 0.40000 0.45000
v 6.58947 0.40000 1.55000
v 8.69263 0.40000 0.45000
v 8.69263 0.40000 1.55000
v 8.68092 0.42828 0.45000
v 8.68092 0.42828 1.55000
v 8.65263 0.44000 0.45000
v 8.65263 0.44000 1.55000
v 8.62435 0.42828 0.45000
v 8.62435 0.42828 1.55000
v 8.61263 0.40000 0.45000
v 8.61263 0.40000 1.55000
v 8.62435 0.37172 0.45000
v 8.62435 0.37172 1.55000
v 8.65263 0.36000 0.45000
v 8.65263 0.36000 1.55000
v 8.68092 0.37172 0.45000
v 8.68092 0.37172 1.55000
v 8.65263 0.40000 0.45000
v 8.65263 0.40000 1.55000
v 10.75579 0.40000 0.45000
v 10.75579 0.40000 1.55000
v 10.74407 0.42828 0.45000
v 10.74407 0.42828 1.55000
v 10.71579 0.44000 0.45000
v 10.71579 0.44000 1.55000
v 10.68751 0.42828 0.45000
v 10.68751 0.42828 1.55000
v 10.67579 0.40000 0.45000
v 10.67579 0.40000 1.55000
v 10.68751 0.37172 0.45000
v 10.68751 0.37172 1.55000
v 10.71579 0.36000 0.45000
v 10.71579 0.36000 1.55000
v 10.74407 0.37172 0.45000
v 10.74407 0.37172 1.55000
v 10.71579 0.40000 0.45000
v 10.71579 0.40000 1.55000
v 12.81895 0.40000 0.45000
v 12.81895 0.40000 1.55000
v 12.80723 0.42828 0.45000
v 12.80723 0.42828 1.55000
v 12.77895 0.44000 0.45000
v 12.77895 0.44000 1.55000
v 12.75066 0.42828 0.45000
v 12.75066 0.42828 1.55000
v 12.73895 0.40000 0.45000
v 12.73895 0.40000 1.55000
v 12.75066 0.37172 0.45000
v 12.75066 0.37172 1.55000
v 12.77895 0.36000 0.45000
v 12.77895 0.36000 1.55000
v 12.80723 0.37172 0.45000
v 12.80723 0.37172 1.55000
v 12.77895 0.40000 0.45000
v 12.77895 0.40000 1.55000
v 14.88211 0.40000 0.45000
v 14.88211 0.40000 1.55000
v 14.87039 0.42828 0.45000
v 14.87039 0.42828 1.55000
v 14.84211 0.44000 0.45000
v 14.84211 0.44000 1.55000
v 14.81382 0.42828 0.45000
v 14.81382 0.42828 1.55000
v 14.80211 0.40000 0.45000
v 14.80211 0.40000 1.55000
v 14.81382 0.37172 0.45000
v 14.81382 0.37172 1.55000
v 14.84211 0.36000 0.45000
v 14.84211 0.36000 1.55000
v 14.87039 0.37172 0.45000
v 14.87039 0.37172 1.55000
v 14.84211 0.40000 0.45000
v 14.84211 0.40000 1.55000
v 16.94526 0.40000 0.45000
v 16.94526 0.40000 1.55000
v 16.93355 0.42828 0.45000
v 16.93355 0.42828 1.55000
v 16.90526 0.44000 0.45000
v 16.90526 0.44000 1.55000
v 16.87698 0.42828 0.45000
v 16.87698 0.42828 1.55000
v 16.86526 0.40000 0.45000
v 16.86526 0.40000 1.55000
v 16.87698 0.37172 0.45000
v 16.87698 0.37172 1.55000
v 16.90526 0.36000 0.45000
v 16.90526 0.36000 1.55000
v 16.93355 0.37172 0.45000
v 16.93355 0.37172 1.55000
v 16.90526 0.40000 0.45000
v 16.90526 0.40000 1.55000
v 19.00842 0.40000 0.45000
v 19.00842 0.40000 1.55000
v 18.99671 0.42828 0.45000
v 18.99671 0.42828 1.55000
v 18.96842 0.44000 0.45000
v 18.96842 0.44000 1.55000
v 18.94014 0.42828 0.45000
v 18.94014 0.42828 1.55000
v 18.92842 0.40000 0.45000
v 18.92842 0.40000 1.55000
v 18.94014 0.37172 0.45000
v 18.94014 0.37172 1.55000
v 18.96842 0.36000 0.45000
v 18.96842 0.36000 1.55000
v 18.99671 0.37172 0.45000
v 18.99671 0.37172 1.55000
v 18.96842 0.40000 0.45000
v 18.96842 0.40000 1.55000
v 21.07158 0.40000 0.45000
v 21.07158 0.40000 1.55000
v 21.05986 0.42828 0.45000
v 21.05986 0.42828 1.55000
v 21.03158 0.44000 0.45000
v 21.03158 0.44000 1.55000
v 21.00329 0.42828 0.45000
v 21.00329 0.42828 1.55000
v 20.99158 0.40000 0.45000
v 20.99158 0.40000 1.55000
v 21.00329 0.37172 0.45000
v 21.00329 0.37172 1.55000
v 21.03158 0.36000 0.45000
v 21.03158 0.36000 1.55000
v 21.05986 0.37172 0.45000
v 21.05986 0.37172 1.55000
v 21.03158 0.40000 0.45000
v 21.03158 0.40000 1.55000
v 23.13474 0.40000 0.45000
v 23.13474 0.40000 1.55000
v 23.12302 0.42828 0.45000
v 23.12302 0.42828 1.55000
v 23.09474 0.44000 0.45000
v 23.09474 0.44000 1.55000
v 23.06645 0.42828 0.45000
v 23.06645 0.42828 1.55000
v 23.05474 0.40000 0.45000
v 23.05474 0.40000 1.55000
v 23.06645 0.37172 0.45000
v 23.06645 0.37172 1.55000
v 23.09474 0.36000 0.45000
v 23.09474 0.36000 1.55000
v 23.12302 0.37172 0.45000
v 23.12302 0.37172 1.55000
v 23.09474 0.40000 0.45000
v 23.09474 0.40000 1.55000
v 25.19789 0.40000 0.45000
v 25.19789 0.40000 1.55000
v 25.18618 0.42828 0.45000
v 25.18618 0.42828 1.55000
v 25.15789 0.44000 0.45000
v 25.15789 0.44000 1.55000
v 25.12961 0.42828 0.45000
v 25.12961 0.42828 1.55000
v 25.11789 0.40000 0.45000
v 25.11789 0.40000 1.55000
v 25.12961 0.37172 0.45000
v 25.12961 0.37172 1.55000
v 25.15789 0.36000 0.45000
v 25.15789 0.36000 1.55000
v 25.18618 0.37172 0.45000
v 25.18618 0.37172 1.55000
v 25.15789 0.40000 0.45000
v 25.15789 0.40000 1.55000
v 27.26105 0.40000 0.45000
v 27.26105 0.40000 1.55000
v 27.24934 0.42828 0.45000
v 27.24934 0.42828 1.55000
v 27.22105 0.44000 0.45000
v 27.22105 0.44000 1.55000
v 27.19277 0.42828 0.45000
v 27.19277 0.42828 1.55000
v 27.18105 0.40000 0.45000
v 27.18105 0.40000 1.55000
v 27.19277 0.37172 0.45000
v 27.19277 0.37172 1.55000
v 27.22105 0.36000 0.45000
v 27.22105 0.36000 1.55000
v 27.24934 0.37172 0.45000
v 27.24934 0.37172 1.55000
v 27.22105 0.40000 0.45000
v 27.22105 0.40000 1.55000
v 29.32421 0.40000 0.45000
v 29.32421 0.40000 1.55000
v 29.31249 0.42828 0.45000
v 29.31249 0.42828 1.55000
v 29.28421 0.44000 0.45000
v 29.28421 0.44000 1.55000
v 29.25593 0.42828 0.45000
v 29.25593 0.42828 1.55000
v 29.24421 0.40000 0.45000
v 29.24421 0.40000 1.55000
v 29.25593 0.37172 0.45000
v 29.25593 0.37172 1.55000
v 29.28421 0.36000 0.45000
v 29.28421 0.36000 1.55000
v 29.31249 0.37172 0.45000
v 29.31249 0.37172 1.55000
v 29.28421 0.40000 0.45000
v 29.28421 0.40000 1.55000
v 31.38737 0.40000 0.45000
v 31.38737 0.40000 1.55000
v 31.37565 0.42828 0.45000
v 31.37565 0.42828 1.55000
v 31.34737 0.44000 0.45000
v 31.34737 0.44000 1.55000
v 31.31908 0.42828 0.45000
v 31.31908 0.42828 1.55000
v 31.30737 0.40000 0.45000
v 31.30737 0.40000 1.55000
v 31.31908 0.37172 0.45000
v 31.31908 0.37172 1.55000
v 31.34737 0.36000 0.45000
v 31.34737 0.36000 1.55000
v 31.37565 0.37172 0.45000
v 31.37565 0.37172 1.55000
v 31.34737 0.40000 0.45000
v 31.34737 0.40000 1.55000
v 33.45053 0.40000 0.45000
v 33.45053 0.40000 1.55000
v 33.43881 0.42828 0.45000
v 33.43881 0.42828 1.55000
v 33.41053 0.44000 0.45000
v 33.41053 0.44000 1.55000
v 33.38224 0.42828 0.45000
v 33.38224 0.42828 1.55000
v 33.37053 0.40000 0.45000
v 33.37053 0.40000 1.55000
v 33.38224 0.37172 0.45000
v 33.38224 0.37172 1.55000
v 33.41053 0.36000 0.45000
v 33.41053 0.36000 1.55000
v 33.43881 0.37172 0.45000
v 33.43881 0.37172 1.55000
v 33.41053 0.40000 0.45000
v 33.41053 0.40000 1.55000
v 35.51368 0.40000 0.45000
v 35.51368 0.40000 1.55000
v 35.50197 0.42828 0.45000
v 35.50197 0.42828 1.55000
v 35.47368 0.44000 0.45000
v 35.47368 0.44000 1.55000
v 35.44540 0.42828 0.45000
v 35.44540 0.42828 1.55000
v 35.43368 0.40000 0.45000
v 35.43368 0.40000 1.55000
v 35.44540 0.37172 0.45000
v 35.44540 0.37172 1.55000
v 35.47368 0.36000 0.45000
v 35.47368 0.36000 1.55000
v 35.50197 0.37172 0.45000
v 35.50197 0.37172 1.55000
v 35.47368 0.40000 0.45000
v 35.47368 0.40000 1.55000
v 37.57684 0.40000 0.45000
v 37.57684 0.40000 1.55000
v 37.56513 0.42828 0.45000
v 37.56513 0.42828 1.55000
v 37.53684 0.44000 0.45000
v 37.53684 0.44000 1.55000
v 37.50856 0.42828 0.45000
v 37.50856 0.42828 1.55000
v 37.49684 0.40000 0.45000
v 37.49684 0.40000 1.55000
v 37.50856 0.37172 0.45000
v 37.50856 0.37172 1.55000
v 37.53684 0.36000 0.45000
v 37.53684 0.36000 1.55000
v 37.56513 0.37172 0.45000
v 37.56513 0.37172 1.55000
v 37.53684 0.40000 0.45000
v 37.53684 0.40000 1.55000
v 39.64000 0.40000 0.45000
v 39.64000 0.40000 1.55000
v 39.62828 0.42828 0.45000
v 39.62828 0.42828 1.55000
v 39.60000 0.44000 0.45000
v 39.60000 0.44000 1.55000
v 39.57172 0.42828 0.45000
v 39.57172 0.42828 1.55000
v 39.56000 0.40000 0.45000
v 39.56000 0.40000 1.55000
v 39.57172 0.37172 0.45000
v 39.57172 0.37172 1.55000
v 39.60000 0.36000 0.45000
v 39.60000 0.36000 1.55000
v 39.62828 0.37172 0.45000
v 39.62828 0.37172 1.55000
v 39.60000 0.40000 0.45000
v 39.60000 0.40000 1.55000
v 0.40000 0.43500 1.55000
v 39.60000 0.43500 1.55000
v 0.40000 0.42475 1.57475
v 39.60000 0.42475 1.57475
v 0.40000 0.40000 1.58500
v 39.60000 0.40000 1.58500
v 0.40000 0.37525 1.57475
v 39.60000 0.37525 1.57475
v 0.40000 0.36500 1.55000
v 39.60000 0.36500 1.55000
v 0.40000 0.37525 1.52525
v 39.60000 0.37525 1.52525
v 0.40000 0.40000 1.51500
v 39.60000 0.40000 1.51500
v 0.40000 0.42475 1.52525
v 39.60000 0.42475 1.52525
v 0.40000 0.40000 1.55000
v 39.60000 0.40000 1.55000
v 0.40000 0.43500 1.05500
v 39.60000 0.43500 1.05500
v 0.40000 0.42475 1.07975
v 39.60000 0.42475 1.07975
v 0.40000 0.40000 1.09000
v 39.60000 0.40000 1.09000
v 0.40000 0.37525 1.07975
v 39.60000 0.37525 1.07975
v 0.40000 0.36500 1.05500
v 39.60000 0.36500 1.05500
v 0.40000 0.37525 1.03025
v 39.60000 0.37525 1.03025
v 0.40000 0.40000 1.02000
v 39.60000 0.40000 1.02000
v 0.40000 0.42475 1.03025
v 39.60000 0.42475 1.03025
v 0.40000 0.40000 1.05500
v 39.60000 0.40000 1.05500
v 0.44000 19.60000 0.45000
v 0.44000 19.60000 1.55000
v 0.42828 19.62828 0.45000
v 0.42828 19.62828 1.55000
v 0.40000 19.64000 0.45000
v 0.40000 19.64000 1.55000
v 0.37172 19.62828 0.45000
v 0.37172 19.62828 1.55000
v 0.36000 19.60000 0.45000
v 0.36000 19.60000 1.55000
v 0.37172 19.57172 0.45000
v 0.37172 19.57172 1.55000
v 0.40000 19.56000 0.45000
v 0.40000 19.56000 1.55000
v 0.42828 19.57172 0.45000
v 0.42828 19.57172 1.55000
v 0.40000 19.60000 0.45000
v 0.40000 19.60000 1.55000
v 2.50316 19.60000 0.45000
v 2.50316 19.60000 1.55000
v 2.49144 19.62828 0.45000
v 2.49144 19.62828 1.55000
v 2.46316 19.64000 0.45000
v 2.46316 19.64000 1.55000
v 2.43487 19.62828 0.45000
v 2.43487 19.62828 1.55000
v 2.42316 19.60000 0.45000
v 2.42316 19.60000 1.55000
v 2.43487 19.57172 0.45000
v 2.43487 19.57172 1.55000
v 2.46316 19.56000 0.45000
v 2.46316 19.56000 1.55000
v 2.49144 19.57172 0.45000
v 2.49144 19.57172 1.55000
v 2.46316 19.60000 0.45000
v 2.46316 19.60000 1.55000
v 4.56632 19.60000 0.45000
v 4.56632 19.60000 1.55000
v 4.55460 19.62828 0.45000
v 4.55460 19.62828 1.55000
v 4.52632 19.64000 0.45000
v 4.52632 19.64000 1.55000
v 4.49803 19.62828 0.45000
v 4.49803 19.62828 1.55000
v 4.48632 19.60000 0.45000
v 4.48632 19.60000 1.55000
v 4.49803 19.57172 0.45000
v 4.49803 19.57172 1.55000
v 4.52632 19.56000 0.45000
v 4.52632 19.56000 1.55000
v 4.55460 19.57172 0.45000
v 4.55460 19.57172 1.55000
v 4.52632 19.60000 0.45000
v 4.52632 19.60000 1.55000
v 6.62947 19.60000 0.45000
v 6.62947 19.60000 1.55000
v 6.61776 19.62828 0.45000
v 6.61776 19.62828 1.55000
v 6.58947 19.64000 0.45000
v 6.58947 19.64000 1.55000
v 6.56119 19.62828 0.45000
v 6.56119 19.62828 1.55000
v 6.54947 19.60000 0.45000
v 6.54947 19.60000 1.55000
v 6.56119 19.57172 0.45000
v 6.56119 19.57172 1.55000
v 6.58947 19.56000 0.45000
v 6.58947 19.56000 1.55000
v 6.61776 19.57172 0.45000
v 6.61776 19.57172 1.55000
v 6.58947 19.60000 0.45000
v 6.58947 19.60000 1.55000
v 8.69263 19.60000 0.45000
v 8.69263 19.60000 1.55000
v 8.68092 19.62828 0.45000
v 8.68092 19.62828 1.55000
v 8.65263 19.64000 0.45000
v 8.65263 19.64000 1.55000
v 8.62435 19.62828 0.45000
v 8.62435 19.62828 1.55000
v 8.61263 19.60000 0.45000
v 8.61263 19.60000 1.55000
v 8.62435 19.57172 0.45000
v 8.62435 19.57172 1.55000
v 8.65263 19.56000 0.45000
v 8.65263 19.56000 1.55000
v 8.68092 19.57172 0.45000
v 8.68092 19.57172 1.55000
v 8.65263 19.60000 0.45000
v 8.65263 19.60000 1.55000
v 10.75579 19.60000 0.45000
v 10.75579 19.60000 1.55000
v 10.74407 19.62828 0.45000
v 10.74407 19.62828 1.55000
v 10.71579 19.64000 0.45000
v 10.71579 19.64000 1.55000
v 10.68751 19.62828 0.45000
v 10.68751 19.62828 1.55000
v 10.67579 19.60000 0.45000
v 10.67579 19.60000 1.55000
v 10.68751 19.57172 0.45000
v 10.68751 19.57172 1.55000
v 10.71579 19.56000 0.45000
v 10.71579 19.56000 1.55000
v 10.74407 19.57172 0.45000
v 10.74407 19.57172 1.55000
v 10.71579 19.60000 0.45000
v 10.71579 19.60000 1.55000
v 12.81895 19.60000 0.45000
v 12.81895 19.60000 1.55000
v 12.80723 19.62828 0.45000
v 12.80723 19.62828 1.55000
v 12.77895 19.64000 0.45000
v 12.77895 19.64000 1.55000
v 12.75066 19.62828 0.45000
v 12.75066 19.62828 1.55000
v 12.73895 19.60000 0.45000
v 12.73895 19.60000 1.55000
v 12.75066 19.57172 0.45000
v 12.75066 19.57172 1.55000
v 12.77895 19.56000 0.45000
v 12.77895 19.56000 1.55000
v 12.80723 19.57172 0.45000
v 12.80723 19.57172 1.55000
v 12.77895 19.60000 0.45000
v 12.77895 19.60000 1.55000
v 14.88211 19.60000 0.45000
v 14.88211 19.60000 1.55000
v 14.87039 19.62828 0.45000
v 14.87039 19.62828 1.55000
v 14.84211 19.64000 0.45000
v 14.84211 19.64000 1.55000
v 14.81382 19.62828 0.45000
v 14.81382 19.62828 1.55000
v 14.80211 19.60000 0.45000
v 14.80211 19.60000 1.55000
v 14.81382 19.57172 0.45000
v 14.81382 19.57172 1.55000
v 14.84211 19.56000 0.45000
v 14.84211 19.56000 1.55000
v 14.87039 19.57172 0.45000
v 14.87039 19.57172 1.55000
v 14.84211 19.60000 0.45000
v 14.84211 19.60000 1.55000
v 16.94526 19.60000 0.45000
v 16.94526 19.60000 1.55000
v 16.93355 19.62828 0.45000
v 16.93355 19.62828 1.55000
v 16.90526 19.64000 0.45000
v 16.90526 19.64000 1.55000
v 16.87698 19.62828 0.45000
v 16.87698 19.62828 1.55000
v 16.86526 19.60000 0.45000
v 16.86526 19.60000 1.55000
v 16.87698 19.57172 0.45000
v 16.87698 19.57172 1.55000
v 16.90526 19.56000 0.45000
v 16.90526 19.56000 1.55000
v 16.93355 19.57172 0.45000
v 16.93355 19.57172 1.55000
v 16.90526 19.60000 0.45000
v 16.90526 19.60000 1.55000
v 19.00842 19.60000 0.45000
v 19.00842 19.60000 1.55000
v 18.99671 19.62828 0.45000
v 18.99671 19.62828 1.55000
v 18.96842 19.64000 0.45000
v 18.96842 19.64000 1.55000
v 18.94014 19.62828 0.45000
v 18.94014 19.62828 1.55000
v 18.92842 19.60000 0.45000
v 18.92842 19.60000 1.55000
v 18.94014 19.57172 0.45000
v 18.94014 19.57172 1.55000
v 18.96842 19.56000 0.45000
v 18.96842 19.56000 1.55000
v 18.99671 19.57172 0.45000
v 18.99671 19.57172 1.55000
v 18.96842 19.60000 0.45000
v 18.96842 19.60000 1.55000
v 21.07158 19.60000 0.45000
v 21.07158 19.60000 1.55000
v 21.05986 19.62828 0.45000
v 21.05986 19.62828 1.55000
v 21.03158 19.64000 0.45000
v 21.03158 19.64000 1.55000
v 21.00329 19.62828 0.45000
v 21.00329 19.62828 1.55000
v 20.99158 19.60000 0.45000
v 20.99158 19.60000 1.55000
v 21.00329 19.57172 0.45000
v 21.00329 19.57172 1.55000
v 21.03158 19.56000 0.45000
v 21.03158 19.56000 1.55000
v 21.05986 19.57172 0.45000
v 21.05986 19.57172 1.55000
v 21.03158 19.60000 0.45000
v 21.03158 19.60000 1.55000
v 23.13474 19.60000 0.45000
v 23.13474 19.60000 1.55000
v 23.12302 19.62828 0.45000
v 23.12302 19.62828 1.55000
v 23.09474 19.64000 0.45000
v 23.09474 19.64000 1.55000
v 23.06645 19.62828 0.45000
v 23.06645 19.62828 1.55000
v 23.05474 19.60000 0.45000
v 23.05474 19.60000 1.55000
v 23.06645 19.57172 0.45000
v 23.06645 19.57172 1.55000
v 23.09474 19.56000 0.45000
v 23.09474 19.56000 1.55000
v 23.12302 19.57172 0.45000
v 23.12302 19.57172 1.55000
v 23.09474 19.60000 0.45000
v 23.09474 19.60000 1.55000
v 25.19789 19.60000 0.45000
v 25.19789 19.60000 1.55000
v 25.18618 19.62828 0.45000
v 25.18618 19.62828 1.55000
v 25.15789 19.64000 0.45000
v 25.15789 19.64000 1.55000
v 25.12961 19.62828 0.45000
v 25.12961 19.62828 1.55000
v 25.11789 19.60000 0.45000
v 25.11789 19.60000 1.55000
v 25.12961 19.57172 0.45000
v 25.12961 19.57172 1.55000
v 25.15789 19.56000 0.45000
v 25.15789 19.56000 1.55000
v 25.18618 19.57172 0.45000
v 25.18618 19.57172 1.55000
v 25.15789 19.60000 0.45000
v 25.15789 19.60000 1.55000
v 27.26105 19.60000 0.45000
v 27.26105 19.60000 1.55000
v 27.24934 19.62828 0.45000
v 27.24934 19.62828 1.55000
v 27.22105 19.64000 0.45000
v 27.22105 19.64000 1.55000
v 27.19277 19.62828 0.45000
v 27.19277 19.62828 1.55000
v 27.18105 19.60000 0.45000
v 27.18105 19.60000 1.55000
v 27.19277 19.57172 0.45000
v 27.19277 19.57172 1.55000
v 27.22105 19.56000 0.45000
v 27.22105 19.56000 1.55000
v 27.24934 19.57172 0.45000
v 27.24934 19.57172 1.55000
v 27.22105 19.60000 0.45000
v 27.22105 19.60000 1.55000
v 29.32421 19.60000 0.45000
v 29.32421 19.60000 1.55000
v 29.31249 19.62828 0.45000
v 29.31249 19.62828 1.55000
v 29.28421 19.64000 0.45000
v 29.28421 19.64000 1.55000
v 29.25593 19.62828 0.45000
v 29.25593 19.62828 1.55000
v 29.24421 19.60000 0.45000
v 29.24421 19.60000 1.55000
v 29.25593 19.57172 0.45000
v 29.25593 19.57172 1.55000
v 29.28421 19.56000 0.45000
v 29.28421 19.56000 1.55000
v 29.31249 19.57172 0.45000
v 29.31249 19.57172 1.55000
v 29.28421 19.60000 0.45000
v 29.28421 19.60000 1.55000
v 31.38737 19.60000 0.45000
v 31.38737 19.60000 1.55000
v 31.37565 19.62828 0.45000
v 31.37565 19.62828 1.55000
v 31.34737 19.64000 0.45000
v 31.34737 19.64000 1.55000
v 31.31908 19.62828 0.45000
v 31.31908 19.62828 1.55000
v 31.30737 19.60000 0.45000
v 31.30737 19.60000 1.55000
v 31.31908 19.57172 0.45000
v 31.31908 19.57172 1.55000
v 31.34737 19.56000 0.45000
v 31.34737 19.56000 1.55000
v 31.37565 19.57172 0.45000
v 31.37565 19.57172 1.55000
v 31.34737 19.60000 0.45000
v 31.34737 19.60000 1.55000
v 33.45053 19.60000 0.45000
v 33.45053 19.60000 1.55000
v 33.43881 19.62828 0.45000
v 33.43881 19.62828 1.55000
v 33.41053 19.64000 0.45000
v 33.41053 19.64000 1.55000
v 33.38224 19.62828 0.45000
v 33.38224 19.62828 1.55000
v 33.37053 19.60000 0.45000
v 33.37053 19.60000 1.55000
v 33.38224 19.57172 0.45000
v 33.38224 19.57172 1.55000
v 33.41053 19.56000 0.45000
v 33.41053 19.56000 1.55000
v 33.43881 19.57172 0.45000
v 33.43881 19.57172 1.55000
v 33.41053 19.60000 0.45000
v 33.41053 19.60000 1.55000
v 35.51368 19.60000 0.45000
v 35.51368 19.60000 1.55000
v 35.50197 19.62828 0.45000
v 35.50197 19.62828 1.55000
v 35.47368 19.64000 0.45000
v 35.47368 19.64000 1.55000
v 35.44540 19.62828 0.45000
v 35.44540 19.62828 1.55000
v 35.43368 19.60000 0.45000
v 35.43368 19.60000 1.55000
v 35.44540 19.57172 0.45000
v 35.44540 19.57172 1.55000
v 35.47368 19.56000 0.45000
v 35.47368 19.56000 1.55000
v 35.50197 19.57172 0.45000
v 35.50197 19.57172 1.55000
v 35.47368 19.60000 0.45000
v 35.47368 19.60000 1.55000
v 37.57684 19.60000 0.45000
v 37.57684 19.60000 1.55000
v 37.56513 19.62828 0.45000
v 37.56513 19.62828 1.55000
v 37.53684 19.64000 0.45000
v 37.53684 19.64000 1.55000
v 37.50856 19.62828 0.45000
v 37.50856 19.62828 1.55000
v 37.49684 19.60000 0.45000
v 37.49684 19.60000 1.55000
v 37.50856 19.57172 0.45000
v 37.50856 19.57172 1.55000
v 37.53684 19.56000 0.45000
v 37.53684 19.56000 1.55000
v 37.56513 19.57172 0.45000
v 37.56513 19.57172 1.55000
v 37.53684 19.60000 0.45000
v 37.53684 19.60000 1.55000
v 39.64000 19.60000 0.45000
v 39.64000 19.60000 1.55000
v 39.62828 19.62828 0.45000
v 39.62828 19.62828 1.55000
v 39.60000 19.64000 0.45000
v 39.60000 19.64000 1.55000
v 39.57172 19.62828 0.45000
v 39.57172 19.62828 1.55000
v 39.56000 19.60000 0.45000
v 39.56000 19.60000 1.55000
v 39.57172 19.57172 0.45000
v 39.57172 19.57172 1.55000
v 39.60000 19.56000 0.45000
v 39.60000 19.56000 1.55000
v 39.62828 19.57172 0.45000
v 39.62828 19.57172 1.55000
v 39.60000 19.60000 0.45000
v 39.60000 19.60000 1.55000
v 0.40000 19.63500 1.55000
v 39.60000 19.63500 1.55000
v 0.40000 19.62475 1.57475
v 39.60000 19.62475 1.57475
v 0.40000 19.60000 1.58500
v 39.60000 19.60000 1.58500
v 0.40000 19.57525 1.57475
v 39.60000 19.57525 1.57475
v 0.40000 19.56500 1.55000
v 39.60000 19.56500 1.55000
v 0.40000 19.57525 1.52525
v 39.60000 19.57525 1.52525
v 0.40000 19.60000 1.51500
v 39.60000 19.60000 1.51500
v 0.40000 19.62475 1.52525
v 39.60000 19.62475 1.52525
v 0.40000 19.60000 1.55000
v 39.60000 19.60000 1.55000
v 0.40000 19.63500 1.05500
v 39.60000 19.63500 1.05500
v 0.40000 19.62475 1.07975
v 39.60000 19.62475 1.07975
v 0.40000 19.60000 1.09000
v 39.60000 19.60000 1.09000
v 0.40000 19.57525 1.07975
v 39.60000 19.57525 1.07975
v 0.40000 19.56500 1.05500
v 39.60000 19.56500 1.05500
v 0.40000 19.57525 1.03025
v 39.60000 19.57525 1.03025
v 0.40000 19.60000 1.02000
v 39.60000 19.60000 1.02000
v 0.40000 19.62475 1.03025
v 39.60000 19.62475 1.03025
v 0.40000 19.60000 1.05500
v 39.60000 19.60000 1.05500
v 0.44000 0.40000 0.45000
v 0.44000 0.40000 1.55000
v 0.42828 0.42828 0.45000
v 0.42828 0.42828 1.55000
v 0.40000 0.44000 0.45000
v 0.40000 0.44000 1.55000
v 0.37172 0.42828 0.45000
v 0.37172 0.42828 1.55000
v 0.36000 0.40000 0.45000
v 0.36000 0.40000 1.55000
v 0.37172 0.37172 0.45000
v 0.37172 0.37172 1.55000
v 0.40000 0.36000 0.45000
v 0.40000 0.36000 1.55000
v 0.42828 0.37172 0.45000
v 0.42828 0.37172 1.55000
v 0.40000 0.40000 0.45000
v 0.40000 0.40000 1.55000
v 0.44000 2.53333 0.45000
v 0.44000 2.53333 1.55000
v 0.42828 2.56162 0.45000
v 0.42828 2.56162 1.55000
v 0.40000 2.57333 0.45000
v 0.40000 2.57333 1.55000
v 0.37172 2.56162 0.45000
v 0.37172 2.56162 1.55000
v 0.36000 2.53333 0.45000
v 0.36000 2.53333 1.55000
v 0.37172 2.50505 0.45000
v 0.37172 2.50505 1.55000
v 0.40000 2.49333 0.45000
v 0.40000 2.49333 1.55000
v 0.42828 2.50505 0.45000
v 0.42828 2.50505 1.55000
v 0.40000 2.53333 0.45000
v 0.40000 2.53333 1.55000
v 0.44000 4.66667 0.45000
v 0.44000 4.66667 1.55000
v 0.42828 4.69495 0.45000
v 0.42828 4.69495 1.55000
v 0.40000 4.70667 0.45000
v 0.40000 4.70667 1.55000
v 0.37172 4.69495 0.45000
v 0.37172 4.69495 1.55000
v 0.36000 4.66667 0.45000
v 0.36000 4.66667 1.55000
v 0.37172 4.63838 0.45000
v 0.37172 4.63838 1.55000
v 0.40000 4.62667 0.45000
v 0.40000 4.62667 1.55000
v 0.42828 4.63838 0.45000
v 0.42828 4.63838 1.55000
v 0.40000 4.66667 0.45000
v 0.40000 4.66667 1.55000
v 0.44000 6.80000 0.45000
v 0.44000 6.80000 1.55000
v 0.42828 6.82828 0.45000
v 0.42828 6.82828 1.55000
v 0.40000 6.84000 0.45000
v 0.40000 6.84000 1.55000
v 0.37172 6.82828 0.45000
v 0.37172 6.82828 1.55000
v 0.36000 6.80000 0.45000
v 0.36000 6.80000 1.55000
v 0.37172 6.77172 0.45000
v 0.37172 6.77172 1.55000
v 0.40000 6.76000 0.45000
v 0.40000 6.76000 1.55000
v 0.42828 6.77172 0.45000
v 0.42828 6.77172 1.55000
v 0.40000 6.80000 0.45000
v 0.40000 6.80000 1.55000
v 0.44000 8.93333 0.45000
v 0.44000 8.93333 1.55000
v 0.42828 8.96162 0.45000
v 0.42828 8.96162 1.55000
v 0.40000 8.97333 0.45000
v 0.40000 8.97333 1.55000
v 0.37172 8.96162 0.45000
v 0.37172 8.96162 1.55000
v 0.36000 8.93333 0.45000
v 0.36000 8.93333 1.55000
v 0.37172 8.90505 0.45000
v 0.37172 8.90505 1.55000
v 0.40000 8.89333 0.45000
v 0.40000 8.89333 1.55000
v 0.42828 8.90505 0.45000
v 0.42828 8.90505 1.55000
v 0.40000 8.93333 0.45000
v 0.40000 8.93333 1.55000
v 0.44000 11.06667 0.45000
v 0.44000 11.06667 1.55000
v 0.42828 11.09495 0.45000
v 0.42828 11.09495 1.55000
v 0.40000 11.10667 0.45000
v 0.40000 11.10667 1.55000
v 0.37172 11.09495 0.45000
v 0.37172 11.09495 1.55000
v 0.36000 11.06667 0.45000
v 0.36000 11.06667 1.55000
v 0.37172 11.03838 0.45000
v 0.37172 11.03838 1.55000
v 0.40000 11.02667 0.45000
v 0.40000 11.02667 1.55000
v 0.42828 11.03838 0.45000
v 0.42828 11.03838 1.55000
v 0.40000 11.06667 0.45000
v 0.40000 11.06667 1.55000
v 0.44000 13.20000 0.45000
v 0.44000 13.20000 1.55000
v 0.42828 13.22828 0.45000
v 0.42828 13.22828 1.55000
v 0.40000 13.24000 0.45000
v 0.40000 13.24000 1.55000
v 0.37172 13.22828 0.45000
v 0.37172 13.22828 1.55000
v 0.36000 13.20000 0.45000
v 0.36000 13.20000 1.55000
v 0.37172 13.17172 0.45000
v 0.37172 13.17172 1.55000
v 0.40000 13.16000 0.45000
v 0.40000 13.16000 1.55000
v 0.42828 13.17172 0.45000
v 0.42828 13.17172 1.55000
v 0.40000 13.20000 0.45000
v 0.40000 13.20000 1.55000
v 0.44000 15.33333 0.45000
v 0.44000 15.33333 1.55000
v 0.42828 15.36162 0.45000
v 0.42828 15.36162 1.55000
v 0.40000 15.37333 0.45000
v 0.40000 15.37333 1.55000
v 0.37172 15.36162 0.45000
v 0.37172 15.36162 1.55000
v 0.36000 15.33333 0.45000
v 0.36000 15.33333 1.55000
v 0.37172 15.30505 0.45000
v 0.37172 15.30505 1.55000
v 0.40000 15.29333 0.45000
v 0.40000 15.29333 1.55000
v 0.42828 15.30505 0.45000
v 0.42828 15.30505 1.55000
v 0.40000 15.33333 0.45000
v 0.40000 15.33333 1.55000
v 0.44000 17.46667 0.45000
v 0.44000 17.46667 1.55000
v 0.42828 17.49495 0.45000
v 0.42828 17.49495 1.55000
v 0.40000 17.50667 0.45000
v 0.40000 17.50667 1.55000
v 0.37172 17.49495 0.45000
v 0.37172 17.49495 1.55000
v 0.36000 17.46667 0.45000
v 0.36000 17.46667 1.55000
v 0.37172 17.43838 0.45000
v 0.37172 17.43838 1.55000
v 0.40000 17.42667 0.45000
v 0.40000 17.42667 1.55000
v 0.42828 17.43838 0.45000
v 0.42828 17.43838 1.55000
v 0.40000 17.46667 0.45000
v 0.40000 17.46667 1.55000
v 0.44000 19.60000 0.45000
v 0.44000 19.60000 1.55000
v 0.42828 19.62828 0.45000
v 0.42828 19.62828 1.55000
v 0.40000 19.64000 0.45000
v 0.40000 19.64000 1.55000
v 0.37172 19.62828 0.45000
v 0.37172 19.62828 1.55000
v 0.36000 19.60000 0.45000
v 0.36000 19.60000 1.55000
v 0.37172 19.57172 0.45000
v 0.37172 19.57172 1.55000
v 0.40000 19.56000 0.45000
v 0.40000 19.56000 1.55000
v 0.42828 19.57172 0.45000
v 0.42828 19.57172 1.55000
v 0.40000 19.60000 0.45000
v 0.40000 19.60000 1.55000
v 0.43500 0.40000 1.55000
v 0.43500 19.60000 1.55000
v 0.42475 0.40000 1.57475
v 0.42475 19.60000 1.57475
v 0.40000 0.40000 1.58500
v 0.40000 19.60000 1.58500
v 0.37525 0.40000 1.57475
v 0.37525 19.60000 1.57475
v 0.36500 0.40000 1.55000
v 0.36500 19.60000 1.55000
v 0.37525 0.40000 1.52525
v 0.37525 19.60000 1.52525
v 0.40000 0.40000 1.51500
v 0.40000 19.60000 1.51500
v 0.42475 0.40000 1.52525
v 0.42475 19.60000 1.52525
v 0.40000 0.40000 1.55000
v 0.40000 19.60000 1.55000
v 0.43500 0.40000 1.05500
v 0.43500 19.60000 1.05500
v 0.42475 0.40000 1.07975
v 0.42475 19.60000 1.07975
v 0.40000 0.40000 1.09000
v 0.40000 19.60000 1.09000
v 0.37525 0.40000 1.07975
v 0.37525 19.60000 1.07975
v 0.36500 0.40000 1.05500
v 0.36500 19.60000 1.05500
v 0.37525 0.40000 1.03025
v 0.37525 19.60000 1.03025
v 0.40000 0.40000 1.02000
v 0.40000 19.60000 1.02000
v 0.42475 0.40000 1.03025
v 0.42475 19.60000 1.03025
v 0.40000 0.40000 1.05500
v 0.40000 19.60000 1.05500
v 39.64000 0.40000 0.45000
v 39.64000 0.40000 1.55000
v 39.62828 0.42828 0.45000
v 39.62828 0.42828 1.55000
v 39.60000 0.44000 0.45000
v 39.60000 0.44000 1.55000
v 39.57172 0.42828 0.45000
v 39.57172 0.42828 1.55000
v 39.56000 0.40000 0.45000
v 39.56000 0.40000 1.55000
v 39.57172 0.37172 0.45000
v 39.57172 0.37172 1.55000
v 39.60000 0.36000 0.45000
v 39.60000 0.36000 1.55000
v 39.62828 0.37172 0.45000
v 39.62828 0.37172 1.55000
v 39.60000 0.40000 0.45000
v 39.60000 0.40000 1.55000
v 39.64000 2.53333 0.45000
v 39.64000 2.53333 1.55000
v 39.62828 2.56162 0.45000
v 39.62828 2.56162 1.55000
v 39.60000 2.57333 0.45000
v 39.60000 2.57333 1.55000
v 39.57172 2.56162 0.45000
v 39.57172 2.56162 1.55000
v 39.56000 2.53333 0.45000
v 39.56000 2.53333 1.55000
v 39.57172 2.50505 0.45000
v 39.57172 2.50505 1.55000
v 39.60000 2.49333 0.45000
v 39.60000 2.49333 1.55000
v 39.62828 2.50505 0.45000
v 39.62828 2.50505 1.55000
v 39.60000 2.53333 0.45000
v 39.60000 2.53333 1.55000
v 39.64000 4.66667 0.45000
v 39.64000 4.66667 1.55000
v 39.62828 4.69495 0.45000
v 39.62828 4.69495 1.55000
v 39.60000 4.70667 0.45000
v 39.60000 4.70667 1.55000
v 39.57172 4.69495 0.45000
v 39.57172 4.69495 1.55000
v 39.56000 4.66667 0.45000
v 39.56000 4.66667 1.55000
v 39.57172 4.63838 0.45000
v 39.57172 4.63838 1.55000
v 39.60000 4.62667 0.45000
v 39.60000 4.62667 1.55000
v 39.62828 4.63838 0.45000
v 39.62828 4.63838 1.55000
v 39.60000 4.66667 0.45000
v 39.60000 4.66667 1.55000
v 39.64000 6.80000 0.45000
v 39.64000 6.80000 1.55000
v 39.62828 6.82828 0.45000
v 39.62828 6.82828 1.55000
v 39.60000 6.84000 0.45000
v 39.60000 6.84000 1.55000
v 39.57172 6.82828 0.45000
v 39.57172 6.82828 1.55000
v 39.56000 6.80000 0.45000
v 39.56000 6.80000 1.55000
v 39.57172 6.77172 0.45000
v 39.57172 6.77172 1.55000
v 39.60000 6.76000 0.45000
v 39.60000 6.76000 1.55000
v 39.62828 6.77172 0.45000
v 39.62828 6.77172 1.55000
v 39.60000 6.80000 0.45000
v 39.60000 6.80000 1.55000
v 39.64000 8.93333 0.45000
v 39.64000 8.93333 1.55000
v 39.62828 8.96162 0.45000
v 39.62828 8.96162 1.55000
v 39.60000 8.97333 0.45000
v 39.60000 8.97333 1.55000
v 39.57172 8.96162 0.45000
v 39.57172 8.96162 1.55000
v 39.56000 8.93333 0.45000
v 39.56000 8.93333 1.55000
v 39.57172 8.90505 0.45000
v 39.57172 8.90505 1.55000
v 39.60000 8.89333 0.45000
v 39.60000 8.89333 1.55000
v 39.62828 8.90505 0.45000
v 39.62828 8.90505 1.55000
v 39.60000 8.93333 0.45000
v 39.60000 8.93333 1.55000
v 39.64000 11.06667 0.45000
v 39.64000 11.06667 1.55000
v 39.62828 11.09495 0.45000
v 39.62828 11.09495 1.55000
v 39.60000 11.10667 0.45000
v 39.60000 11.10667 1.55000
v 39.57172 11.09495 0.45000
v 39.57172 11.09495 1.55000
v 39.56000 11.06667 0.45000
v 39.56000 11.06667 1.55000
v 39.57172 11.03838 0.45000
v 39.57172 11.03838 1.55000
v 39.60000 11.02667 0.45000
v 39.60000 11.02667 1.55000
v 39.62828 11.03838 0.45000
v 39.62828 11.03838 1.55000
v 39.60000 11.06667 0.45000
v 39.60000 11.06667 1.55000
v 39.64000 13.20000 0.45000
v 39.64000 13.20000 1.55000
v 39.62828 13.22828 0.45000
v 39.62828 13.22828 1.55000
v 39.60000 13.24000 0.45000
v 39.60000 13.24000 1.55000
v 39.57172 13.22828 0.45000
v 39.57172 13.22828 1.55000
v 39.56000 13.20000 0.45000
v 39.56000 13.20000 1.55000
v 39.57172 13.17172 0.45000
v 39.57172 13.17172 1.55000
v 39.60000 13.16000 0.45000
v 39.60000 13.16000 1.55000
v 39.62828 13.17172 0.45000
v 39.62828 13.17172 1.55000
v 39.60000 13.20000 0.45000
v 39.60000 13.20000 1.55000
v 39.64000 15.33333 0.45000
v 39.64000 15.33333 1.55000
v 39.62828 15.36162 0.45000
v 39.62828 15.36162 1.55000
v 39.60000 15.37333 0.45000
v 39.60000 15.37333 1.55000
v 39.57172 15.36162 0.45000
v 39.57172 15.36162 1.55000
v 39.56000 15.33333 0.45000
v 39.56000 15.33333 1.55000
v 39.57172 15.30505 0.45000
v 39.57172 15.30505 1.55000
v 39.60000 15.29333 0.45000
v 39.60000 15.29333 1.55000
v 39.62828 15.30505 0.45000
v 39.62828 15.30505 1.55000
v 39.60000 15.33333 0.45000
v 39.60000 15.33333 1.55000
v 39.64000 17.46667 0.45000
v 39.64000 17.46667 1.55000
v 39.62828 17.49495 0.45000
v 39.62828 17.49495 1.55000
v 39.60000 17.50667 0.45000
v 39.60000 17.50667 1.55000
v 39.57172 17.49495 0.45000
v 39.57172 17.49495 1.55000
v 39.56000 17.46667 0.45000
v 39.56000 17.46667 1.55000
v 39.57172 17.43838 0.45000
v 39.57172 17.43838 1.55000
v 39.60000 17.42667 0.45000
v 39.60000 17.42667 1.55000
v 39.62828 17.43838 0.45000
v 39.62828 17.43838 1.55000
v 39.60000 17.46667 0.45000
v 39.60000 17.46667 1.55000
v 39.64000 19.60000 0.45000
v 39.64000 19.60000 1.55000
v 39.62828 19.62828 0.45000
v 39.62828 19.62828 1.55000
v 39.60000 19.64000 0.45000
v 39.60000 19.64000 1.55000
v 39.57172 19.62828 0.45000
v 39.57172 19.62828 1.55000
v 39.56000 19.60000 0.45000
v 39.56000 19.60000 1.55000
v 39.57172 19.57172 0.45000
v 39.57172 19.57172 1.55000
v 39.60000 19.56000 0.45000
v 39.60000 19.56000 1.55000
v 39.62828 19.57172 0.45000
v 39.62828 19.57172 1.55000
v 39.60000 19.60000 0.45000
v 39.60000 19.60000 1.55000
v 39.63500 0.40000 1.55000
v 39.63500 19.60000 1.55000
v 39.62475 0.40000 1.57475
v 39.62475 19.60000 1.57475
v 39.60000 0.40000 1.58500
v 39.60000 19.60000 1.58500
v 39.57525 0.40000 1.57475
v 39.57525 19.60000 1.57475
v 39.56500 0.40000 1.55000
v 39.56500 19.60000 1.55000
v 39.57525 0.40000 1.52525
v 39.57525 19.60000 1.52525
v 39.60000 0.40000 1.51500
v 39.60000 19.60000 1.51500
v 39.62475 0.40000 1.52525
v 39.62475 19.60000 1.52525
v 39.60000 0.40000 1.55000
v 39.60000 19.60000 1.55000
v 39.63500 0.40000 1.05500
v 39.63500 19.60000 1.05500
v 39.62475 0.40000 1.07975
v 39.62475 19.60000 1.07975
v 39.60000 0.40000 1.09000
v 39.60000 19.60000 1.09000
v 39.57525 0.40000 1.07975
v 39.57525 19.60000 1.07975
v 39.56500 0.40000 1.05500
v 39.56500 19.60000 1.05500
v 39.57525 0.40000 1.03025
v 39.57525 19.60000 1.03025
v 39.60000 0.40000 1.02000
v 39.60000 19.60000 1.02000
v 39.62475 0.40000 1.03025
v 39.62475 19.60000 1.03025
v 39.60000 0.40000 1.05500
v 39.60000 19.60000 1.05500
v 7.00000 12.10000 3.90000
v 16.00000 12.10000 3.90000
v 7.00000 12.07415 4.22851
v 16.00000 12.07415 4.22851
v 7.00000 11.99722 4.54894
v 16.00000 11.99722 4.54894
v 7.00000 11.87111 4.85338
v 16.00000 11.87111 4.85338
v 7.00000 11.69894 5.13435
v 16.00000 11.69894 5.13435
v 7.00000 11.48492 5.38492
v 16.00000 11.48492 5.38492
v 7.00000 11.23435 5.59894
v 16.00000 11.23435 5.59894
v 7.00000 10.95338 5.77111
v 16.00000 10.95338 5.77111
v 7.00000 10.64894 5.89722
v 16.00000 10.64894 5.89722
v 7.00000 10.32851 5.97415
v 16.00000 10.32851 5.97415
v 7.00000 10.00000 6.00000
v 16.00000 10.00000 6.00000
v 7.00000 9.67149 5.97415
v 16.00000 9.67149 5.97415
v 7.00000 9.35106 5.89722
v 16.00000 9.35106 5.89722
v 7.00000 9.04662 5.77111
v 16.00000 9.04662 5.77111
v 7.00000 8.76565 5.59894
v 16.00000 8.76565 5.59894
v 7.00000 8.51508 5.38492
v 16.00000 8.51508 5.38492
v 7.00000 8.30106 5.13435
v 16.00000 8.30106 5.13435
v 7.00000 8.12889 4.85338
v 16.00000 8.12889 4.85338
v 7.00000 8.00278 4.54894
v 16.00000 8.00278 4.54894
v 7.00000 7.92585 4.22851
v 16.00000 7.92585 4.22851
v 7.00000 7.90000 3.90000
v 16.00000 7.90000 3.90000
v 7.00000 7.92585 3.57149
v 16.00000 7.92585 3.57149
v 7.00000 8.00278 3.25106
v 16.00000 8.00278 3.25106
v 7.00000 8.12889 2.94662
v 16.00000 8.12889 2.94662
v 7.00000 8.30106 2.66565
v 16.00000 8.30106 2.66565
v 7.00000 8.51508 2.41508
v 16.00000 8.51508 2.41508
v 7.00000 8.76565 2.20106
v 16.00000 8.76565 2.20106
v 7.00000 9.04662 2.02889
v 16.00000 9.04662 2.02889
v 7.00000 9.35106 1.90278
v 16.00000 9.35106 1.90278
v 7.00000 9.67149 1.82585
v 16.00000 9.67149 1.82585
v 7.00000 10.00000 1.80000
v 16.00000 10.00000 1.80000
v 7.00000 10.32851 1.82585
v 16.00000 10.32851 1.82585
v 7.00000 10.64894 1.90278
v 16.00000 10.64894 1.90278
v 7.00000 10.95338 2.02889
v 16.00000 10.95338 2.02889
v 7.00000 11.23435 2.20106
v 16.00000 11.23435 2.20106
v 7.00000 11.48492 2.41508
v 16.00000 11.48492 2.41508
v 7.00000 11.69894 2.66565
v 16.00000 11.69894 2.66565
v 7.00000 11.87111 2.94662
v 16.00000 11.87111 2.94662
v 7.00000 11.99722 3.25106
v 16.00000 11.99722 3.25106
v 7.00000 12.07415 3.57149
v 16.00000 12.07415 3.57149
v 7.00000 10.00000 3.90000
v 16.00000 10.00000 3.90000
v 4.90000 10.00000 3.90000
v 4.90000 10.00000 3.90000
v 4.90000 10.00000 3.90000
v 4.90000 10.00000 3.90000
v 4.90000 10.00000 3.90000
v 4.90000 10.00000 3.90000
v 4.90000 10.00000 3.90000
v 4.90000 10.00000 3.90000
v 4.90000 10.00000 3.90000
v 4.90000 10.00000 3.90000
v 4.90000 10.00000 3.90000
v 4.90000 10.00000 3.90000
v 4.90000 10.00000 3.90000
v 4.90000 10.00000 3.90000
v 4.90000 10.00000 3.90000
v 4.90000 10.00000 3.90000
v 4.90000 10.00000 3.90000
v 4.90000 10.00000 3.90000
v 4.90000 10.00000 3.90000
v 4.90000 10.00000 3.90000
v 4.90000 10.00000 3.90000
v 4.90000 10.00000 3.90000
v 4.90000 10.00000 3.90000
v 4.90000 10.00000 3.90000
v 4.90000 10.00000 3.90000
v 4.90000 10.00000 3.90000
v 4.90000 10.00000 3.90000
v 4.90000 10.00000 3.90000
v 4.90000 10.00000 3.90000
v 4.90000 10.00000 3.90000
v 4.90000 10.00000 3.90000
v 4.90000 10.00000 3.90000
v 4.90000 10.00000 3.90000
v 4.90000 10.00000 3.90000
v 4.90000 10.00000 3.90000
v 4.90000 10.00000 3.90000
v 4.90000 10.00000 3.90000
v 4.90000 10.00000 3.90000
v 4.90000 10.00000 3.90000
v 4.90000 10.00000 3.90000
v 4.92137 10.29886 3.90000
v 4.92137 10.29518 3.94675
v 4.92137 10.28423 3.99235
v 4.92137 10.26629 4.03568
v 4.92137 10.24178 4.07567
v 4.92137 10.21133 4.11133
v 4.92137 10.17567 4.14178
v 4.92137 10.13568 4.16629
v 4.92137 10.09235 4.18423
v 4.92137 10.04675 4.19518
v 4.92137 10.00000 4.19886
v 4.92137 9.95325 4.19518
v 4.92137 9.90765 4.18423
v 4.92137 9.86432 4.16629
v 4.92137 9.82433 4.14178
v 4.92137 9.78867 4.11133
v 4.92137 9.75822 4.07567
v 4.92137 9.73371 4.03568
v 4.92137 9.71577 3.99235
v 4.92137 9.70482 3.94675
v 4.92137 9.70114 3.90000
v 4.92137 9.70482 3.85325
v 4.92137 9.71577 3.80765
v 4.92137 9.73371 3.76432
v 4.92137 9.75822 3.72433
v 4.92137 9.78867 3.68867
v 4.92137 9.82433 3.65822
v 4.92137 9.86432 3.63371
v 4.92137 9.90765 3.61577
v 4.92137 9.95325 3.60482
v 4.92137 10.00000 3.60114
v 4.92137 10.04675 3.60482
v 4.92137 10.09235 3.61577
v 4.92137 10.13568 3.63371
v 4.92137 10.17567 3.65822
v 4.92137 10.21133 3.68867
v 4.92137 10.24178 3.72433
v 4.92137 10.26629 3.76432
v 4.92137 10.28423 3.80765
v 4.92137 10.29518 3.85325
v 4.98506 10.59164 3.90000
v 4.98506 10.58435 3.99255
v 4.98506 10.56268 4.08283
v 4.98506 10.52715 4.16860
v 4.98506 10.47865 4.24776
v 4.98506 10.41835 4.31835
v 4.98506 10.34776 4.37865
v 4.98506 10.26860 4.42715
v 4.98506 10.18283 4.46268
v 4.98506 10.09255 4.48435
v 4.98506 10.00000 4.49164
v 4.98506 9.90745 4.48435
v 4.98506 9.81717 4.46268
v 4.98506 9.73140 4.42715
v 4.98506 9.65224 4.37865
v 4.98506 9.58165 4.31835
v 4.98506 9.52135 4.24776
v 4.98506 9.47285 4.16860
v 4.98506 9.43732 4.08283
v 4.98506 9.41565 3.99255
v 4.98506 9.40836 3.90000
v 4.98506 9.41565 3.80745
v 4.98506 9.43732 3.71717
v 4.98506 9.47285 3.63140
v 4.98506 9.52135 3.55224
v 4.98506 9.58165 3.48165
v 4.98506 9.65224 3.42135
v 4.98506 9.73140 3.37285
v 4.98506 9.81717 3.33732
v 4.98506 9.90745 3.31565
v 4.98506 10.00000 3.30836
v 4.98506 10.09255 3.31565
v 4.98506 10.18283 3.33732
v 4.98506 10.26860 3.37285
v 4.98506 10.34776 3.42135
v 4.98506 10.41835 3.48165
v 4.98506 10.47865 3.55224
v 4.98506 10.52715 3.63140
v 4.98506 10.56268 3.71717
v 4.98506 10.58435 3.80745
v 5.08977 10.87237 3.90000
v 5.08977 10.86163 4.03647
v 5.08977 10.82967 4.16958
v 5.08977 10.77729 4.29605
v 5.08977 10.70576 4.41277
v 5.08977 10.61686 4.51686
v 5.08977 10.51277 4.60576
v 5.08977 10.39605 4.67729
v 5.08977 10.26958 4.72967
v 5.08977 10.13647 4.76163
v 5.08977 10.00000 4.77237
v 5.08977 9.86353 4.76163
v 5.08977 9.73042 4.72967
v 5.08977 9.60395 4.67729
v 5.08977 9.48723 4.60576
v 5.08977 9.38314 4.51686
v 5.08977 9.29424 4.41277
v 5.08977 9.22271 4.29605
v 5.08977 9.17033 4.16958
v 5.08977 9.13837 4.03647
v 5.08977 9.12763 3.90000
v 5.08977 9.13837 3.76353
v 5.08977 9.17033 3.63042
v 5.08977 9.22271 3.50395
v 5.08977 9.29424 3.38723
v 5.08977 9.38314 3.28314
v 5.08977 9.48723 3.19424
v 5.08977 9.60395 3.12271
v 5.08977 9.73042 3.07033
v 5.08977 9.86353 3.03837
v 5.08977 10.00000 3.02763
v 5.08977 10.13647 3.03837
v 5.08977 10.26958 3.07033
v 5.08977 10.39605 3.12271
v 5.08977 10.51277 3.19424
v 5.08977 10.61686 3.28314
v 5.08977 10.70576 3.38723
v 5.08977 10.77729 3.50395
v 5.08977 10.82967 3.63042
v 5.08977 10.86163 3.76353
v 5.23337 11.13535 3.90000
v 5.23337 11.12137 4.07761
v 5.23337 11.07978 4.25084
v 5.23337 11.01160 4.41544
v 5.23337 10.91851 4.56734
v 5.23337 10.80281 4.70281
v 5.23337 10.66734 4.81851
v 5.23337 10.51544 4.91160
v 5.23337 10.35084 4.97978
v 5.23337 10.17761 5.02137
v 5.23337 10.00000 5.03535
v 5.23337 9.82239 5.02137
v 5.23337 9.64916 4.97978
v 5.23337 9.48456 4.91160
v 5.23337 9.33266 4.81851
v 5.23337 9.19719 4.70281
v 5.23337 9.08149 4.56734
v 5.23337 8.98840 4.41544
v 5.23337 8.92022 4.25084
v 5.23337 8.87863 4.07761
v 5.23337 8.86465 3.90000
v 5.23337 8.87863 3.72239
v 5.23337 8.92022 3.54916
v 5.23337 8.98840 3.38456
v 5.23337 9.08149 3.23266
v 5.23337 9.19719 3.09719
v 5.23337 9.33266 2.98149
v 5.23337 9.48456 2.88840
v 5.23337 9.64916 2.82022
v 5.23337 9.82239 2.77863
v 5.23337 10.00000 2.76465
v 5.23337 10.17761 2.77863
v 5.23337 10.35084 2.82022
v 5.23337 10.51544 2.88840
v 5.23337 10.66734 2.98149
v 5.23337 10.80281 3.09719
v 5.23337 10.91851 3.23266
v 5.23337 11.01160 3.38456
v 5.23337 11.07978 3.54916
v 5.23337 11.12137 3.72239
v 5.41293 11.37521 3.90000
v 5.41293 11.35828 4.11513
v 5.41293 11.30790 4.32496
v 5.41293 11.22532 4.52433
v 5.41293 11.11257 4.70833
v 5.41293 10.97242 4.87242
v 5.41293 10.80833 5.01257
v 5.41293 10.62433 5.12532
v 5.41293 10.42496 5.20790
v 5.41293 10.21513 5.25828
v 5.41293 10.00000 5.27521
v 5.41293 9.78487 5.25828
v 5.41293 9.57504 5.20790
v 5.41293 9.37567 5.12532
v 5.41293 9.19167 5.01257
v 5.41293 9.02758 4.87242
v 5.41293 8.88743 4.70833
v 5.41293 8.77468 4.52433
v 5.41293 8.69210 4.32496
v 5.41293 8.64172 4.11513
v 5.41293 8.62479 3.90000
v 5.41293 8.64172 3.68487
v 5.41293 8.69210 3.47504
v 5.41293 8.77468 3.27567
v 5.41293 8.88743 3.09167
v 5.41293 9.02758 2.92758
v 5.41293 9.19167 2.78743
v 5.41293 9.37567 2.67468
v 5.41293 9.57504 2.59210
v 5.41293 9.78487 2.54172
v 5.41293 10.00000 2.52479
v 5.41293 10.21513 2.54172
v 5.41293 10.42496 2.59210
v 5.41293 10.62433 2.67468
v 5.41293 10.80833 2.78743
v 5.41293 10.97242 2.92758
v 5.41293 11.11257 3.09167
v 5.41293 11.22532 3.27567
v 5.41293 11.30790 3.47504
v 5.41293 11.35828 3.68487
v 5.62479 11.58707 3.90000
v 5.62479 11.56753 4.14827
v 5.62479 11.50940 4.39043
v 5.62479 11.41409 4.62052
v 5.62479 11.28397 4.83286
v 5.62479 11.12223 5.02223
v 5.62479 10.93286 5.18397
v 5.62479 10.72052 5.31409
v 5.62479 10.49043 5.40940
v 5.62479 10.24827 5.46753
v 5.62479 10.00000 5.48707
v 5.62479 9.75173 5.46753
v 5.62479 9.50957 5.40940
v 5.62479 9.27948 5.31409
v 5.62479 9.06714 5.18397
v 5.62479 8.87777 5.02223
v 5.62479 8.71603 4.83286
v 5.62479 8.58591 4.62052
v 5.62479 8.49060 4.39043
v 5.62479 8.43247 4.14827
v 5.62479 8.41293 3.90000
v 5.62479 8.43247 3.65173
v 5.62479 8.49060 3.40957
v 5.62479 8.58591 3.17948
v 5.62479 8.71603 2.96714
v 5.62479 8.87777 2.77777
v 5.62479 9.06714 2.61603
v 5.62479 9.27948 2.48591
v 5.62479 9.50957 2.39060
v 5.62479 9.75173 2.33247
v 5.62479 10.00000 2.31293
v 5.62479 10.24827 2.33247
v 5.62479 10.49043 2.39060
v 5.62479 10.72052 2.48591
v 5.62479 10.93286 2.61603
v 5.62479 11.12223 2.77777
v 5.62479 11.28397 2.96714
v 5.62479 11.41409 3.17948
v 5.62479 11.50940 3.40957
v 5.62479 11.56753 3.65173
v 5.86465 11.76663 3.90000
v 5.86465 11.74488 4.17636
v 5.86465 11.68017 4.44592
v 5.86465 11.57408 4.70203
v 5.86465 11.42924 4.93840
v 5.86465 11.24920 5.14920
v 5.86465 11.03840 5.32924
v 5.86465 10.80203 5.47408
v 5.86465 10.54592 5.58017
v 5.86465 10.27636 5.64488
v 5.86465 10.00000 5.66663
v 5.86465 9.72364 5.64488
v 5.86465 9.45408 5.58017
v 5.86465 9.19797 5.47408
v 5.86465 8.96160 5.32924
v 5.86465 8.75080 5.14920
v 5.86465 8.57076 4.93840
v 5.86465 8.42592 4.70203
v 5.86465 8.31983 4.44592
v 5.86465 8.25512 4.17636
v 5.86465 8.23337 3.90000
v 5.86465 8.25512 3.62364
v 5.86465 8.31983 3.35408
v 5.86465 8.42592 3.09797
v 5.86465 8.57076 2.86160
v 5.86465 8.75080 2.65080
v 5.86465 8.96160 2.47076
v 5.86465 9.19797 2.32592
v 5.86465 9.45408 2.21983
v 5.86465 9.72364 2.15512
v 5.86465 10.00000 2.13337
v 5.86465 10.27636 2.15512
v 5.86465 10.54592 2.21983
v 5.86465 10.80203 2.32592
v 5.86465 11.03840 2.47076
v 5.86465 11.24920 2.65080
v 5.86465 11.42924 2.86160
v 5.86465 11.57408 3.09797
v 5.86465 11.68017 3.35408
v 5.86465 11.74488 3.62364
v 6.12763 11.91023 3.90000
v 6.12763 11.88671 4.19883
v 6.12763 11.81673 4.49029
v 6.12763 11.70202 4.76722
v 6.12763 11.54541 5.02280
v 6.12763 11.35073 5.25073
v 6.12763 11.12280 5.44541
v 6.12763 10.86722 5.60202
v 6.12763 10.59029 5.71673
v 6.12763 10.29883 5.78671
v 6.12763 10.00000 5.81023
v 6.12763 9.70117 5.78671
v 6.12763 9.40971 5.71673
v 6.12763 9.13278 5.60202
v 6.12763 8.87720 5.44541
v 6.12763 8.64927 5.25073
v 6.12763 8.45459 5.02280
v 6.12763 8.29798 4.76722
v 6.12763 8.18327 4.49029
v 6.12763 8.11329 4.19883
v 6.12763 8.08977 3.90000
v 6.12763 8.11329 3.60117
v 6.12763 8.18327 3.30971
v 6.12763 8.29798 3.03278
v 6.12763 8.45459 2.77720
v 6.12763 8.64927 2.54927
v 6.12763 8.87720 2.35459
v 6.12763 9.13278 2.19798
v 6.12763 9.40971 2.08327
v 6.12763 9.70117 2.01329
v 6.12763 10.00000 1.98977
v 6.12763 10.29883 2.01329
v 6.12763 10.59029 2.08327
v 6.12763 10.86722 2.19798
v 6.12763 11.12280 2.35459
v 6.12763 11.35073 2.54927
v 6.12763 11.54541 2.77720
v 6.12763 11.70202 3.03278
v 6.12763 11.81673 3.30971
v 6.12763 11.88671 3.60117
v 6.40836 12.01494 3.90000
v 6.40836 11.99013 4.21521
v 6.40836 11.91632 4.52265
v 6.40836 11.79532 4.81476
v 6.40836 11.63012 5.08435
v 6.40836 11.42477 5.32477
v 6.40836 11.18435 5.53012
v 6.40836 10.91476 5.69532
v 6.40836 10.62265 5.81632
v 6.40836 10.31521 5.89013
v 6.40836 10.00000 5.91494
v 6.40836 9.68479 5.89013
v 6.40836 9.37735 5.81632
v 6.40836 9.08524 5.69532
v 6.40836 8.81565 5.53012
v 6.40836 8.57523 5.32477
v 6.40836 8.36988 5.08435
v 6.40836 8.20468 4.81476
v 6.40836 8.08368 4.52265
v 6.40836 8.00987 4.21521
v 6.40836 7.98506 3.90000
v 6.40836 8.00987 3.58479
v 6.40836 8.08368 3.27735
v 6.40836 8.20468 2.98524
v 6.40836 8.36988 2.71565
v 6.40836 8.57523 2.47523
v 6.40836 8.81565 2.26988
v 6.40836 9.08524 2.10468
v 6.40836 9.37735 1.98368
v 6.40836 9.68479 1.90987
v 6.40836 10.00000 1.88506
v 6.40836 10.31521 1.90987
v 6.40836 10.62265 1.98368
v 6.40836 10.91476 2.10468
v 6.40836 11.18435 2.26988
v 6.40836 11.42477 2.47523
v 6.40836 11.63012 2.71565
v 6.40836 11.79532 2.98524
v 6.40836 11.91632 3.27735
v 6.40836 11.99013 3.58479
v 6.70114 12.07863 3.90000
v 6.70114 12.05303 4.22517
v 6.70114 11.97689 4.54233
v 6.70114 11.85207 4.84368
v 6.70114 11.68164 5.12179
v 6.70114 11.46981 5.36981
v 6.70114 11.22179 5.58164
v 6.70114 10.94368 5.75207
v 6.70114 10.64233 5.87689
v 6.70114 10.32517 5.95303
v 6.70114 10.00000 5.97863
v 6.70114 9.67483 5.95303
v 6.70114 9.35767 5.87689
v 6.70114 9.05632 5.75207
v 6.70114 8.77821 5.58164
v 6.70114 8.53019 5.36981
v 6.70114 8.31836 5.12179
v 6.70114 8.14793 4.84368
v 6.70114 8.02311 4.54233
v 6.70114 7.94697 4.22517
v 6.70114 7.92137 3.90000
v 6.70114 7.94697 3.57483
v 6.70114 8.02311 3.25767
v 6.70114 8.14793 2.95632
v 6.70114 8.31836 2.67821
v 6.70114 8.53019 2.43019
v 6.70114 8.77821 2.21836
v 6.70114 9.05632 2.04793
v 6.70114 9.35767 1.92311
v 6.70114 9.67483 1.84697
v 6.70114 10.00000 1.82137
v 6.70114 10.32517 1.84697
v 6.70114 10.64233 1.92311
v 6.70114 10.94368 2.04793
v 6.70114 11.22179 2.21836
v 6.70114 11.46981 2.43019
v 6.70114 11.68164 2.67821
v 6.70114 11.85207 2.95632
v 6.70114 11.97689 3.25767
v 6.70114 12.05303 3.57483
v 7.00000 12.10000 3.90000
v 7.00000 12.07415 4.22851
v 7.00000 11.99722 4.54894
v 7.00000 11.87111 4.85338
v 7.00000 11.69894 5.13435
v 7.00000 11.48492 5.38492
v 7.00000 11.23435 5.59894
v 7.00000 10.95338 5.77111
v 7.00000 10.64894 5.89722
v 7.00000 10.32851 5.97415
v 7.00000 10.00000 6.00000
v 7.00000 9.67149 5.97415
v 7.00000 9.35106 5.89722
v 7.00000 9.04662 5.77111
v 7.00000 8.76565 5.59894
v 7.00000 8.51508 5.38492
v 7.00000 8.30106 5.13435
v 7.00000 8.12889 4.85338
v 7.00000 8.00278 4.54894
v 7.00000 7.92585 4.22851
v 7.00000 7.90000 3.90000
v 7.00000 7.92585 3.57149
v 7.00000 8.00278 3.25106
v 7.00000 8.12889 2.94662
v 7.00000 8.30106 2.66565
v 7.00000 8.51508 2.41508
v 7.00000 8.76565 2.20106
v 7.00000 9.04662 2.02889
v 7.00000 9.35106 1.90278
v 7.00000 9.67149 1.82585
v 7.00000 10.00000 1.80000
v 7.00000 10.32851 1.82585
v 7.00000 10.64894 1.90278
v 7.00000 10.95338 2.02889
v 7.00000 11.23435 2.20106
v 7.00000 11.48492 2.41508
v 7.00000 11.69894 2.66565
v 7.00000 11.87111 2.94662
v 7.00000 11.99722 3.25106
v 7.00000 12.07415 3.57149
v 18.10000 10.00000 3.90000
v 18.10000 10.00000 3.90000
v 18.10000 10.00000 3.90000
v 18.10000 10.00000 3.90000
v 18.10000 10.00000 3.90000
v 18.10000 10.00000 3.90000
v 18.10000 10.00000 3.90000
v 18.10000 10.00000 3.90000
v 18.10000 10.00000 3.90000
v 18.10000 10.00000 3.90000
v 18.10000 10.00000 3.90000
v 18.10000 10.00000 3.90000
v 18.10000 10.00000 3.90000
v 18.10000 10.00000 3.90000
v 18.10000 10.00000 3.90000
v 18.10000 10.00000 3.90000
v 18.10000 10.00000 3.90000
v 18.10000 10.00000 3.90000
v 18.10000 10.00000 3.90000
v 18.10000 10.00000 3.90000
v 18.10000 10.00000 3.90000
v 18.10000 10.00000 3.90000
v 18.10000 10.00000 3.90000
v 18.10000 10.00000 3.90000
v 18.10000 10.00000 3.90000
v 18.10000 10.00000 3.90000
v 18.10000 10.00000 3.90000
v 18.10000 10.00000 3.90000
v 18.10000 10.00000 3.90000
v 18.10000 10.00000 3.90000
v 18.10000 10.00000 3.90000
v 18.10000 10.00000 3.90000
v 18.10000 10.00000 3.90000
v 18.10000 10.00000 3.90000
v 18.10000 10.00000 3.90000
v 18.10000 10.00000 3.90000
v 18.10000 10.00000 3.90000
v 18.10000 10.00000 3.90000
v 18.10000 10.00000 3.90000
v 18.10000 10.00000 3.90000
v 18.07863 10.29886 3.90000
v 18.07863 10.29518 3.94675
v 18.07863 10.28423 3.99235
v 18.07863 10.26629 4.03568
v 18.07863 10.24178 4.07567
v 18.07863 10.21133 4.11133
v 18.07863 10.17567 4.14178
v 18.07863 10.13568 4.16629
v 18.07863 10.09235 4.18423
v 18.07863 10.04675 4.19518
v 18.07863 10.00000 4.19886
v 18.07863 9.95325 4.19518
v 18.07863 9.90765 4.18423
v 18.07863 9.86432 4.16629
v 18.07863 9.82433 4.14178
v 18.07863 9.78867 4.11133
v 18.07863 9.75822 4.07567
v 18.07863 9.73371 4.03568
v 18.07863 9.71577 3.99235
v 18.07863 9.70482 3.94675
v 18.07863 9.70114 3.90000
v 18.07863 9.70482 3.85325
v 18.07863 9.71577 3.80765
v 18.07863 9.73371 3.76432
v 18.07863 9.75822 3.72433
v 18.07863 9.78867 3.68867
v 18.07863 9.82433 3.65822
v 18.07863 9.86432 3.63371
v 18.07863 9.90765 3.61577
v 18.07863 9.95325 3.60482
v 18.07863 10.00000 3.60114
v 18.07863 10.04675 3.60482
v 18.07863 10.09235 3.61577
v 18.07863 10.13568 3.63371
v 18.07863 10.17567 3.65822
v 18.07863 10.21133 3.68867
v 18.07863 10.24178 3.72433
v 18.07863 10.26629 3.76432
v 18.07863 10.28423 3.80765
v 18.07863 10.29518 3.85325
v 18.01494 10.59164 3.90000
v 18.01494 10.58435 3.99255
v 18.01494 10.56268 4.08283
v 18.01494 10.52715 4.16860
v 18.01494 10.47865 4.24776
v 18.01494 10.41835 4.31835
v 18.01494 10.34776 4.37865
v 18.01494 10.26860 4.42715
v 18.01494 10.18283 4.46268
v 18.01494 10.09255 4.48435
v 18.01494 10.00000 4.49164
v 18.01494 9.90745 4.48435
v 18.01494 9.81717 4.46268
v 18.01494 9.73140 4.42715
v 18.01494 9.65224 4.37865
v 18.01494 9.58165 4.31835
v 18.01494 9.52135 4.24776
v 18.01494 9.47285 4.16860
v 18.01494 9.43732 4.08283
v 18.01494 9.41565 3.99255
v 18.01494 9.40836 3.90000
v 18.01494 9.41565 3.80745
v 18.01494 9.43732 3.71717
v 18.01494 9.47285 3.63140
v 18.01494 9.52135 3.55224
v 18.01494 9.58165 3.48165
v 18.01494 9.65224 3.42135
v 18.01494 9.73140 3.37285
v 18.01494 9.81717 3.33732
v 18.01494 9.90745 3.31565
v 18.01494 10.00000 3.30836
v 18.01494 10.09255 3.31565
v 18.01494 10.18283 3.33732
v 18.01494 10.26860 3.37285
v 18.01494 10.34776 3.42135
v 18.01494 10.41835 3.48165
v 18.01494 10.47865 3.55224
v 18.01494 10.52715 3.63140
v 18.01494 10.56268 3.71717
v 18.01494 10.58435 3.80745
v 17.91023 10.87237 3.90000
v 17.91023 10.86163 4.03647
v 17.91023 10.82967 4.16958
v 17.91023 10.77729 4.29605
v 17.91023 10.70576 4.41277
v 17.91023 10.61686 4.51686
v 17.91023 10.51277 4.60576
v 17.91023 10.39605 4.67729
v 17.91023 10.26958 4.72967
v 17.91023 10.13647 4.76163
v 17.91023 10.00000 4.77237
v 17.91023 9.86353 4.76163
v 17.91023 9.73042 4.72967
v 17.91023 9.60395 4.67729
v 17.91023 9.48723 4.60576
v 17.91023 9.38314 4.51686
v 17.91023 9.29424 4.41277
v 17.91023 9.22271 4.29605
v 17.91023 9.17033 4.16958
v 17.91023 9.13837 4.03647
v 17.91023 9.12763 3.90000
v 17.91023 9.13837 3.76353
v 17.91023 9.17033 3.63042
v 17.91023 9.22271 3.50395
v 17.91023 9.29424 3.38723
v 17.91023 9.38314 3.28314
v 17.91023 9.48723 3.19424
v 17.91023 9.60395 3.12271
v 17.91023 9.73042 3.07033
v 17.91023 9.86353 3.03837
v 17.91023 10.00000 3.02763
v 17.91023 10.13647 3.03837
v 17.91023 10.26958 3.07033
v 17.91023 10.39605 3.12271
v 17.91023 10.51277 3.19424
v 17.91023 10.61686 3.28314
v 17.91023 10.70576 3.38723
v 17.91023 10.77729 3.50395
v 17.91023 10.82967 3.63042
v 17.91023 10.86163 3.76353
v 17.76663 11.13535 3.90000
v 17.76663 11.12137 4.07761
v 17.76663 11.07978 4.25084
v 17.76663 11.01160 4.41544
v 17.76663 10.91851 4.56734
v 17.76663 10.80281 4.70281
v 17.76663 10.66734 4.81851
v 17.76663 10.51544 4.91160
v 17.76663 10.35084 4.97978
v 17.76663 10.17761 5.02137
v 17.76663 10.00000 5.03535
v 17.76663 9.82239 5.02137
v 17.76663 9.64916 4.97978
v 17.76663 9.48456 4.91160
v 17.76663 9.33266 4.81851
v 17.76663 9.19719 4.70281
v 17.76663 9.08149 4.56734
v 17.76663 8.98840 4.41544
v 17.76663 8.92022 4.25084
v 17.76663 8.87863 4.07761
v 17.76663 8.86465 3.90000
v 17.76663 8.87863 3.72239
v 17.76663 8.92022 3.54916
v 17.76663 8.98840 3.38456
v 17.76663 9.08149 3.23266
v 17.76663 9.19719 3.09719
v 17.76663 9.33266 2.98149
v 17.76663 9.48456 2.88840
v 17.76663 9.64916 2.82022
v 17.76663 9.82239 2.77863
v 17.76663 10.00000 2.76465
v 17.76663 10.17761 2.77863
v 17.76663 10.35084 2.82022
v 17.76663 10.51544 2.88840
v 17.76663 10.66734 2.98149
v 17.76663 10.80281 3.09719
v 17.76663 10.91851 3.23266
v 17.76663 11.01160 3.38456
v 17.76663 11.07978 3.54916
v 17.76663 11.12137 3.72239
v 17.58707 11.37521 3.90000
v 17.58707 11.35828 4.11513
v 17.58707 11.30790 4.32496
v 17.58707 11.22532 4.52433
v 17.58707 11.11257 4.70833
v 17.58707 10.97242 4.87242
v 17.58707 10.80833 5.01257
v 17.58707 10.62433 5.12532
v 17.58707 10.42496 5.20790
v 17.58707 10.21513 5.25828
v 17.58707 10.00000 5.27521
v 17.58707 9.78487 5.25828
v 17.58707 9.57504 5.20790
v 17.58707 9.37567 5.12532
v 17.58707 9.19167 5.01257
v 17.58707 9.02758 4.87242
v 17.58707 8.88743 4.70833
v 17.58707 8.77468 4.52433
v 17.58707 8.69210 4.32496
v 17.58707 8.64172 4.11513
v 17.58707 8.62479 3.90000
v 17.58707 8.64172 3.68487
v 17.58707 8.69210 3.47504
v 17.58707 8.77468 3.27567
v 17.58707 8.88743 3.09167
v 17.58707 9.02758 2.92758
v 17.58707 9.19167 2.78743
v 17.58707 9.37567 2.67468
v 17.58707 9.57504 2.59210
v 17.58707 9.78487 2.54172
v 17.58707 10.00000 2.52479
v 17.58707 10.21513 2.54172
v 17.58707 10.42496 2.59210
v 17.58707 10.62433 2.67468
v 17.58707 10.80833 2.78743
v 17.58707 10.97242 2.92758
v 17.58707 11.11257 3.09167
v 17.58707 11.22532 3.27567
v 17.58707 11.30790 3.47504
v 17.58707 11.35828 3.68487
v 17.37521 11.58707 3.90000
v 17.37521 11.56753 4.14827
v 17.37521 11.50940 4.39043
v 17.37521 11.41409 4.62052
v 17.37521 11.28397 4.83286
v 17.37521 11.12223 5.02223
v 17.37521 10.93286 5.18397
v 17.37521 10.72052 5.31409
v 17.37521 10.49043 5.40940
v 17.37521 10.24827 5.46753
v 17.37521 10.00000 5.48707
v 17.37521 9.75173 5.46753
v 17.37521 9.50957 5.40940
v 17.37521 9.27948 5.31409
v 17.37521 9.06714 5.18397
v 17.37521 8.87777 5.02223
v 17.37521 8.71603 4.83286
v 17.37521 8.58591 4.62052
v 17.37521 8.49060 4.39043
v 17.37521 8.43247 4.14827
v 17.37521 8.41293 3.90000
v 17.37521 8.43247 3.65173
v 17.37521 8.49060 3.40957
v 17.37521 8.58591 3.17948
v 17.37521 8.71603 2.96714
v 17.37521 8.87777 2.77777
v 17.37521 9.06714 2.61603
v 17.37521 9.27948 2.48591
v 17.37521 9.50957 2.39060
v 17.37521 9.75173 2.33247
v 17.37521 10.00000 2.31293
v 17.37521 10.24827 2.33247
v 17.37521 10.49043 2.39060
v 17.37521 10.72052 2.48591
v 17.37521 10.93286 2.61603
v 17.37521 11.12223 2.77777
v 17.37521 11.28397 2.96714
v 17.37521 11.41409 3.17948
v 17.37521 11.50940 3.40957
v 17.37521 11.56753 3.65173
v 17.13535 11.76663 3.90000
v 17.13535 11.74488 4.17636
v 17.13535 11.68017 4.44592
v 17.13535 11.57408 4.70203
v 17.13535 11.42924 4.93840
v 17.13535 11.24920 5.14920
v 17.13535 11.03840 5.32924
v 17.13535 10.80203 5.47408
v 17.13535 10.54592 5.58017
v 17.13535 10.27636 5.64488
v 17.13535 10.00000 5.66663
v 17.13535 9.72364 5.64488
v 17.13535 9.45408 5.58017
v 17.13535 9.19797 5.47408
v 17.13535 8.96160 5.32924
v 17.13535 8.75080 5.14920
v 17.13535 8.57076 4.93840
v 17.13535 8.42592 4.70203
v 17.13535 8.31983 4.44592
v 17.13535 8.25512 4.17636
v 17.13535 8.23337 3.90000
v 17.13535 8.25512 3.62364
v 17.13535 8.31983 3.35408
v 17.13535 8.42592 3.09797
v 17.13535 8.57076 2.86160
v 17.13535 8.75080 2.65080
v 17.13535 8.96160 2.47076
v 17.13535 9.19797 2.32592
v 17.13535 9.45408 2.21983
v 17.13535 9.72364 2.15512
v 17.13535 10.00000 2.13337
v 17.13535 10.27636 2.15512
v 17.13535 10.54592 2.21983
v 17.13535 10.80203 2.32592
v 17.13535 11.03840 2.47076
v 17.13535 11.24920 2.65080
v 17.13535 11.42924 2.86160
v 17.13535 11.57408 3.09797
v 17.13535 11.68017 3.35408
v 17.13535 11.74488 3.62364
v 16.87237 11.91023 3.90000
v 16.87237 11.88671 4.19883
v 16.87237 11.81673 4.49029
v 16.87237 11.70202 4.76722
v 16.87237 11.54541 5.02280
v 16.87237 11.35073 5.25073
v 16.87237 11.12280 5.44541
v 16.87237 10.86722 5.60202
v 16.87237 10.59029 5.71673
v 16.87237 10.29883 5.78671
v 16.87237 10.00000 5.81023
v 16.87237 9.70117 5.78671
v 16.87237 9.40971 5.71673
v 16.87237 9.13278 5.60202
v 16.87237 8.87720 5.44541
v 16.87237 8.64927 5.25073
v 16.87237 8.45459 5.02280
v 16.87237 8.29798 4.76722
v 16.87237 8.18327 4.49029
v 16.87237 8.11329 4.19883
v 16.87237 8.08977 3.90000
v 16.87237 8.11329 3.60117
v 16.87237 8.18327 3.30971
v 16.87237 8.29798 3.03278
v 16.87237 8.45459 2.77720
v 16.87237 8.64927 2.54927
v 16.87237 8.87720 2.35459
v 16.87237 9.13278 2.19798
v 16.87237 9.40971 2.08327
v 16.87237 9.70117 2.01329
v 16.87237 10.00000 1.98977
v 16.87237 10.29883 2.01329
v 16.87237 10.59029 2.08327
v 16.87237 10.86722 2.19798
v 16.87237 11.12280 2.35459
v 16.87237 11.35073 2.54927
v 16.87237 11.54541 2.77720
v 16.87237 11.70202 3.03278
v 16.87237 11.81673 3.30971
v 16.87237 11.88671 3.60117
v 16.59164 12.01494 3.90000
v 16.59164 11.99013 4.21521
v 16.59164 11.91632 4.52265
v 16.59164 11.79532 4.81476
v 16.59164 11.63012 5.08435
v 16.59164 11.42477 5.32477
v 16.59164 11.18435 5.53012
v 16.59164 10.91476 5.69532
v 16.59164 10.62265 5.81632
v 16.59164 10.31521 5.89013
v 16.59164 10.00000 5.91494
v 16.59164 9.68479 5.89013
v 16.59164 9.37735 5.81632
v 16.59164 9.08524 5.69532
v 16.59164 8.81565 5.53012
v 16.59164 8.57523 5.32477
v 16.59164 8.36988 5.08435
v 16.59164 8.20468 4.81476
v 16.59164 8.08368 4.52265
v 16.59164 8.00987 4.21521
v 16.59164 7.98506 3.90000
v 16.59164 8.00987 3.58479
v 16.59164 8.08368 3.27735
v 16.59164 8.20468 2.98524
v 16.59164 8.36988 2.71565
v 16.59164 8.57523 2.47523
v 16.59164 8.81565 2.26988
v 16.59164 9.08524 2.10468
v 16.59164 9.37735 1.98368
v 16.59164 9.68479 1.90987
v 16.59164 10.00000 1.88506
v 16.59164 10.31521 1.90987
v 16.59164 10.62265 1.98368
v 16.59164 10.91476 2.10468
v 16.59164 11.18435 2.26988
v 16.59164 11.42477 2.47523
v 16.59164 11.63012 2.71565
v 16.59164 11.79532 2.98524
v 16.59164 11.91632 3.27735
v 16.59164 11.99013 3.58479
v 16.29886 12.07863 3.90000
v 16.29886 12.05303 4.22517
v 16.29886 11.97689 4.54233
v 16.29886 11.85207 4.84368
v 16.29886 11.68164 5.12179
v 16.29886 11.46981 5.36981
v 16.29886 11.22179 5.58164
v 16.29886 10.94368 5.75207
v 16.29886 10.64233 5.87689
v 16.29886 10.32517 5.95303
v 16.29886 10.00000 5.97863
v 16.29886 9.67483 5.95303
v 16.29886 9.35767 5.87689
v 16.29886 9.05632 5.75207
v 16.29886 8.77821 5.58164
v 16.29886 8.53019 5.36981
v 16.29886 8.31836 5.12179
v 16.29886 8.14793 4.84368
v 16.29886 8.02311 4.54233
v 16.29886 7.94697 4.22517
v 16.29886 7.92137 3.90000
v 16.29886 7.94697 3.57483
v 16.29886 8.02311 3.25767
v 16.29886 8.14793 2.95632
v 16.29886 8.31836 2.67821
v 16.29886 8.53019 2.43019
v 16.29886 8.77821 2.21836
v 16.29886 9.05632 2.04793
v 16.29886 9.35767 1.92311
v 16.29886 9.67483 1.84697
v 16.29886 10.00000 1.82137
v 16.29886 10.32517 1.84697
v 16.29886 10.64233 1.92311
v 16.29886 10.94368 2.04793
v 16.29886 11.22179 2.21836
v 16.29886 11.46981 2.43019
v 16.29886 11.68164 2.67821
v 16.29886 11.85207 2.95632
v 16.29886 11.97689 3.25767
v 16.29886 12.05303 3.57483
v 16.00000 12.10000 3.90000
v 16.00000 12.07415 4.22851
v 16.00000 11.99722 4.54894
v 16.00000 11.87111 4.85338
v 16.00000 11.69894 5.13435
v 16.00000 11.48492 5.38492
v 16.00000 11.23435 5.59894
v 16.00000 10.95338 5.77111
v 16.00000 10.64894 5.89722
v 16.00000 10.32851 5.97415
v 16.00000 10.00000 6.00000
v 16.00000 9.67149 5.97415
v 16.00000 9.35106 5.89722
v 16.00000 9.04662 5.77111
v 16.00000 8.76565 5.59894
v 16.00000 8.51508 5.38492
v 16.00000 8.30106 5.13435
v 16.00000 8.12889 4.85338
v 16.00000 8.00278 4.54894
v 16.00000 7.92585 4.22851
v 16.00000 7.90000 3.90000
v 16.00000 7.92585 3.57149
v 16.00000 8.00278 3.25106
v 16.00000 8.12889 2.94662
v 16.00000 8.30106 2.66565
v 16.00000 8.51508 2.41508
v 16.00000 8.76565 2.20106
v 16.00000 9.04662 2.02889
v 16.00000 9.35106 1.90278
v 16.00000 9.67149 1.82585
v 16.00000 10.00000 1.80000
v 16.00000 10.32851 1.82585
v 16.00000 10.64894 1.90278
v 16.00000 10.95338 2.02889
v 16.00000 11.23435 2.20106
v 16.00000 11.48492 2.41508
v 16.00000 11.69894 2.66565
v 16.00000 11.87111 2.94662
v 16.00000 11.99722 3.25106
v 16.00000 12.07415 3.57149
v 7.82500 8.40000 0.00000
v 8.77500 8.40000 0.00000
v 8.77500 11.60000 0.00000
v 7.82500 11.60000 0.00000
v 7.82500 8.40000 2.10000
v 8.77500 8.40000 2.10000
v 8.77500 11.60000 2.10000
v 7.82500 11.60000 2.10000
v 7.55000 8.20000 0.03000
v 9.05000 8.20000 0.03000
v 9.05000 11.80000 0.03000
v 7.55000 11.80000 0.03000
v 7.55000 8.20000 0.33000
v 9.05000 8.20000 0.33000
v 9.05000 11.80000 0.33000
v 7.55000 11.80000 0.33000
v 14.22500 8.40000 0.00000
v 15.17500 8.40000 0.00000
v 15.17500 11.60000 0.00000
v 14.22500 11.60000 0.00000
v 14.22500 8.40000 2.10000
v 15.17500 8.40000 2.10000
v 15.17500 11.60000 2.10000
v 14.22500 11.60000 2.10000
v 13.95000 8.20000 0.03000
v 15.45000 8.20000 0.03000
v 15.45000 11.80000 0.03000
v 13.95000 11.80000 0.03000
v 13.95000 8.20000 0.33000
v 15.45000 8.20000 0.33000
v 15.45000 11.80000 0.33000
v 13.95000 11.80000 0.33000
v 12.05000 11.70500 3.90000
v 12.05000 12.45500 3.90000
v 12.02308 11.70500 4.06996
v 12.02308 12.45500 4.06996
v 11.94496 11.70500 4.22328
v 11.94496 12.45500 4.22328
v 11.82328 11.70500 4.34496
v 11.82328 12.45500 4.34496
v 11.66996 11.70500 4.42308
v 11.66996 12.45500 4.42308
v 11.50000 11.70500 4.45000
v 11.50000 12.45500 4.45000
v 11.33004 11.70500 4.42308
v 11.33004 12.45500 4.42308
v 11.17672 11.70500 4.34496
v 11.17672 12.45500 4.34496
v 11.05504 11.70500 4.22328
v 11.05504 12.45500 4.22328
v 10.97692 11.70500 4.06996
v 10.97692 12.45500 4.06996
v 10.95000 11.70500 3.90000
v 10.95000 12.45500 3.90000
v 10.97692 11.70500 3.73004
v 10.97692 12.45500 3.73004
v 11.05504 11.70500 3.57672
v 11.05504 12.45500 3.57672
v 11.17672 11.70500 3.45504
v 11.17672 12.45500 3.45504
v 11.33004 11.70500 3.37692
v 11.33004 12.45500 3.37692
v 11.50000 11.70500 3.35000
v 11.50000 12.45500 3.35000
v 11.66996 11.70500 3.37692
v 11.66996 12.45500 3.37692
v 11.82328 11.70500 3.45504
v 11.82328 12.45500 3.45504
v 11.94496 11.70500 3.57672
v 11.94496 12.45500 3.57672
v 12.02308 11.70500 3.73004
v 12.02308 12.45500 3.73004
v 11.50000 11.70500 3.90000
v 11.50000 12.45500 3.90000
v 12.15000 12.40000 3.90000
v 12.12950 12.44950 3.90000
v 12.08000 12.47000 3.90000
v 12.03050 12.44950 3.90000
v 12.01000 12.40000 3.90000
v 12.03050 12.35050 3.90000
v 12.08000 12.33000 3.90000
v 12.12950 12.35050 3.90000
v 12.11080 12.40000 4.12231
v 12.09153 12.44950 4.11530
v 12.04502 12.47000 4.09837
v 11.99851 12.44950 4.08144
v 11.97924 12.40000 4.07443
v 11.99851 12.35050 4.08144
v 12.04502 12.33000 4.09837
v 12.09153 12.35050 4.11530
v 11.99793 12.40000 4.31781
v 11.98222 12.44950 4.30463
v 11.94431 12.47000 4.27282
v 11.90639 12.44950 4.24100
v 11.89068 12.40000 4.22782
v 11.90639 12.35050 4.24100
v 11.94431 12.33000 4.27282
v 11.98222 12.35050 4.30463
v 11.82500 12.40000 4.46292
v 11.81475 12.44950 4.44516
v 11.79000 12.47000 4.40229
v 11.76525 12.44950 4.35943
v 11.75500 12.40000 4.34167
v 11.76525 12.35050 4.35943
v 11.79000 12.33000 4.40229
v 11.81475 12.35050 4.44516
v 11.61287 12.40000 4.54013
v 11.60931 12.44950 4.51993
v 11.60072 12.47000 4.47119
v 11.59212 12.44950 4.42244
v 11.58856 12.40000 4.40225
v 11.59212 12.35050 4.42244
v 11.60072 12.33000 4.47119
v 11.60931 12.35050 4.51993
v 11.38713 12.40000 4.54013
v 11.39069 12.44950 4.51993
v 11.39928 12.47000 4.47119
v 11.40788 12.44950 4.42244
v 11.41144 12.40000 4.40225
v 11.40788 12.35050 4.42244
v 11.39928 12.33000 4.47119
v 11.39069 12.35050 4.51993
v 11.17500 12.40000 4.46292
v 11.18525 12.44950 4.44516
v 11.21000 12.47000 4.40229
v 11.23475 12.44950 4.35943
v 11.24500 12.40000 4.34167
v 11.23475 12.35050 4.35943
v 11.21000 12.33000 4.40229
v 11.18525 12.35050 4.44516
v 11.00207 12.40000 4.31781
v 11.01778 12.44950 4.30463
v 11.05569 12.47000 4.27282
v 11.09361 12.44950 4.24100
v 11.10932 12.40000 4.22782
v 11.09361 12.35050 4.24100
v 11.05569 12.33000 4.27282
v 11.01778 12.35050 4.30463
v 10.88920 12.40000 4.12231
v 10.90847 12.44950 4.11530
v 10.95498 12.47000 4.09837
v 11.00149 12.44950 4.08144
v 11.02076 12.40000 4.07443
v 11.00149 12.35050 4.08144
v 10.95498 12.33000 4.09837
v 10.90847 12.35050 4.11530
v 10.85000 12.40000 3.90000
v 10.87050 12.44950 3.90000
v 10.92000 12.47000 3.90000
v 10.96950 12.44950 3.90000
v 10.99000 12.40000 3.90000
v 10.96950 12.35050 3.90000
v 10.92000 12.33000 3.90000
v 10.87050 12.35050 3.90000
v 10.88920 12.40000 3.67769
v 10.90847 12.44950 3.68470
v 10.95498 12.47000 3.70163
v 11.00149 12.44950 3.71856
v 11.02076 12.40000 3.72557
v 11.00149 12.35050 3.71856
v 10.95498 12.33000 3.70163
v 10.90847 12.35050 3.68470
v 11.00207 12.40000 3.48219
v 11.01778 12.44950 3.49537
v 11.05569 12.47000 3.52718
v 11.09361 12.44950 3.55900
v 11.10932 12.40000 3.57218
v 11.09361 12.35050 3.55900
v 11.05569 12.33000 3.52718
v 11.01778 12.35050 3.49537
v 11.17500 12.40000 3.33708
v 11.18525 12.44950 3.35484
v 11.21000 12.47000 3.39771
v 11.23475 12.44950 3.44057
v 11.24500 12.40000 3.45833
v 11.23475 12.35050 3.44057
v 11.21000 12.33000 3.39771
v 11.18525 12.35050 3.35484
v 11.38713 12.40000 3.25987
v 11.39069 12.44950 3.28007
v 11.39928 12.47000 3.32881
v 11.40788 12.44950 3.37756
v 11.41144 12.40000 3.39775
v 11.40788 12.35050 3.37756
v 11.39928 12.33000 3.32881
v 11.39069 12.35050 3.28007
v 11.61287 12.40000 3.25987
v 11.60931 12.44950 3.28007
v 11.60072 12.47000 3.32881
v 11.59212 12.44950 3.37756
v 11.58856 12.40000 3.39775
v 11.59212 12.35050 3.37756
v 11.60072 12.33000 3.32881
v 11.60931 12.35050 3.28007
v 11.82500 12.40000 3.33708
v 11.81475 12.44950 3.35484
v 11.79000 12.47000 3.39771
v 11.76525 12.44950 3.44057
v 11.75500 12.40000 3.45833
v 11.76525 12.35050 3.44057
v 11.79000 12.33000 3.39771
v 11.81475 12.35050 3.35484
v 11.99793 12.40000 3.48219
v 11.98222 12.44950 3.49537
v 11.94431 12.47000 3.52718
v 11.90639 12.44950 3.55900
v 11.89068 12.40000 3.57218
v 11.90639 12.35050 3.55900
v 11.94431 12.33000 3.52718
v 11.98222 12.35050 3.49537
v 12.11080 12.40000 3.67769
v 12.09153 12.44950 3.68470
v 12.04502 12.47000 3.70163
v 11.99851 12.44950 3.71856
v 11.97924 12.40000 3.72557
v 11.99851 12.35050 3.71856
v 12.04502 12.33000 3.70163
v 12.09153 12.35050 3.68470
v 9.82000 10.00000 5.63000
v 9.82000 10.00000 6.33000
v 9.79564 10.12246 5.63000
v 9.79564 10.12246 6.33000
v 9.72627 10.22627 5.63000
v 9.72627 10.22627 6.33000
v 9.62246 10.29564 5.63000
v 9.62246 10.29564 6.33000
v 9.50000 10.32000 5.63000
v 9.50000 10.32000 6.33000
v 9.37754 10.29564 5.63000
v 9.37754 10.29564 6.33000
v 9.27373 10.22627 5.63000
v 9.27373 10.22627 6.33000
v 9.20436 10.12246 5.63000
v 9.20436 10.12246 6.33000
v 9.18000 10.00000 5.63000
v 9.18000 10.00000 6.33000
v 9.20436 9.87754 5.63000
v 9.20436 9.87754 6.33000
v 9.27373 9.77373 5.63000
v 9.27373 9.77373 6.33000
v 9.37754 9.70436 5.63000
v 9.37754 9.70436 6.33000
v 9.50000 9.68000 5.63000
v 9.50000 9.68000 6.33000
v 9.62246 9.70436 5.63000
v 9.62246 9.70436 6.33000
v 9.72627 9.77373 5.63000
v 9.72627 9.77373 6.33000
v 9.79564 9.87754 5.63000
v 9.79564 9.87754 6.33000
v 9.50000 10.00000 5.63000
v 9.50000 10.00000 6.33000
v 13.82000 10.00000 5.63000
v 13.82000 10.00000 6.33000
v 13.79564 10.12246 5.63000
v 13.79564 10.12246 6.33000
v 13.72627 10.22627 5.63000
v 13.72627 10.22627 6.33000
v 13.62246 10.29564 5.63000
v 13.62246 10.29564 6.33000
v 13.50000 10.32000 5.63000
v 13.50000 10.32000 6.33000
v 13.37754 10.29564 5.63000
v 13.37754 10.29564 6.33000
v 13.27373 10.22627 5.63000
v 13.27373 10.22627 6.33000
v 13.20436 10.12246 5.63000
v 13.20436 10.12246 6.33000
v 13.18000 10.00000 5.63000
v 13.18000 10.00000 6.33000
v 13.20436 9.87754 5.63000
v 13.20436 9.87754 6.33000
v 13.27373 9.77373 5.63000
v 13.27373 9.77373 6.33000
v 13.37754 9.70436 5.63000
v 13.37754 9.70436 6.33000
v 13.50000 9.68000 5.63000
v 13.50000 9.68000 6.33000
v 13.62246 9.70436 5.63000
v 13.62246 9.70436 6.33000
v 13.72627 9.77373 5.63000
v 13.72627 9.77373 6.33000
v 13.79564 9.87754 5.63000
v 13.79564 9.87754 6.33000
v 13.50000 10.00000 5.63000
v 13.50000 10.00000 6.33000
v 8.90000 12.23000 3.90000
v 8.95657 12.20657 3.90000
v 8.98000 12.15000 3.90000
v 8.95657 12.09343 3.90000
v 8.90000 12.07000 3.90000
v 8.84343 12.09343 3.90000
v 8.82000 12.15000 3.90000
v 8.84343 12.20657 3.90000
v 8.90000 12.20254 4.24885
v 8.95657 12.17940 4.24518
v 8.98000 12.12353 4.23633
v 8.95657 12.06766 4.22748
v 8.90000 12.04451 4.22382
v 8.84343 12.06766 4.22748
v 8.82000 12.12353 4.23633
v 8.84343 12.17940 4.24518
v 8.90000 12.12086 4.58911
v 8.95657 12.09857 4.58187
v 8.98000 12.04477 4.56439
v 8.95657 11.99097 4.54691
v 8.90000 11.96869 4.53967
v 8.84343 11.99097 4.54691
v 8.82000 12.04477 4.56439
v 8.84343 12.09857 4.58187
v 8.90000 11.98694 4.91240
v 8.95657 11.96607 4.90176
v 8.98000 11.91566 4.87608
v 8.95657 11.86526 4.85040
v 8.90000 11.84438 4.83976
v 8.84343 11.86526 4.85040
v 8.82000 11.91566 4.87608
v 8.84343 11.96607 4.90176
v 8.90000 11.80411 5.21076
v 8.95657 11.78515 5.19699
v 8.98000 11.73939 5.16374
v 8.95657 11.69362 5.13049
v 8.90000 11.67467 5.11672
v 8.84343 11.69362 5.13049
v 8.82000 11.73939 5.16374
v 8.84343 11.78515 5.19699
v 8.90000 11.57685 5.47685
v 8.95657 11.56028 5.46028
v 8.98000 11.52028 5.42028
v 8.95657 11.48028 5.38028
v 8.90000 11.46371 5.36371
v 8.84343 11.48028 5.38028
v 8.82000 11.52028 5.42028
v 8.84343 11.56028 5.46028
v 8.90000 11.31076 5.70411
v 8.95657 11.29699 5.68515
v 8.98000 11.26374 5.63939
v 8.95657 11.23049 5.59362
v 8.90000 11.21672 5.57467
v 8.84343 11.23049 5.59362
v 8.82000 11.26374 5.63939
v 8.84343 11.29699 5.68515
v 8.90000 11.01240 5.88694
v 8.95657 11.00176 5.86607
v 8.98000 10.97608 5.81566
v 8.95657 10.95040 5.76526
v 8.90000 10.93976 5.74438
v 8.84343 10.95040 5.76526
v 8.82000 10.97608 5.81566
v 8.84343 11.00176 5.86607
v 8.90000 10.68911 6.02086
v 8.95657 10.68187 5.99857
v 8.98000 10.66439 5.94477
v 8.95657 10.64691 5.89097
v 8.90000 10.63967 5.86869
v 8.84343 10.64691 5.89097
v 8.82000 10.66439 5.94477
v 8.84343 10.68187 5.99857
v 8.90000 10.34885 6.10254
v 8.95657 10.34518 6.07940
v 8.98000 10.33633 6.02353
v 8.95657 10.32748 5.96766
v 8.90000 10.32382 5.94451
v 8.84343 10.32748 5.96766
v 8.82000 10.33633 6.02353
v 8.84343 10.34518 6.07940
v 8.90000 10.00000 6.13000
v 8.95657 10.00000 6.10657
v 8.98000 10.00000 6.05000
v 8.95657 10.00000 5.99343
v 8.90000 10.00000 5.97000
v 8.84343 10.00000 5.99343
v 8.82000 10.00000 6.05000
v 8.84343 10.00000 6.10657
v 8.90000 9.65115 6.10254
v 8.95657 9.65482 6.07940
v 8.98000 9.66367 6.02353
v 8.95657 9.67252 5.96766
v 8.90000 9.67618 5.94451
v 8.84343 9.67252 5.96766
v 8.82000 9.66367 6.02353
v 8.84343 9.65482 6.07940
v 8.90000 9.31089 6.02086
v 8.95657 9.31813 5.99857
v 8.98000 9.33561 5.94477
v 8.95657 9.35309 5.89097
v 8.90000 9.36033 5.86869
v 8.84343 9.35309 5.89097
v 8.82000 9.33561 5.94477
v 8.84343 9.31813 5.99857
v 8.90000 8.98760 5.88694
v 8.95657 8.99824 5.86607
v 8.98000 9.02392 5.81566
v 8.95657 9.04960 5.76526
v 8.90000 9.06024 5.74438
v 8.84343 9.04960 5.76526
v 8.82000 9.02392 5.81566
v 8.84343 8.99824 5.86607
v 8.90000 8.68924 5.70411
v 8.95657 8.70301 5.68515
v 8.98000 8.73626 5.63939
v 8.95657 8.76951 5.59362
v 8.90000 8.78328 5.57467
v 8.84343 8.76951 5.59362
v 8.82000 8.73626 5.63939
v 8.84343 8.70301 5.68515
v 8.90000 8.42315 5.47685
v 8.95657 8.43972 5.46028
v 8.98000 8.47972 5.42028
v 8.95657 8.51972 5.38028
v 8.90000 8.53629 5.36371
v 8.84343 8.51972 5.38028
v 8.82000 8.47972 5.42028
v 8.84343 8.43972 5.46028
v 8.90000 8.19589 5.21076
v 8.95657 8.21485 5.19699
v 8.98000 8.26061 5.16374
v 8.95657 8.30638 5.13049
v 8.90000 8.32533 5.11672
v 8.84343 8.30638 5.13049
v 8.82000 8.26061 5.16374
v 8.84343 8.21485 5.19699
v 8.90000 8.01306 4.91240
v 8.95657 8.03393 4.90176
v 8.98000 8.08434 4.87608
v 8.95657 8.13474 4.85040
v 8.90000 8.15562 4.83976
v 8.84343 8.13474 4.85040
v 8.82000 8.08434 4.87608
v 8.84343 8.03393 4.90176
v 8.90000 7.87914 4.58911
v 8.95657 7.90143 4.58187
v 8.98000 7.95523 4.56439
v 8.95657 8.00903 4.54691
v 8.90000 8.03131 4.53967
v 8.84343 8.00903 4.54691
v 8.82000 7.95523 4.56439
v 8.84343 7.90143 4.58187
v 8.90000 7.79746 4.24885
v 8.95657 7.82060 4.24518
v 8.98000 7.87647 4.23633
v 8.95657 7.93234 4.22748
v 8.90000 7.95549 4.22382
v 8.84343 7.93234 4.22748
v 8.82000 7.87647 4.23633
v 8.84343 7.82060 4.24518
v 8.90000 7.77000 3.90000
v 8.95657 7.79343 3.90000
v 8.98000 7.85000 3.90000
v 8.95657 7.90657 3.90000
v 8.90000 7.93000 3.90000
v 8.84343 7.90657 3.90000
v 8.82000 7.85000 3.90000
v 8.84343 7.79343 3.90000
v 8.90000 7.79746 3.55115
v 8.95657 7.82060 3.55482
v 8.98000 7.87647 3.56367
v 8.95657 7.93234 3.57252
v 8.90000 7.95549 3.57618
v 8.84343 7.93234 3.57252
v 8.82000 7.87647 3.56367
v 8.84343 7.82060 3.55482
v 8.90000 7.87914 3.21089
v 8.95657 7.90143 3.21813
v 8.98000 7.95523 3.23561
v 8.95657 8.00903 3.25309
v 8.90000 8.03131 3.26033
v 8.84343 8.00903 3.25309
v 8.82000 7.95523 3.23561
v 8.84343 7.90143 3.21813
v 8.90000 8.01306 2.88760
v 8.95657 8.03393 2.89824
v 8.98000 8.08434 2.92392
v 8.95657 8.13474 2.94960
v 8.90000 8.15562 2.96024
v 8.84343 8.13474 2.94960
v 8.82000 8.08434 2.92392
v 8.84343 8.03393 2.89824
v 8.90000 8.19589 2.58924
v 8.95657 8.21485 2.60301
v 8.98000 8.26061 2.63626
v 8.95657 8.30638 2.66951
v 8.90000 8.32533 2.68328
v 8.84343 8.30638 2.66951
v 8.82000 8.26061 2.63626
v 8.84343 8.21485 2.60301
v 8.90000 8.42315 2.32315
v 8.95657 8.43972 2.33972
v 8.98000 8.47972 2.37972
v 8.95657 8.51972 2.41972
v 8.90000 8.53629 2.43629
v 8.84343 8.51972 2.41972
v 8.82000 8.47972 2.37972
v 8.84343 8.43972 2.33972
v 8.90000 8.68924 2.09589
v 8.95657 8.70301 2.11485
v 8.98000 8.73626 2.16061
v 8.95657 8.76951 2.20638
v 8.90000 8.78328 2.22533
v 8.84343 8.76951 2.20638
v 8.82000 8.73626 2.16061
v 8.84343 8.70301 2.11485
v 8.90000 8.98760 1.91306
v 8.95657 8.99824 1.93393
v 8.98000 9.02392 1.98434
v 8.95657 9.04960 2.03474
v 8.90000 9.06024 2.05562
v 8.84343 9.04960 2.03474
v 8.82000 9.02392 1.98434
v 8.84343 8.99824 1.93393
v 8.90000 9.31089 1.77914
v 8.95657 9.31813 1.80143
v 8.98000 9.33561 1.85523
v 8.95657 9.35309 1.90903
v 8.90000 9.36033 1.93131
v 8.84343 9.35309 1.90903
v 8.82000 9.33561 1.85523
v 8.84343 9.31813 1.80143
v 8.90000 9.65115 1.69746
v 8.95657 9.65482 1.72060
v 8.98000 9.66367 1.77647
v 8.95657 9.67252 1.83234
v 8.90000 9.67618 1.85549
v 8.84343 9.67252 1.83234
v 8.82000 9.66367 1.77647
v 8.84343 9.65482 1.72060
v 8.90000 10.00000 1.67000
v 8.95657 10.00000 1.69343
v 8.98000 10.00000 1.75000
v 8.95657 10.00000 1.80657
v 8.90000 10.00000 1.83000
v 8.84343 10.00000 1.80657
v 8.82000 10.00000 1.75000
v 8.84343 10.00000 1.69343
v 8.90000 10.34885 1.69746
v 8.95657 10.34518 1.72060
v 8.98000 10.33633 1.77647
v 8.95657 10.32748 1.83234
v 8.90000 10.32382 1.85549
v 8.84343 10.32748 1.83234
v 8.82000 10.33633 1.77647
v 8.84343 10.34518 1.72060
v 8.90000 10.68911 1.77914
v 8.95657 10.68187 1.80143
v 8.98000 10.66439 1.85523
v 8.95657 10.64691 1.90903
v 8.90000 10.63967 1.93131
v 8.84343 10.64691 1.90903
v 8.82000 10.66439 1.85523
v 8.84343 10.68187 1.80143
v 8.90000 11.01240 1.91306
v 8.95657 11.00176 1.93393
v 8.98000 10.97608 1.98434
v 8.95657 10.95040 2.03474
v 8.90000 10.93976 2.05562
v 8.84343 10.95040 2.03474
v 8.82000 10.97608 1.98434
v 8.84343 11.00176 1.93393
v 8.90000 11.31076 2.09589
v 8.95657 11.29699 2.11485
v 8.98000 11.26374 2.16061
v 8.95657 11.23049 2.20638
v 8.90000 11.21672 2.22533
v 8.84343 11.23049 2.20638
v 8.82000 11.26374 2.16061
v 8.84343 11.29699 2.11485
v 8.90000 11.57685 2.32315
v 8.95657 11.56028 2.33972
v 8.98000 11.52028 2.37972
v 8.95657 11.48028 2.41972
v 8.90000 11.46371 2.43629
v 8.84343 11.48028 2.41972
v 8.82000 11.52028 2.37972
v 8.84343 11.56028 2.33972
v 8.90000 11.80411 2.58924
v 8.95657 11.78515 2.60301
v 8.98000 11.73939 2.63626
v 8.95657 11.69362 2.66951
v 8.90000 11.67467 2.68328
v 8.84343 11.69362 2.66951
v 8.82000 11.73939 2.63626
v 8.84343 11.78515 2.60301
v 8.90000 11.98694 2.88760
v 8.95657 11.96607 2.89824
v 8.98000 11.91566 2.92392
v 8.95657 11.86526 2.94960
v 8.90000 11.84438 2.96024
v 8.84343 11.86526 2.94960
v 8.82000 11.91566 2.92392
v 8.84343 11.96607 2.89824
v 8.90000 12.12086 3.21089
v 8.95657 12.09857 3.21813
v 8.98000 12.04477 3.23561
v 8.95657 11.99097 3.25309
v 8.90000 11.96869 3.26033
v 8.84343 11.99097 3.25309
v 8.82000 12.04477 3.23561
v 8.84343 12.09857 3.21813
v 8.90000 12.20254 3.55115
v 8.95657 12.17940 3.55482
v 8.98000 12.12353 3.56367
v 8.95657 12.06766 3.57252
v 8.90000 12.04451 3.57618
v 8.84343 12.06766 3.57252
v 8.82000 12.12353 3.56367
v 8.84343 12.17940 3.55482
v 11.50000 12.23000 3.90000
v 11.55657 12.20657 3.90000
v 11.58000 12.15000 3.90000
v 11.55657 12.09343 3.90000
v 11.50000 12.07000 3.90000
v 11.44343 12.09343 3.90000
v 11.42000 12.15000 3.90000
v 11.44343 12.20657 3.90000
v 11.50000 12.20254 4.24885
v 11.55657 12.17940 4.24518
v 11.58000 12.12353 4.23633
v 11.55657 12.06766 4.22748
v 11.50000 12.04451 4.22382
v 11.44343 12.06766 4.22748
v 11.42000 12.12353 4.23633
v 11.44343 12.17940 4.24518
v 11.50000 12.12086 4.58911
v 11.55657 12.09857 4.58187
v 11.58000 12.04477 4.56439
v 11.55657 11.99097 4.54691
v 11.50000 11.96869 4.53967
v 11.44343 11.99097 4.54691
v 11.42000 12.04477 4.56439
v 11.44343 12.09857 4.58187
v 11.50000 11.98694 4.91240
v 11.55657 11.96607 4.90176
v 11.58000 11.91566 4.87608
v 11.55657 11.86526 4.85040
v 11.50000 11.84438 4.83976
v 11.44343 11.86526 4.85040
v 11.42000 11.91566 4.87608
v 11.44343 11.96607 4.90176
v 11.50000 11.80411 5.21076
v 11.55657 11.78515 5.19699
v 11.58000 11.73939 5.16374
v 11.55657 11.69362 5.13049
v 11.50000 11.67467 5.11672
v 11.44343 11.69362 5.13049
v 11.42000 11.73939 5.16374
v 11.44343 11.78515 5.19699
v 11.50000 11.57685 5.47685
v 11.55657 11.56028 5.46028
v 11.58000 11.52028 5.42028
v 11.55657 11.48028 5.38028
v 11.50000 11.46371 5.36371
v 11.44343 11.48028 5.38028
v 11.42000 11.52028 5.42028
v 11.44343 11.56028 5.46028
v 11.50000 11.31076 5.70411
v 11.55657 11.29699 5.68515
v 11.58000 11.26374 5.63939
v 11.55657 11.23049 5.59362
v 11.50000 11.21672 5.57467
v 11.44343 11.23049 5.59362
v 11.42000 11.26374 5.63939
v 11.44343 11.29699 5.68515
v 11.50000 11.01240 5.88694
v 11.55657 11.00176 5.86607
v 11.58000 10.97608 5.81566
v 11.55657 10.95040 5.76526
v 11.50000 10.93976 5.74438
v 11.44343 10.95040 5.76526
v 11.42000 10.97608 5.81566
v 11.44343 11.00176 5.86607
v 11.50000 10.68911 6.02086
v 11.55657 10.68187 5.99857
v 11.58000 10.66439 5.94477
v 11.55657 10.64691 5.89097
v 11.50000 10.63967 5.86869
v 11.44343 10.64691 5.89097
v 11.42000 10.66439 5.94477
v 11.44343 10.68187 5.99857
v 11.50000 10.34885 6.10254
v 11.55657 10.34518 6.07940
v 11.58000 10.33633 6.02353
v 11.55657 10.32748 5.96766
v 11.50000 10.32382 5.94451
v 11.44343 10.32748 5.96766
v 11.42000 10.33633 6.02353
v 11.44343 10.34518 6.07940
v 11.50000 10.00000 6.13000
v 11.55657 10.00000 6.10657
v 11.58000 10.00000 6.05000
v 11.55657 10.00000 5.99343
v 11.50000 10.00000 5.97000
v 11.44343 10.00000 5.99343
v 11.42000 10.00000 6.05000
v 11.44343 10.00000 6.10657
v 11.50000 9.65115 6.10254
v 11.55657 9.65482 6.07940
v 11.58000 9.66367 6.02353
v 11.55657 9.67252 5.96766
v 11.50000 9.67618 5.94451
v 11.44343 9.67252 5.96766
v 11.42000 9.66367 6.02353
v 11.44343 9.65482 6.07940
v 11.50000 9.31089 6.02086
v 11.55657 9.31813 5.99857
v 11.58000 9.33561 5.94477
v 11.55657 9.35309 5.89097
v 11.50000 9.36033 5.86869
v 11.44343 9.35309 5.89097
v 11.42000 9.33561 5.94477
v 11.44343 9.31813 5.99857
v 11.50000 8.98760 5.88694
v 11.55657 8.99824 5.86607
v 11.58000 9.02392 5.81566
v 11.55657 9.04960 5.76526
v 11.50000 9.06024 5.74438
v 11.44343 9.04960 5.76526
v 11.42000 9.02392 5.81566
v 11.44343 8.99824 5.86607
v 11.50000 8.68924 5.70411
v 11.55657 8.70301 5.68515
v 11.58000 8.73626 5.63939
v 11.55657 8.76951 5.59362
v 11.50000 8.78328 5.57467
v 11.44343 8.76951 5.59362
v 11.42000 8.73626 5.63939
v 11.44343 8.70301 5.68515
v 11.50000 8.42315 5.47685
v 11.55657 8.43972 5.46028
v 11.58000 8.47972 5.42028
v 11.55657 8.51972 5.38028
v 11.50000 8.53629 5.36371
v 11.44343 8.51972 5.38028
v 11.42000 8.47972 5.42028
v 11.44343 8.43972 5.46028
v 11.50000 8.19589 5.21076
v 11.55657 8.21485 5.19699
v 11.58000 8.26061 5.16374
v 11.55657 8.30638 5.13049
v 11.50000 8.32533 5.11672
v 11.44343 8.30638 5.13049
v 11.42000 8.26061 5.16374
v 11.44343 8.21485 5.19699
v 11.50000 8.01306 4.91240
v 11.55657 8.03393 4.90176
v 11.58000 8.08434 4.87608
v 11.55657 8.13474 4.85040
v 11.50000 8.15562 4.83976
v 11.44343 8.13474 4.85040
v 11.42000 8.08434 4.87608
v 11.44343 8.03393 4.90176
v 11.50000 7.87914 4.58911
v 11.55657 7.90143 4.58187
v 11.58000 7.95523 4.56439
v 11.55657 8.00903 4.54691
v 11.50000 8.03131 4.53967
v 11.44343 8.00903 4.54691
v 11.42000 7.95523 4.56439
v 11.44343 7.90143 4.58187
v 11.50000 7.79746 4.24885
v 11.55657 7.82060 4.24518
v 11.58000 7.87647 4.23633
v 11.55657 7.93234 4.22748
v 11.50000 7.95549 4.22382
v 11.44343 7.93234 4.22748
v 11.42000 7.87647 4.23633
v 11.44343 7.82060 4.24518
v 11.50000 7.77000 3.90000
v 11.55657 7.79343 3.90000
v 11.58000 7.85000 3.90000
v 11.55657 7.90657 3.90000
v 11.50000 7.93000 3.90000
v 11.44343 7.90657 3.90000
v 11.42000 7.85000 3.90000
v 11.44343 7.79343 3.90000
v 11.50000 7.79746 3.55115
v 11.55657 7.82060 3.55482
v 11.58000 7.87647 3.56367
v 11.55657 7.93234 3.57252
v 11.50000 7.95549 3.57618
v 11.44343 7.93234 3.57252
v 11.42000 7.87647 3.56367
v 11.44343 7.82060 3.55482
v 11.50000 7.87914 3.21089
v 11.55657 7.90143 3.21813
v 11.58000 7.95523 3.23561
v 11.55657 8.00903 3.25309
v 11.50000 8.03131 3.26033
v 11.44343 8.00903 3.25309
v 11.42000 7.95523 3.23561
v 11.44343 7.90143 3.21813
v 11.50000 8.01306 2.88760
v 11.55657 8.03393 2.89824
v 11.58000 8.08434 2.92392
v 11.55657 8.13474 2.94960
v 11.50000 8.15562 2.96024
v 11.44343 8.13474 2.94960
v 11.42000 8.08434 2.92392
v 11.44343 8.03393 2.89824
v 11.50000 8.19589 2.58924
v 11.55657 8.21485 2.60301
v 11.58000 8.26061 2.63626
v 11.55657 8.30638 2.66951
v 11.50000 8.32533 2.68328
v 11.44343 8.30638 2.66951
v 11.42000 8.26061 2.63626
v 11.44343 8.21485 2.60301
v 11.50000 8.42315 2.32315
v 11.55657 8.43972 2.33972
v 11.58000 8.47972 2.37972
v 11.55657 8.51972 2.41972
v 11.50000 8.53629 2.43629
v 11.44343 8.51972 2.41972
v 11.42000 8.47972 2.37972
v 11.44343 8.43972 2.33972
v 11.50000 8.68924 2.09589
v 11.55657 8.70301 2.11485
v 11.58000 8.73626 2.16061
v 11.55657 8.76951 2.20638
v 11.50000 8.78328 2.22533
v 11.44343 8.76951 2.20638
v 11.42000 8.73626 2.16061
v 11.44343 8.70301 2.11485
v 11.50000 8.98760 1.91306
v 11.55657 8.99824 1.93393
v 11.58000 9.02392 1.98434
v 11.55657 9.04960 2.03474
v 11.50000 9.06024 2.05562
v 11.44343 9.04960 2.03474
v 11.42000 9.02392 1.98434
v 11.44343 8.99824 1.93393
v 11.50000 9.31089 1.77914
v 11.55657 9.31813 1.80143
v 11.58000 9.33561 1.85523
v 11.55657 9.35309 1.90903
v 11.50000 9.36033 1.93131
v 11.44343 9.35309 1.90903
v 11.42000 9.33561 1.85523
v 11.44343 9.31813 1.80143
v 11.50000 9.65115 1.69746
v 11.55657 9.65482 1.72060
v 11.58000 9.66367 1.77647
v 11.55657 9.67252 1.83234
v 11.50000 9.67618 1.85549
v 11.44343 9.67252 1.83234
v 11.42000 9.66367 1.77647
v 11.44343 9.65482 1.72060
v 11.50000 10.00000 1.67000
v 11.55657 10.00000 1.69343
v 11.58000 10.00000 1.75000
v 11.55657 10.00000 1.80657
v 11.50000 10.00000 1.83000
v 11.44343 10.00000 1.80657
v 11.42000 10.00000 1.75000
v 11.44343 10.00000 1.69343
v 11.50000 10.34885 1.69746
v 11.55657 10.34518 1.72060
v 11.58000 10.33633 1.77647
v 11.55657 10.32748 1.83234
v 11.50000 10.32382 1.85549
v 11.44343 10.32748 1.83234
v 11.42000 10.33633 1.77647
v 11.44343 10.34518 1.72060
v 11.50000 10.68911 1.77914
v 11.55657 10.68187 1.80143
v 11.58000 10.66439 1.85523
v 11.55657 10.64691 1.90903
v 11.50000 10.63967 1.93131
v 11.44343 10.64691 1.90903
v 11.42000 10.66439 1.85523
v 11.44343 10.68187 1.80143
v 11.50000 11.01240 1.91306
v 11.55657 11.00176 1.93393
v 11.58000 10.97608 1.98434
v 11.55657 10.95040 2.03474
v 11.50000 10.93976 2.05562
v 11.44343 10.95040 2.03474
v 11.42000 10.97608 1.98434
v 11.44343 11.00176 1.93393
v 11.50000 11.31076 2.09589
v 11.55657 11.29699 2.11485
v 11.58000 11.26374 2.16061
v 11.55657 11.23049 2.20638
v 11.50000 11.21672 2.22533
v 11.44343 11.23049 2.20638
v 11.42000 11.26374 2.16061
v 11.44343 11.29699 2.11485
v 11.50000 11.57685 2.32315
v 11.55657 11.56028 2.33972
v 11.58000 11.52028 2.37972
v 11.55657 11.48028 2.41972
v 11.50000 11.46371 2.43629
v 11.44343 11.48028 2.41972
v 11.42000 11.52028 2.37972
v 11.44343 11.56028 2.33972
v 11.50000 11.80411 2.58924
v 11.55657 11.78515 2.60301
v 11.58000 11.73939 2.63626
v 11.55657 11.69362 2.66951
v 11.50000 11.67467 2.68328
v 11.44343 11.69362 2.66951
v 11.42000 11.73939 2.63626
v 11.44343 11.78515 2.60301
v 11.50000 11.98694 2.88760
v 11.55657 11.96607 2.89824
v 11.58000 11.91566 2.92392
v 11.55657 11.86526 2.94960
v 11.50000 11.84438 2.96024
v 11.44343 11.86526 2.94960
v 11.42000 11.91566 2.92392
v 11.44343 11.96607 2.89824
v 11.50000 12.12086 3.21089
v 11.55657 12.09857 3.21813
v 11.58000 12.04477 3.23561
v 11.55657 11.99097 3.25309
v 11.50000 11.96869 3.26033
v 11.44343 11.99097 3.25309
v 11.42000 12.04477 3.23561
v 11.44343 12.09857 3.21813
v 11.50000 12.20254 3.55115
v 11.55657 12.17940 3.55482
v 11.58000 12.12353 3.56367
v 11.55657 12.06766 3.57252
v 11.50000 12.04451 3.57618
v 11.44343 12.06766 3.57252
v 11.42000 12.12353 3.56367
v 11.44343 12.17940 3.55482
v 14.10000 12.23000 3.90000
v 14.15657 12.20657 3.90000
v 14.18000 12.15000 3.90000
v 14.15657 12.09343 3.90000
v 14.10000 12.07000 3.90000
v 14.04343 12.09343 3.90000
v 14.02000 12.15000 3.90000
v 14.04343 12.20657 3.90000
v 14.10000 12.20254 4.24885
v 14.15657 12.17940 4.24518
v 14.18000 12.12353 4.23633
v 14.15657 12.06766 4.22748
v 14.10000 12.04451 4.22382
v 14.04343 12.06766 4.22748
v 14.02000 12.12353 4.23633
v 14.04343 12.17940 4.24518
v 14.10000 12.12086 4.58911
v 14.15657 12.09857 4.58187
v 14.18000 12.04477 4.56439
v 14.15657 11.99097 4.54691
v 14.10000 11.96869 4.53967
v 14.04343 11.99097 4.54691
v 14.02000 12.04477 4.56439
v 14.04343 12.09857 4.58187
v 14.10000 11.98694 4.91240
v 14.15657 11.96607 4.90176
v 14.18000 11.91566 4.87608
v 14.15657 11.86526 4.85040
v 14.10000 11.84438 4.83976
v 14.04343 11.86526 4.85040
v 14.02000 11.91566 4.87608
v 14.04343 11.96607 4.90176
v 14.10000 11.80411 5.21076
v 14.15657 11.78515 5.19699
v 14.18000 11.73939 5.16374
v 14.15657 11.69362 5.13049
v 14.10000 11.67467 5.11672
v 14.04343 11.69362 5.13049
v 14.02000 11.73939 5.16374
v 14.04343 11.78515 5.19699
v 14.10000 11.57685 5.47685
v 14.15657 11.56028 5.46028
v 14.18000 11.52028 5.42028
v 14.15657 11.48028 5.38028
v 14.10000 11.46371 5.36371
v 14.04343 11.48028 5.38028
v 14.02000 11.52028 5.42028
v 14.04343 11.56028 5.46028
v 14.10000 11.31076 5.70411
v 14.15657 11.29699 5.68515
v 14.18000 11.26374 5.63939
v 14.15657 11.23049 5.59362
v 14.10000 11.21672 5.57467
v 14.04343 11.23049 5.59362
v 14.02000 11.26374 5.63939
v 14.04343 11.29699 5.68515
v 14.10000 11.01240 5.88694
v 14.15657 11.00176 5.86607
v 14.18000 10.97608 5.81566
v 14.15657 10.95040 5.76526
v 14.10000 10.93976 5.74438
v 14.04343 10.95040 5.76526
v 14.02000 10.97608 5.81566
v 14.04343 11.00176 5.86607
v 14.10000 10.68911 6.02086
v 14.15657 10.68187 5.99857
v 14.18000 10.66439 5.94477
v 14.15657 10.64691 5.89097
v 14.10000 10.63967 5.86869
v 14.04343 10.64691 5.89097
v 14.02000 10.66439 5.94477
v 14.04343 10.68187 5.99857
v 14.10000 10.34885 6.10254
v 14.15657 10.34518 6.07940
v 14.18000 10.33633 6.02353
v 14.15657 10.32748 5.96766
v 14.10000 10.32382 5.94451
v 14.04343 10.32748 5.96766
v 14.02000 10.33633 6.02353
v 14.04343 10.34518 6.07940
v 14.10000 10.00000 6.13000
v 14.15657 10.00000 6.10657
v 14.18000 10.00000 6.05000
v 14.15657 10.00000 5.99343
v 14.10000 10.00000 5.97000
v 14.04343 10.00000 5.99343
v 14.02000 10.00000 6.05000
v 14.04343 10.00000 6.10657
v 14.10000 9.65115 6.10254
v 14.15657 9.65482 6.07940
v 14.18000 9.66367 6.02353
v 14.15657 9.67252 5.96766
v 14.10000 9.67618 5.94451
v 14.04343 9.67252 5.96766
v 14.02000 9.66367 6.02353
v 14.04343 9.65482 6.07940
v 14.10000 9.31089 6.02086
v 14.15657 9.31813 5.99857
v 14.18000 9.33561 5.94477
v 14.15657 9.35309 5.89097
v 14.10000 9.36033 5.86869
v 14.04343 9.35309 5.89097
v 14.02000 9.33561 5.94477
v 14.04343 9.31813 5.99857
v 14.10000 8.98760 5.88694
v 14.15657 8.99824 5.86607
v 14.18000 9.02392 5.81566
v 14.15657 9.04960 5.76526
v 14.10000 9.06024 5.74438
v 14.04343 9.04960 5.76526
v 14.02000 9.02392 5.81566
v 14.04343 8.99824 5.86607
v 14.10000 8.68924 5.70411
v 14.15657 8.70301 5.68515
v 14.18000 8.73626 5.63939
v 14.15657 8.76951 5.59362
v 14.10000 8.78328 5.57467
v 14.04343 8.76951 5.59362
v 14.02000 8.73626 5.63939
v 14.04343 8.70301 5.68515
v 14.10000 8.42315 5.47685
v 14.15657 8.43972 5.46028
v 14.18000 8.47972 5.42028
v 14.15657 8.51972 5.38028
v 14.10000 8.53629 5.36371
v 14.04343 8.51972 5.38028
v 14.02000 8.47972 5.42028
v 14.04343 8.43972 5.46028
v 14.10000 8.19589 5.21076
v 14.15657 8.21485 5.19699
v 14.18000 8.26061 5.16374
v 14.15657 8.30638 5.13049
v 14.10000 8.32533 5.11672
v 14.04343 8.30638 5.13049
v 14.02000 8.26061 5.16374
v 14.04343 8.21485 5.19699
v 14.10000 8.01306 4.91240
v 14.15657 8.03393 4.90176
v 14.18000 8.08434 4.87608
v 14.15657 8.13474 4.85040
v 14.10000 8.15562 4.83976
v 14.04343 8.13474 4.85040
v 14.02000 8.08434 4.87608
v 14.04343 8.03393 4.90176
v 14.10000 7.87914 4.58911
v 14.15657 7.90143 4.58187
v 14.18000 7.95523 4.56439
v 14.15657 8.00903 4.54691
v 14.10000 8.03131 4.53967
v 14.04343 8.00903 4.54691
v 14.02000 7.95523 4.56439
v 14.04343 7.90143 4.58187
v 14.10000 7.79746 4.24885
v 14.15657 7.82060 4.24518
v 14.18000 7.87647 4.23633
v 14.15657 7.93234 4.22748
v 14.10000 7.95549 4.22382
v 14.04343 7.93234 4.22748
v 14.02000 7.87647 4.23633
v 14.04343 7.82060 4.24518
v 14.10000 7.77000 3.90000
v 14.15657 7.79343 3.90000
v 14.18000 7.85000 3.90000
v 14.15657 7.90657 3.90000
v 14.10000 7.93000 3.90000
v 14.04343 7.90657 3.90000
v 14.02000 7.85000 3.90000
v 14.04343 7.79343 3.90000
v 14.10000 7.79746 3.55115
v 14.15657 7.82060 3.55482
v 14.18000 7.87647 3.56367
v 14.15657 7.93234 3.57252
v 14.10000 7.95549 3.57618
v 14.04343 7.93234 3.57252
v 14.02000 7.87647 3.56367
v 14.04343 7.82060 3.55482
v 14.10000 7.87914 3.21089
v 14.15657 7.90143 3.21813
v 14.18000 7.95523 3.23561
v 14.15657 8.00903 3.25309
v 14.10000 8.03131 3.26033
v 14.04343 8.00903 3.25309
v 14.02000 7.95523 3.23561
v 14.04343 7.90143 3.21813
v 14.10000 8.01306 2.88760
v 14.15657 8.03393 2.89824
v 14.18000 8.08434 2.92392
v 14.15657 8.13474 2.94960
v 14.10000 8.15562 2.96024
v 14.04343 8.13474 2.94960
v 14.02000 8.08434 2.92392
v 14.04343 8.03393 2.89824
v 14.10000 8.19589 2.58924
v 14.15657 8.21485 2.60301
v 14.18000 8.26061 2.63626
v 14.15657 8.30638 2.66951
v 14.10000 8.32533 2.68328
v 14.04343 8.30638 2.66951
v 14.02000 8.26061 2.63626
v 14.04343 8.21485 2.60301
v 14.10000 8.42315 2.32315
v 14.15657 8.43972 2.33972
v 14.18000 8.47972 2.37972
v 14.15657 8.51972 2.41972
v 14.10000 8.53629 2.43629
v 14.04343 8.51972 2.41972
v 14.02000 8.47972 2.37972
v 14.04343 8.43972 2.33972
v 14.10000 8.68924 2.09589
v 14.15657 8.70301 2.11485
v 14.18000 8.73626 2.16061
v 14.15657 8.76951 2.20638
v 14.10000 8.78328 2.22533
v 14.04343 8.76951 2.20638
v 14.02000 8.73626 2.16061
v 14.04343 8.70301 2.11485
v 14.10000 8.98760 1.91306
v 14.15657 8.99824 1.93393
v 14.18000 9.02392 1.98434
v 14.15657 9.04960 2.03474
v 14.10000 9.06024 2.05562
v 14.04343 9.04960 2.03474
v 14.02000 9.02392 1.98434
v 14.04343 8.99824 1.93393
v 14.10000 9.31089 1.77914
v 14.15657 9.31813 1.80143
v 14.18000 9.33561 1.85523
v 14.15657 9.35309 1.90903
v 14.10000 9.36033 1.93131
v 14.04343 9.35309 1.90903
v 14.02000 9.33561 1.85523
v 14.04343 9.31813 1.80143
v 14.10000 9.65115 1.69746
v 14.15657 9.65482 1.72060
v 14.18000 9.66367 1.77647
v 14.15657 9.67252 1.83234
v 14.10000 9.67618 1.85549
v 14.04343 9.67252 1.83234
v 14.02000 9.66367 1.77647
v 14.04343 9.65482 1.72060
v 14.10000 10.00000 1.67000
v 14.15657 10.00000 1.69343
v 14.18000 10.00000 1.75000
v 14.15657 10.00000 1.80657
v 14.10000 10.00000 1.83000
v 14.04343 10.00000 1.80657
v 14.02000 10.00000 1.75000
v 14.04343 10.00000 1.69343
v 14.10000 10.34885 1.69746
v 14.15657 10.34518 1.72060
v 14.18000 10.33633 1.77647
v 14.15657 10.32748 1.83234
v 14.10000 10.32382 1.85549
v 14.04343 10.32748 1.83234
v 14.02000 10.33633 1.77647
v 14.04343 10.34518 1.72060
v 14.10000 10.68911 1.77914
v 14.15657 10.68187 1.80143
v 14.18000 10.66439 1.85523
v 14.15657 10.64691 1.90903
v 14.10000 10.63967 1.93131
v 14.04343 10.64691 1.90903
v 14.02000 10.66439 1.85523
v 14.04343 10.68187 1.80143
v 14.10000 11.01240 1.91306
v 14.15657 11.00176 1.93393
v 14.18000 10.97608 1.98434
v 14.15657 10.95040 2.03474
v 14.10000 10.93976 2.05562
v 14.04343 10.95040 2.03474
v 14.02000 10.97608 1.98434
v 14.04343 11.00176 1.93393
v 14.10000 11.31076 2.09589
v 14.15657 11.29699 2.11485
v 14.18000 11.26374 2.16061
v 14.15657 11.23049 2.20638
v 14.10000 11.21672 2.22533
v 14.04343 11.23049 2.20638
v 14.02000 11.26374 2.16061
v 14.04343 11.29699 2.11485
v 14.10000 11.57685 2.32315
v 14.15657 11.56028 2.33972
v 14.18000 11.52028 2.37972
v 14.15657 11.48028 2.41972
v 14.10000 11.46371 2.43629
v 14.04343 11.48028 2.41972
v 14.02000 11.52028 2.37972
v 14.04343 11.56028 2.33972
v 14.10000 11.80411 2.58924
v 14.15657 11.78515 2.60301
v 14.18000 11.73939 2.63626
v 14.15657 11.69362 2.66951
v 14.10000 11.67467 2.68328
v 14.04343 11.69362 2.66951
v 14.02000 11.73939 2.63626
v 14.04343 11.78515 2.60301
v 14.10000 11.98694 2.88760
v 14.15657 11.96607 2.89824
v 14.18000 11.91566 2.92392
v 14.15657 11.86526 2.94960
v 14.10000 11.84438 2.96024
v 14.04343 11.86526 2.94960
v 14.02000 11.91566 2.92392
v 14.04343 11.96607 2.89824
v 14.10000 12.12086 3.21089
v 14.15657 12.09857 3.21813
v 14.18000 12.04477 3.23561
v 14.15657 11.99097 3.25309
v 14.10000 11.96869 3.26033
v 14.04343 11.99097 3.25309
v 14.02000 12.04477 3.23561
v 14.04343 12.09857 3.21813
v 14.10000 12.20254 3.55115
v 14.15657 12.17940 3.55482
v 14.18000 12.12353 3.56367
v 14.15657 12.06766 3.57252
v 14.10000 12.04451 3.57618
v 14.04343 12.06766 3.57252
v 14.02000 12.12353 3.56367
v 14.04343 12.17940 3.55482
v 10.90000 7.89000 3.62500
v 12.10000 7.89000 3.62500
v 12.10000 8.01000 3.62500
v 10.90000 8.01000 3.62500
v 10.90000 7.89000 4.17500
v 12.10000 7.89000 4.17500
v 12.10000 8.01000 4.17500
v 10.90000 8.01000 4.17500
v 23.00000 5.30000 0.00000
v 26.60000 5.30000 0.00000
v 26.60000 7.10000 0.00000
v 23.00000 7.10000 0.00000
v 23.00000 5.30000 0.40000
v 26.60000 5.30000 0.40000
v 26.60000 7.10000 0.40000
v 23.00000 7.10000 0.40000
v 23.25000 5.47500 0.34500
v 26.35000 5.47500 0.34500
v 26.35000 6.92500 0.34500
v 23.25000 6.92500 0.34500
v 23.25000 5.47500 0.49500
v 26.35000 5.47500 0.49500
v 26.35000 6.92500 0.49500
v 23.25000 6.92500 0.49500
v 23.41000 5.50000 0.37500
v 23.41000 5.50000 0.72500
v 23.39243 5.54243 0.37500
v 23.39243 5.54243 0.72500
v 23.35000 5.56000 0.37500
v 23.35000 5.56000 0.72500
v 23.30757 5.54243 0.37500
v 23.30757 5.54243 0.72500
v 23.29000 5.50000 0.37500
v 23.29000 5.50000 0.72500
v 23.30757 5.45757 0.37500
v 23.30757 5.45757 0.72500
v 23.35000 5.44000 0.37500
v 23.35000 5.44000 0.72500
v 23.39243 5.45757 0.37500
v 23.39243 5.45757 0.72500
v 23.35000 5.50000 0.37500
v 23.35000 5.50000 0.72500
v 23.41000 6.90000 0.37500
v 23.41000 6.90000 0.72500
v 23.39243 6.94243 0.37500
v 23.39243 6.94243 0.72500
v 23.35000 6.96000 0.37500
v 23.35000 6.96000 0.72500
v 23.30757 6.94243 0.37500
v 23.30757 6.94243 0.72500
v 23.29000 6.90000 0.37500
v 23.29000 6.90000 0.72500
v 23.30757 6.85757 0.37500
v 23.30757 6.85757 0.72500
v 23.35000 6.84000 0.37500
v 23.35000 6.84000 0.72500
v 23.39243 6.85757 0.37500
v 23.39243 6.85757 0.72500
v 23.35000 6.90000 0.37500
v 23.35000 6.90000 0.72500
v 26.31000 5.50000 0.37500
v 26.31000 5.50000 0.72500
v 26.29243 5.54243 0.37500
v 26.29243 5.54243 0.72500
v 26.25000 5.56000 0.37500
v 26.25000 5.56000 0.72500
v 26.20757 5.54243 0.37500
v 26.20757 5.54243 0.72500
v 26.19000 5.50000 0.37500
v 26.19000 5.50000 0.72500
v 26.20757 5.45757 0.37500
v 26.20757 5.45757 0.72500
v 26.25000 5.44000 0.37500
v 26.25000 5.44000 0.72500
v 26.29243 5.45757 0.37500
v 26.29243 5.45757 0.72500
v 26.25000 5.50000 0.37500
v 26.25000 5.50000 0.72500
v 26.31000 6.90000 0.37500
v 26.31000 6.90000 0.72500
v 26.29243 6.94243 0.37500
v 26.29243 6.94243 0.72500
v 26.25000 6.96000 0.37500
v 26.25000 6.96000 0.72500
v 26.20757 6.94243 0.37500
v 26.20757 6.94243 0.72500
v 26.19000 6.90000 0.37500
v 26.19000 6.90000 0.72500
v 26.20757 6.85757 0.37500
v 26.20757 6.85757 0.72500
v 26.25000 6.84000 0.37500
v 26.25000 6.84000 0.72500
v 26.29243 6.85757 0.37500
v 26.29243 6.85757 0.72500
v 26.25000 6.90000 0.37500
v 26.25000 6.90000 0.72500
v 23.27500 6.72000 1.07000
v 24.62500 6.72000 1.07000
v 23.27500 6.70696 1.18571
v 24.62500 6.70696 1.18571
v 23.27500 6.66850 1.29562
v 24.62500 6.66850 1.29562
v 23.27500 6.60655 1.39421
v 24.62500 6.60655 1.39421
v 23.27500 6.52421 1.47655
v 24.62500 6.52421 1.47655
v 23.27500 6.42562 1.53850
v 24.62500 6.42562 1.53850
v 23.27500 6.31571 1.57696
v 24.62500 6.31571 1.57696
v 23.27500 6.20000 1.59000
v 24.62500 6.20000 1.59000
v 23.27500 6.08429 1.57696
v 24.62500 6.08429 1.57696
v 23.27500 5.97438 1.53850
v 24.62500 5.97438 1.53850
v 23.27500 5.87579 1.47655
v 24.62500 5.87579 1.47655
v 23.27500 5.79345 1.39421
v 24.62500 5.79345 1.39421
v 23.27500 5.73150 1.29562
v 24.62500 5.73150 1.29562
v 23.27500 5.69304 1.18571
v 24.62500 5.69304 1.18571
v 23.27500 5.68000 1.07000
v 24.62500 5.68000 1.07000
v 23.27500 5.69304 0.95429
v 24.62500 5.69304 0.95429
v 23.27500 5.73150 0.84438
v 24.62500 5.73150 0.84438
v 23.27500 5.79345 0.74579
v 24.62500 5.79345 0.74579
v 23.27500 5.87579 0.66345
v 24.62500 5.87579 0.66345
v 23.27500 5.97438 0.60150
v 24.62500 5.97438 0.60150
v 23.27500 6.08429 0.56304
v 24.62500 6.08429 0.56304
v 23.27500 6.20000 0.55000
v 24.62500 6.20000 0.55000
v 23.27500 6.31571 0.56304
v 24.62500 6.31571 0.56304
v 23.27500 6.42562 0.60150
v 24.62500 6.42562 0.60150
v 23.27500 6.52421 0.66345
v 24.62500 6.52421 0.66345
v 23.27500 6.60655 0.74579
v 24.62500 6.60655 0.74579
v 23.27500 6.66850 0.84438
v 24.62500 6.66850 0.84438
v 23.27500 6.70696 0.95429
v 24.62500 6.70696 0.95429
v 23.27500 6.20000 1.07000
v 24.62500 6.20000 1.07000
v 23.47500 6.02500 1.44000
v 24.42500 6.02500 1.44000
v 24.42500 6.37500 1.44000
v 23.47500 6.37500 1.44000
v 23.47500 6.02500 1.66000
v 24.42500 6.02500 1.66000
v 24.42500 6.37500 1.66000
v 23.47500 6.37500 1.66000
v 23.05000 6.52000 1.07000
v 23.35000 6.52000 1.07000
v 23.05000 6.49564 1.19246
v 23.35000 6.49564 1.19246
v 23.05000 6.42627 1.29627
v 23.35000 6.42627 1.29627
v 23.05000 6.32246 1.36564
v 23.35000 6.32246 1.36564
v 23.05000 6.20000 1.39000
v 23.35000 6.20000 1.39000
v 23.05000 6.07754 1.36564
v 23.35000 6.07754 1.36564
v 23.05000 5.97373 1.29627
v 23.35000 5.97373 1.29627
v 23.05000 5.90436 1.19246
v 23.35000 5.90436 1.19246
v 23.05000 5.88000 1.07000
v 23.35000 5.88000 1.07000
v 23.05000 5.90436 0.94754
v 23.35000 5.90436 0.94754
v 23.05000 5.97373 0.84373
v 23.35000 5.97373 0.84373
v 23.05000 6.07754 0.77436
v 23.35000 6.07754 0.77436
v 23.05000 6.20000 0.75000
v 23.35000 6.20000 0.75000
v 23.05000 6.32246 0.77436
v 23.35000 6.32246 0.77436
v 23.05000 6.42627 0.84373
v 23.35000 6.42627 0.84373
v 23.05000 6.49564 0.94754
v 23.35000 6.49564 0.94754
v 23.05000 6.20000 1.07000
v 23.35000 6.20000 1.07000
v 24.72500 6.50000 1.07000
v 25.17500 6.50000 1.07000
v 24.72500 6.48191 1.17261
v 25.17500 6.48191 1.17261
v 24.72500 6.42981 1.26284
v 25.17500 6.42981 1.26284
v 24.72500 6.35000 1.32981
v 25.17500 6.35000 1.32981
v 24.72500 6.25209 1.36544
v 25.17500 6.25209 1.36544
v 24.72500 6.14791 1.36544
v 25.17500 6.14791 1.36544
v 24.72500 6.05000 1.32981
v 25.17500 6.05000 1.32981
v 24.72500 5.97019 1.26284
v 25.17500 5.97019 1.26284
v 24.72500 5.91809 1.17261
v 25.17500 5.91809 1.17261
v 24.72500 5.90000 1.07000
v 25.17500 5.90000 1.07000
v 24.72500 5.91809 0.96739
v 25.17500 5.91809 0.96739
v 24.72500 5.97019 0.87716
v 25.17500 5.97019 0.87716
v 24.72500 6.05000 0.81019
v 25.17500 6.05000 0.81019
v 24.72500 6.14791 0.77456
v 25.17500 6.14791 0.77456
v 24.72500 6.25209 0.77456
v 25.17500 6.25209 0.77456
v 24.72500 6.35000 0.81019
v 25.17500 6.35000 0.81019
v 24.72500 6.42981 0.87716
v 25.17500 6.42981 0.87716
v 24.72500 6.48191 0.96739
v 25.17500 6.48191 0.96739
v 24.72500 6.20000 1.07000
v 25.17500 6.20000 1.07000
v 25.45000 6.92000 1.07000
v 26.35000 6.92000 1.07000
v 25.45000 6.90195 1.23022
v 26.35000 6.90195 1.23022
v 25.45000 6.84870 1.38240
v 26.35000 6.84870 1.38240
v 25.45000 6.76292 1.51891
v 26.35000 6.76292 1.51891
v 25.45000 6.64891 1.63292
v 26.35000 6.64891 1.63292
v 25.45000 6.51240 1.71870
v 26.35000 6.51240 1.71870
v 25.45000 6.36022 1.77195
v 26.35000 6.36022 1.77195
v 25.45000 6.20000 1.79000
v 26.35000 6.20000 1.79000
v 25.45000 6.03978 1.77195
v 26.35000 6.03978 1.77195
v 25.45000 5.88760 1.71870
v 26.35000 5.88760 1.71870
v 25.45000 5.75109 1.63292
v 26.35000 5.75109 1.63292
v 25.45000 5.63708 1.51891
v 26.35000 5.63708 1.51891
v 25.45000 5.55130 1.38240
v 26.35000 5.55130 1.38240
v 25.45000 5.49805 1.23022
v 26.35000 5.49805 1.23022
v 25.45000 5.48000 1.07000
v 26.35000 5.48000 1.07000
v 25.45000 5.49805 0.90978
v 26.35000 5.49805 0.90978
v 25.45000 5.55130 0.75760
v 26.35000 5.55130 0.75760
v 25.45000 5.63708 0.62109
v 26.35000 5.63708 0.62109
v 25.45000 5.75109 0.50708
v 26.35000 5.75109 0.50708
v 25.45000 5.88760 0.42130
v 26.35000 5.88760 0.42130
v 25.45000 6.03978 0.36805
v 26.35000 6.03978 0.36805
v 25.45000 6.20000 0.35000
v 26.35000 6.20000 0.35000
v 25.45000 6.36022 0.36805
v 26.35000 6.36022 0.36805
v 25.45000 6.51240 0.42130
v 26.35000 6.51240 0.42130
v 25.45000 6.64891 0.50708
v 26.35000 6.64891 0.50708
v 25.45000 6.76292 0.62109
v 26.35000 6.76292 0.62109
v 25.45000 6.84870 0.75760
v 26.35000 6.84870 0.75760
v 25.45000 6.90195 0.90978
v 26.35000 6.90195 0.90978
v 25.45000 6.20000 1.07000
v 26.35000 6.20000 1.07000
v 26.18000 6.30000 1.07000
v 26.18000 7.20000 1.07000
v 26.15869 6.30000 1.17715
v 26.15869 7.20000 1.17715
v 26.09799 6.30000 1.26799
v 26.09799 7.20000 1.26799
v 26.00715 6.30000 1.32869
v 26.00715 7.20000 1.32869
v 25.90000 6.30000 1.35000
v 25.90000 7.20000 1.35000
v 25.79285 6.30000 1.32869
v 25.79285 7.20000 1.32869
v 25.70201 6.30000 1.26799
v 25.70201 7.20000 1.26799
v 25.64131 6.30000 1.17715
v 25.64131 7.20000 1.17715
v 25.62000 6.30000 1.07000
v 25.62000 7.20000 1.07000
v 25.64131 6.30000 0.96285
v 25.64131 7.20000 0.96285
v 25.70201 6.30000 0.87201
v 25.70201 7.20000 0.87201
v 25.79285 6.30000 0.81131
v 25.79285 7.20000 0.81131
v 25.90000 6.30000 0.79000
v 25.90000 7.20000 0.79000
v 26.00715 6.30000 0.81131
v 26.00715 7.20000 0.81131
v 26.09799 6.30000 0.87201
v 26.09799 7.20000 0.87201
v 26.15869 6.30000 0.96285
v 26.15869 7.20000 0.96285
v 25.90000 6.30000 1.07000
v 25.90000 7.20000 1.07000
v 26.35000 6.56000 1.07000
v 26.85000 6.56000 1.07000
v 26.35000 6.53260 1.20777
v 26.85000 6.53260 1.20777
v 26.35000 6.45456 1.32456
v 26.85000 6.45456 1.32456
v 26.35000 6.33777 1.40260
v 26.85000 6.33777 1.40260
v 26.35000 6.20000 1.43000
v 26.85000 6.20000 1.43000
v 26.35000 6.06223 1.40260
v 26.85000 6.06223 1.40260
v 26.35000 5.94544 1.32456
v 26.85000 5.94544 1.32456
v 26.35000 5.86740 1.20777
v 26.85000 5.86740 1.20777
v 26.35000 5.84000 1.07000
v 26.85000 5.84000 1.07000
v 26.35000 5.86740 0.93223
v 26.85000 5.86740 0.93223
v 26.35000 5.94544 0.81544
v 26.85000 5.94544 0.81544
v 26.35000 6.06223 0.73740
v 26.85000 6.06223 0.73740
v 26.35000 6.20000 0.71000
v 26.85000 6.20000 0.71000
v 26.35000 6.33777 0.73740
v 26.85000 6.33777 0.73740
v 26.35000 6.45456 0.81544
v 26.85000 6.45456 0.81544
v 26.35000 6.53260 0.93223
v 26.85000 6.53260 0.93223
v 26.35000 6.20000 1.07000
v 26.85000 6.20000 1.07000
v 26.85000 6.67000 1.07000
v 26.89950 6.64950 1.07000
v 26.92000 6.60000 1.07000
v 26.89950 6.55050 1.07000
v 26.85000 6.53000 1.07000
v 26.80050 6.55050 1.07000
v 26.78000 6.60000 1.07000
v 26.80050 6.64950 1.07000
v 26.85000 6.63422 1.24986
v 26.89950 6.61528 1.24202
v 26.92000 6.56955 1.22307
v 26.89950 6.52382 1.20413
v 26.85000 6.50488 1.19629
v 26.80050 6.52382 1.20413
v 26.78000 6.56955 1.22307
v 26.80050 6.61528 1.24202
v 26.85000 6.53234 1.40234
v 26.89950 6.51784 1.38784
v 26.92000 6.48284 1.35284
v 26.89950 6.44784 1.31784
v 26.85000 6.43335 1.30335
v 26.80050 6.44784 1.31784
v 26.78000 6.48284 1.35284
v 26.80050 6.51784 1.38784
v 26.85000 6.37986 1.50422
v 26.89950 6.37202 1.48528
v 26.92000 6.35307 1.43955
v 26.89950 6.33413 1.39382
v 26.85000 6.32629 1.37488
v 26.80050 6.33413 1.39382
v 26.78000 6.35307 1.43955
v 26.80050 6.37202 1.48528
v 26.85000 6.20000 1.54000
v 26.89950 6.20000 1.51950
v 26.92000 6.20000 1.47000
v 26.89950 6.20000 1.42050
v 26.85000 6.20000 1.40000
v 26.80050 6.20000 1.42050
v 26.78000 6.20000 1.47000
v 26.80050 6.20000 1.51950
v 26.85000 6.02014 1.50422
v 26.89950 6.02798 1.48528
v 26.92000 6.04693 1.43955
v 26.89950 6.06587 1.39382
v 26.85000 6.07371 1.37488
v 26.80050 6.06587 1.39382
v 26.78000 6.04693 1.43955
v 26.80050 6.02798 1.48528
v 26.85000 5.86766 1.40234
v 26.89950 5.88216 1.38784
v 26.92000 5.91716 1.35284
v 26.89950 5.95216 1.31784
v 26.85000 5.96665 1.30335
v 26.80050 5.95216 1.31784
v 26.78000 5.91716 1.35284
v 26.80050 5.88216 1.38784
v 26.85000 5.76578 1.24986
v 26.89950 5.78472 1.24202
v 26.92000 5.83045 1.22307
v 26.89950 5.87618 1.20413
v 26.85000 5.89512 1.19629
v 26.80050 5.87618 1.20413
v 26.78000 5.83045 1.22307
v 26.80050 5.78472 1.24202
v 26.85000 5.73000 1.07000
v 26.89950 5.75050 1.07000
v 26.92000 5.80000 1.07000
v 26.89950 5.84950 1.07000
v 26.85000 5.87000 1.07000
v 26.80050 5.84950 1.07000
v 26.78000 5.80000 1.07000
v 26.80050 5.75050 1.07000
v 26.85000 5.76578 0.89014
v 26.89950 5.78472 0.89798
v 26.92000 5.83045 0.91693
v 26.89950 5.87618 0.93587
v 26.85000 5.89512 0.94371
v 26.80050 5.87618 0.93587
v 26.78000 5.83045 0.91693
v 26.80050 5.78472 0.89798
v 26.85000 5.86766 0.73766
v 26.89950 5.88216 0.75216
v 26.92000 5.91716 0.78716
v 26.89950 5.95216 0.82216
v 26.85000 5.96665 0.83665
v 26.80050 5.95216 0.82216
v 26.78000 5.91716 0.78716
v 26.80050 5.88216 0.75216
v 26.85000 6.02014 0.63578
v 26.89950 6.02798 0.65472
v 26.92000 6.04693 0.70045
v 26.89950 6.06587 0.74618
v 26.85000 6.07371 0.76512
v 26.80050 6.06587 0.74618
v 26.78000 6.04693 0.70045
v 26.80050 6.02798 0.65472
v 26.85000 6.20000 0.60000
v 26.89950 6.20000 0.62050
v 26.92000 6.20000 0.67000
v 26.89950 6.20000 0.71950
v 26.85000 6.20000 0.74000
v 26.80050 6.20000 0.71950
v 26.78000 6.20000 0.67000
v 26.80050 6.20000 0.62050
v 26.85000 6.37986 0.63578
v 26.89950 6.37202 0.65472
v 26.92000 6.35307 0.70045
v 26.89950 6.33413 0.74618
v 26.85000 6.32629 0.76512
v 26.80050 6.33413 0.74618
v 26.78000 6.35307 0.70045
v 26.80050 6.37202 0.65472
v 26.85000 6.53234 0.73766
v 26.89950 6.51784 0.75216
v 26.92000 6.48284 0.78716
v 26.89950 6.44784 0.82216
v 26.85000 6.43335 0.83665
v 26.80050 6.44784 0.82216
v 26.78000 6.48284 0.78716
v 26.80050 6.51784 0.75216
v 26.85000 6.63422 0.89014
v 26.89950 6.61528 0.89798
v 26.92000 6.56955 0.91693
v 26.89950 6.52382 0.93587
v 26.85000 6.50488 0.94371
v 26.80050 6.52382 0.93587
v 26.78000 6.56955 0.91693
v 26.80050 6.61528 0.89798
v 26.26000 7.15000 1.07000
v 26.24243 7.19243 1.07000
v 26.20000 7.21000 1.07000
v 26.15757 7.19243 1.07000
v 26.14000 7.15000 1.07000
v 26.15757 7.10757 1.07000
v 26.20000 7.09000 1.07000
v 26.24243 7.10757 1.07000
v 26.22435 7.15000 1.22620
v 26.20852 7.19243 1.21857
v 26.17029 7.21000 1.20017
v 26.13207 7.19243 1.18176
v 26.11623 7.15000 1.17413
v 26.13207 7.10757 1.18176
v 26.17029 7.09000 1.20017
v 26.20852 7.10757 1.21857
v 26.12446 7.15000 1.35146
v 26.11350 7.19243 1.33772
v 26.08705 7.21000 1.30455
v 26.06059 7.19243 1.27138
v 26.04964 7.15000 1.25764
v 26.06059 7.10757 1.27138
v 26.08705 7.09000 1.30455
v 26.11350 7.10757 1.33772
v 25.98011 7.15000 1.42097
v 25.97620 7.19243 1.40384
v 25.96676 7.21000 1.36248
v 25.95732 7.19243 1.32112
v 25.95341 7.15000 1.30398
v 25.95732 7.10757 1.32112
v 25.96676 7.09000 1.36248
v 25.97620 7.10757 1.40384
v 25.81989 7.15000 1.42097
v 25.82380 7.19243 1.40384
v 25.83324 7.21000 1.36248
v 25.84268 7.19243 1.32112
v 25.84659 7.15000 1.30398
v 25.84268 7.10757 1.32112
v 25.83324 7.09000 1.36248
v 25.82380 7.10757 1.40384
v 25.67554 7.15000 1.35146
v 25.68650 7.19243 1.33772
v 25.71295 7.21000 1.30455
v 25.73941 7.19243 1.27138
v 25.75036 7.15000 1.25764
v 25.73941 7.10757 1.27138
v 25.71295 7.09000 1.30455
v 25.68650 7.10757 1.33772
v 25.57565 7.15000 1.22620
v 25.59148 7.19243 1.21857
v 25.62971 7.21000 1.20017
v 25.66793 7.19243 1.18176
v 25.68377 7.15000 1.17413
v 25.66793 7.10757 1.18176
v 25.62971 7.09000 1.20017
v 25.59148 7.10757 1.21857
v 25.54000 7.15000 1.07000
v 25.55757 7.19243 1.07000
v 25.60000 7.21000 1.07000
v 25.64243 7.19243 1.07000
v 25.66000 7.15000 1.07000
v 25.64243 7.10757 1.07000
v 25.60000 7.09000 1.07000
v 25.55757 7.10757 1.07000
v 25.57565 7.15000 0.91380
v 25.59148 7.19243 0.92143
v 25.62971 7.21000 0.93983
v 25.66793 7.19243 0.95824
v 25.68377 7.15000 0.96587
v 25.66793 7.10757 0.95824
v 25.62971 7.09000 0.93983
v 25.59148 7.10757 0.92143
v 25.67554 7.15000 0.78854
v 25.68650 7.19243 0.80228
v 25.71295 7.21000 0.83545
v 25.73941 7.19243 0.86862
v 25.75036 7.15000 0.88236
v 25.73941 7.10757 0.86862
v 25.71295 7.09000 0.83545
v 25.68650 7.10757 0.80228
v 25.81989 7.15000 0.71903
v 25.82380 7.19243 0.73616
v 25.83324 7.21000 0.77752
v 25.84268 7.19243 0.81888
v 25.84659 7.15000 0.83602
v 25.84268 7.10757 0.81888
v 25.83324 7.09000 0.77752
v 25.82380 7.10757 0.73616
v 25.98011 7.15000 0.71903
v 25.97620 7.19243 0.73616
v 25.96676 7.21000 0.77752
v 25.95732 7.19243 0.81888
v 25.95341 7.15000 0.83602
v 25.95732 7.10757 0.81888
v 25.96676 7.09000 0.77752
v 25.97620 7.10757 0.73616
v 26.12446 7.15000 0.78854
v 26.11350 7.19243 0.80228
v 26.08705 7.21000 0.83545
v 26.06059 7.19243 0.86862
v 26.04964 7.15000 0.88236
v 26.06059 7.10757 0.86862
v 26.08705 7.09000 0.83545
v 26.11350 7.10757 0.80228
v 26.22435 7.15000 0.91380
v 26.20852 7.19243 0.92143
v 26.17029 7.21000 0.93983
v 26.13207 7.19243 0.95824
v 26.11623 7.15000 0.96587
v 26.13207 7.10757 0.95824
v 26.17029 7.09000 0.93983
v 26.20852 7.10757 0.92143
v 22.95000 5.25000 0.03500
v 26.65000 5.25000 0.03500
v 26.65000 7.15000 0.03500
v 22.95000 7.15000 0.03500
v 22.95000 5.25000 0.08500
v 26.65000 5.25000 0.08500
v 26.65000 7.15000 0.08500
v 22.95000 7.15000 0.08500
v 23.00000 12.90000 0.00000
v 26.60000 12.90000 0.00000
v 26.60000 14.70000 0.00000
v 23.00000 14.70000 0.00000
v 23.00000 12.90000 0.40000
v 26.60000 12.90000 0.40000
v 26.60000 14.70000 0.40000
v 23.00000 14.70000 0.40000
v 23.25000 13.07500 0.34500
v 26.35000 13.07500 0.34500
v 26.35000 14.52500 0.34500
v 23.25000 14.52500 0.34500
v 23.25000 13.07500 0.49500
v 26.35000 13.07500 0.49500
v 26.35000 14.52500 0.49500
v 23.25000 14.52500 0.49500
v 23.41000 13.10000 0.37500
v 23.41000 13.10000 0.72500
v 23.39243 13.14243 0.37500
v 23.39243 13.14243 0.72500
v 23.35000 13.16000 0.37500
v 23.35000 13.16000 0.72500
v 23.30757 13.14243 0.37500
v 23.30757 13.14243 0.72500
v 23.29000 13.10000 0.37500
v 23.29000 13.10000 0.72500
v 23.30757 13.05757 0.37500
v 23.30757 13.05757 0.72500
v 23.35000 13.04000 0.37500
v 23.35000 13.04000 0.72500
v 23.39243 13.05757 0.37500
v 23.39243 13.05757 0.72500
v 23.35000 13.10000 0.37500
v 23.35000 13.10000 0.72500
v 23.41000 14.50000 0.37500
v 23.41000 14.50000 0.72500
v 23.39243 14.54243 0.37500
v 23.39243 14.54243 0.72500
v 23.35000 14.56000 0.37500
v 23.35000 14.56000 0.72500
v 23.30757 14.54243 0.37500
v 23.30757 14.54243 0.72500
v 23.29000 14.50000 0.37500
v 23.29000 14.50000 0.72500
v 23.30757 14.45757 0.37500
v 23.30757 14.45757 0.72500
v 23.35000 14.44000 0.37500
v 23.35000 14.44000 0.72500
v 23.39243 14.45757 0.37500
v 23.39243 14.45757 0.72500
v 23.35000 14.50000 0.37500
v 23.35000 14.50000 0.72500
v 26.31000 13.10000 0.37500
v 26.31000 13.10000 0.72500
v 26.29243 13.14243 0.37500
v 26.29243 13.14243 0.72500
v 26.25000 13.16000 0.37500
v 26.25000 13.16000 0.72500
v 26.20757 13.14243 0.37500
v 26.20757 13.14243 0.72500
v 26.19000 13.10000 0.37500
v 26.19000 13.10000 0.72500
v 26.20757 13.05757 0.37500
v 26.20757 13.05757 0.72500
v 26.25000 13.04000 0.37500
v 26.25000 13.04000 0.72500
v 26.29243 13.05757 0.37500
v 26.29243 13.05757 0.72500
v 26.25000 13.10000 0.37500
v 26.25000 13.10000 0.72500
v 26.31000 14.50000 0.37500
v 26.31000 14.50000 0.72500
v 26.29243 14.54243 0.37500
v 26.29243 14.54243 0.72500
v 26.25000 14.56000 0.37500
v 26.25000 14.56000 0.72500
v 26.20757 14.54243 0.37500
v 26.20757 14.54243 0.72500
v 26.19000 14.50000 0.37500
v 26.19000 14.50000 0.72500
v 26.20757 14.45757 0.37500
v 26.20757 14.45757 0.72500
v 26.25000 14.44000 0.37500
v 26.25000 14.44000 0.72500
v 26.29243 14.45757 0.37500
v 26.29243 14.45757 0.72500
v 26.25000 14.50000 0.37500
v 26.25000 14.50000 0.72500
v 23.27500 14.32000 1.07000
v 24.62500 14.32000 1.07000
v 23.27500 14.30696 1.18571
v 24.62500 14.30696 1.18571
v 23.27500 14.26850 1.29562
v 24.62500 14.26850 1.29562
v 23.27500 14.20655 1.39421
v 24.62500 14.20655 1.39421
v 23.27500 14.12421 1.47655
v 24.62500 14.12421 1.47655
v 23.27500 14.02562 1.53850
v 24.62500 14.02562 1.53850
v 23.27500 13.91571 1.57696
v 24.62500 13.91571 1.57696
v 23.27500 13.80000 1.59000
v 24.62500 13.80000 1.59000
v 23.27500 13.68429 1.57696
v 24.62500 13.68429 1.57696
v 23.27500 13.57438 1.53850
v 24.62500 13.57438 1.53850
v 23.27500 13.47579 1.47655
v 24.62500 13.47579 1.47655
v 23.27500 13.39345 1.39421
v 24.62500 13.39345 1.39421
v 23.27500 13.33150 1.29562
v 24.62500 13.33150 1.29562
v 23.27500 13.29304 1.18571
v 24.62500 13.29304 1.18571
v 23.27500 13.28000 1.07000
v 24.62500 13.28000 1.07000
v 23.27500 13.29304 0.95429
v 24.62500 13.29304 0.95429
v 23.27500 13.33150 0.84438
v 24.62500 13.33150 0.84438
v 23.27500 13.39345 0.74579
v 24.62500 13.39345 0.74579
v 23.27500 13.47579 0.66345
v 24.62500 13.47579 0.66345
v 23.27500 13.57438 0.60150
v 24.62500 13.57438 0.60150
v 23.27500 13.68429 0.56304
v 24.62500 13.68429 0.56304
v 23.27500 13.80000 0.55000
v 24.62500 13.80000 0.55000
v 23.27500 13.91571 0.56304
v 24.62500 13.91571 0.56304
v 23.27500 14.02562 0.60150
v 24.62500 14.02562 0.60150
v 23.27500 14.12421 0.66345
v 24.62500 14.12421 0.66345
v 23.27500 14.20655 0.74579
v 24.62500 14.20655 0.74579
v 23.27500 14.26850 0.84438
v 24.62500 14.26850 0.84438
v 23.27500 14.30696 0.95429
v 24.62500 14.30696 0.95429
v 23.27500 13.80000 1.07000
v 24.62500 13.80000 1.07000
v 23.47500 13.62500 1.44000
v 24.42500 13.62500 1.44000
v 24.42500 13.97500 1.44000
v 23.47500 13.97500 1.44000
v 23.47500 13.62500 1.66000
v 24.42500 13.62500 1.66000
v 24.42500 13.97500 1.66000
v 23.47500 13.97500 1.66000
v 23.05000 14.12000 1.07000
v 23.35000 14.12000 1.07000
v 23.05000 14.09564 1.19246
v 23.35000 14.09564 1.19246
v 23.05000 14.02627 1.29627
v 23.35000 14.02627 1.29627
v 23.05000 13.92246 1.36564
v 23.35000 13.92246 1.36564
v 23.05000 13.80000 1.39000
v 23.35000 13.80000 1.39000
v 23.05000 13.67754 1.36564
v 23.35000 13.67754 1.36564
v 23.05000 13.57373 1.29627
v 23.35000 13.57373 1.29627
v 23.05000 13.50436 1.19246
v 23.35000 13.50436 1.19246
v 23.05000 13.48000 1.07000
v 23.35000 13.48000 1.07000
v 23.05000 13.50436 0.94754
v 23.35000 13.50436 0.94754
v 23.05000 13.57373 0.84373
v 23.35000 13.57373 0.84373
v 23.05000 13.67754 0.77436
v 23.35000 13.67754 0.77436
v 23.05000 13.80000 0.75000
v 23.35000 13.80000 0.75000
v 23.05000 13.92246 0.77436
v 23.35000 13.92246 0.77436
v 23.05000 14.02627 0.84373
v 23.35000 14.02627 0.84373
v 23.05000 14.09564 0.94754
v 23.35000 14.09564 0.94754
v 23.05000 13.80000 1.07000
v 23.35000 13.80000 1.07000
v 24.72500 14.10000 1.07000
v 25.17500 14.10000 1.07000
v 24.72500 14.08191 1.17261
v 25.17500 14.08191 1.17261
v 24.72500 14.02981 1.26284
v 25.17500 14.02981 1.26284
v 24.72500 13.95000 1.32981
v 25.17500 13.95000 1.32981
v 24.72500 13.85209 1.36544
v 25.17500 13.85209 1.36544
v 24.72500 13.74791 1.36544
v 25.17500 13.74791 1.36544
v 24.72500 13.65000 1.32981
v 25.17500 13.65000 1.32981
v 24.72500 13.57019 1.26284
v 25.17500 13.57019 1.26284
v 24.72500 13.51809 1.17261
v 25.17500 13.51809 1.17261
v 24.72500 13.50000 1.07000
v 25.17500 13.50000 1.07000
v 24.72500 13.51809 0.96739
v 25.17500 13.51809 0.96739
v 24.72500 13.57019 0.87716
v 25.17500 13.57019 0.87716
v 24.72500 13.65000 0.81019
v 25.17500 13.65000 0.81019
v 24.72500 13.74791 0.77456
v 25.17500 13.74791 0.77456
v 24.72500 13.85209 0.77456
v 25.17500 13.85209 0.77456
v 24.72500 13.95000 0.81019
v 25.17500 13.95000 0.81019
v 24.72500 14.02981 0.87716
v 25.17500 14.02981 0.87716
v 24.72500 14.08191 0.96739
v 25.17500 14.08191 0.96739
v 24.72500 13.80000 1.07000
v 25.17500 13.80000 1.07000
v 25.45000 14.52000 1.07000
v 26.35000 14.52000 1.07000
v 25.45000 14.50195 1.23022
v 26.35000 14.50195 1.23022
v 25.45000 14.44870 1.38240
v 26.35000 14.44870 1.38240
v 25.45000 14.36292 1.51891
v 26.35000 14.36292 1.51891
v 25.45000 14.24891 1.63292
v 26.35000 14.24891 1.63292
v 25.45000 14.11240 1.71870
v 26.35000 14.11240 1.71870
v 25.45000 13.96022 1.77195
v 26.35000 13.96022 1.77195
v 25.45000 13.80000 1.79000
v 26.35000 13.80000 1.79000
v 25.45000 13.63978 1.77195
v 26.35000 13.63978 1.77195
v 25.45000 13.48760 1.71870
v 26.35000 13.48760 1.71870
v 25.45000 13.35109 1.63292
v 26.35000 13.35109 1.63292
v 25.45000 13.23708 1.51891
v 26.35000 13.23708 1.51891
v 25.45000 13.15130 1.38240
v 26.35000 13.15130 1.38240
v 25.45000 13.09805 1.23022
v 26.35000 13.09805 1.23022
v 25.45000 13.08000 1.07000
v 26.35000 13.08000 1.07000
v 25.45000 13.09805 0.90978
v 26.35000 13.09805 0.90978
v 25.45000 13.15130 0.75760
v 26.35000 13.15130 0.75760
v 25.45000 13.23708 0.62109
v 26.35000 13.23708 0.62109
v 25.45000 13.35109 0.50708
v 26.35000 13.35109 0.50708
v 25.45000 13.48760 0.42130
v 26.35000 13.48760 0.42130
v 25.45000 13.63978 0.36805
v 26.35000 13.63978 0.36805
v 25.45000 13.80000 0.35000
v 26.35000 13.80000 0.35000
v 25.45000 13.96022 0.36805
v 26.35000 13.96022 0.36805
v 25.45000 14.11240 0.42130
v 26.35000 14.11240 0.42130
v 25.45000 14.24891 0.50708
v 26.35000 14.24891 0.50708
v 25.45000 14.36292 0.62109
v 26.35000 14.36292 0.62109
v 25.45000 14.44870 0.75760
v 26.35000 14.44870 0.75760
v 25.45000 14.50195 0.90978
v 26.35000 14.50195 0.90978
v 25.45000 13.80000 1.07000
v 26.35000 13.80000 1.07000
v 26.18000 13.90000 1.07000
v 26.18000 14.80000 1.07000
v 26.15869 13.90000 1.17715
v 26.15869 14.80000 1.17715
v 26.09799 13.90000 1.26799
v 26.09799 14.80000 1.26799
v 26.00715 13.90000 1.32869
v 26.00715 14.80000 1.32869
v 25.90000 13.90000 1.35000
v 25.90000 14.80000 1.35000
v 25.79285 13.90000 1.32869
v 25.79285 14.80000 1.32869
v 25.70201 13.90000 1.26799
v 25.70201 14.80000 1.26799
v 25.64131 13.90000 1.17715
v 25.64131 14.80000 1.17715
v 25.62000 13.90000 1.07000
v 25.62000 14.80000 1.07000
v 25.64131 13.90000 0.96285
v 25.64131 14.80000 0.96285
v 25.70201 13.90000 0.87201
v 25.70201 14.80000 0.87201
v 25.79285 13.90000 0.81131
v 25.79285 14.80000 0.81131
v 25.90000 13.90000 0.79000
v 25.90000 14.80000 0.79000
v 26.00715 13.90000 0.81131
v 26.00715 14.80000 0.81131
v 26.09799 13.90000 0.87201
v 26.09799 14.80000 0.87201
v 26.15869 13.90000 0.96285
v 26.15869 14.80000 0.96285
v 25.90000 13.90000 1.07000
v 25.90000 14.80000 1.07000
v 26.35000 14.16000 1.07000
v 26.85000 14.16000 1.07000
v 26.35000 14.13260 1.20777
v 26.85000 14.13260 1.20777
v 26.35000 14.05456 1.32456
v 26.85000 14.05456 1.32456
v 26.35000 13.93777 1.40260
v 26.85000 13.93777 1.40260
v 26.35000 13.80000 1.43000
v 26.85000 13.80000 1.43000
v 26.35000 13.66223 1.40260
v 26.85000 13.66223 1.40260
v 26.35000 13.54544 1.32456
v 26.85000 13.54544 1.32456
v 26.35000 13.46740 1.20777
v 26.85000 13.46740 1.20777
v 26.35000 13.44000 1.07000
v 26.85000 13.44000 1.07000
v 26.35000 13.46740 0.93223
v 26.85000 13.46740 0.93223
v 26.35000 13.54544 0.81544
v 26.85000 13.54544 0.81544
v 26.35000 13.66223 0.73740
v 26.85000 13.66223 0.73740
v 26.35000 13.80000 0.71000
v 26.85000 13.80000 0.71000
v 26.35000 13.93777 0.73740
v 26.85000 13.93777 0.73740
v 26.35000 14.05456 0.81544
v 26.85000 14.05456 0.81544
v 26.35000 14.13260 0.93223
v 26.85000 14.13260 0.93223
v 26.35000 13.80000 1.07000
v 26.85000 13.80000 1.07000
v 26.85000 14.27000 1.07000
v 26.89950 14.24950 1.07000
v 26.92000 14.20000 1.07000
v 26.89950 14.15050 1.07000
v 26.85000 14.13000 1.07000
v 26.80050 14.15050 1.07000
v 26.78000 14.20000 1.07000
v 26.80050 14.24950 1.07000
v 26.85000 14.23422 1.24986
v 26.89950 14.21528 1.24202
v 26.92000 14.16955 1.22307
v 26.89950 14.12382 1.20413
v 26.85000 14.10488 1.19629
v 26.80050 14.12382 1.20413
v 26.78000 14.16955 1.22307
v 26.80050 14.21528 1.24202
v 26.85000 14.13234 1.40234
v 26.89950 14.11784 1.38784
v 26.92000 14.08284 1.35284
v 26.89950 14.04784 1.31784
v 26.85000 14.03335 1.30335
v 26.80050 14.04784 1.31784
v 26.78000 14.08284 1.35284
v 26.80050 14.11784 1.38784
v 26.85000 13.97986 1.50422
v 26.89950 13.97202 1.48528
v 26.92000 13.95307 1.43955
v 26.89950 13.93413 1.39382
v 26.85000 13.92629 1.37488
v 26.80050 13.93413 1.39382
v 26.78000 13.95307 1.43955
v 26.80050 13.97202 1.48528
v 26.85000 13.80000 1.54000
v 26.89950 13.80000 1.51950
v 26.92000 13.80000 1.47000
v 26.89950 13.80000 1.42050
v 26.85000 13.80000 1.40000
v 26.80050 13.80000 1.42050
v 26.78000 13.80000 1.47000
v 26.80050 13.80000 1.51950
v 26.85000 13.62014 1.50422
v 26.89950 13.62798 1.48528
v 26.92000 13.64693 1.43955
v 26.89950 13.66587 1.39382
v 26.85000 13.67371 1.37488
v 26.80050 13.66587 1.39382
v 26.78000 13.64693 1.43955
v 26.80050 13.62798 1.48528
v 26.85000 13.46766 1.40234
v 26.89950 13.48216 1.38784
v 26.92000 13.51716 1.35284
v 26.89950 13.55216 1.31784
v 26.85000 13.56665 1.30335
v 26.80050 13.55216 1.31784
v 26.78000 13.51716 1.35284
v 26.80050 13.48216 1.38784
v 26.85000 13.36578 1.24986
v 26.89950 13.38472 1.24202
v 26.92000 13.43045 1.22307
v 26.89950 13.47618 1.20413
v 26.85000 13.49512 1.19629
v 26.80050 13.47618 1.20413
v 26.78000 13.43045 1.22307
v 26.80050 13.38472 1.24202
v 26.85000 13.33000 1.07000
v 26.89950 13.35050 1.07000
v 26.92000 13.40000 1.07000
v 26.89950 13.44950 1.07000
v 26.85000 13.47000 1.07000
v 26.80050 13.44950 1.07000
v 26.78000 13.40000 1.07000
v 26.80050 13.35050 1.07000
v 26.85000 13.36578 0.89014
v 26.89950 13.38472 0.89798
v 26.92000 13.43045 0.91693
v 26.89950 13.47618 0.93587
v 26.85000 13.49512 0.94371
v 26.80050 13.47618 0.93587
v 26.78000 13.43045 0.91693
v 26.80050 13.38472 0.89798
v 26.85000 13.46766 0.73766
v 26.89950 13.48216 0.75216
v 26.92000 13.51716 0.78716
v 26.89950 13.55216 0.82216
v 26.85000 13.56665 0.83665
v 26.80050 13.55216 0.82216
v 26.78000 13.51716 0.78716
v 26.80050 13.48216 0.75216
v 26.85000 13.62014 0.63578
v 26.89950 13.62798 0.65472
v 26.92000 13.64693 0.70045
v 26.89950 13.66587 0.74618
v 26.85000 13.67371 0.76512
v 26.80050 13.66587 0.74618
v 26.78000 13.64693 0.70045
v 26.80050 13.62798 0.65472
v 26.85000 13.80000 0.60000
v 26.89950 13.80000 0.62050
v 26.92000 13.80000 0.67000
v 26.89950 13.80000 0.71950
v 26.85000 13.80000 0.74000
v 26.80050 13.80000 0.71950
v 26.78000 13.80000 0.67000
v 26.80050 13.80000 0.62050
v 26.85000 13.97986 0.63578
v 26.89950 13.97202 0.65472
v 26.92000 13.95307 0.70045
v 26.89950 13.93413 0.74618
v 26.85000 13.92629 0.76512
v 26.80050 13.93413 0.74618
v 26.78000 13.95307 0.70045
v 26.80050 13.97202 0.65472
v 26.85000 14.13234 0.73766
v 26.89950 14.11784 0.75216
v 26.92000 14.08284 0.78716
v 26.89950 14.04784 0.82216
v 26.85000 14.03335 0.83665
v 26.80050 14.04784 0.82216
v 26.78000 14.08284 0.78716
v 26.80050 14.11784 0.75216
v 26.85000 14.23422 0.89014
v 26.89950 14.21528 0.89798
v 26.92000 14.16955 0.91693
v 26.89950 14.12382 0.93587
v 26.85000 14.10488 0.94371
v 26.80050 14.12382 0.93587
v 26.78000 14.16955 0.91693
v 26.80050 14.21528 0.89798
v 26.26000 14.75000 1.07000
v 26.24243 14.79243 1.07000
v 26.20000 14.81000 1.07000
v 26.15757 14.79243 1.07000
v 26.14000 14.75000 1.07000
v 26.15757 14.70757 1.07000
v 26.20000 14.69000 1.07000
v 26.24243 14.70757 1.07000
v 26.22435 14.75000 1.22620
v 26.20852 14.79243 1.21857
v 26.17029 14.81000 1.20017
v 26.13207 14.79243 1.18176
v 26.11623 14.75000 1.17413
v 26.13207 14.70757 1.18176
v 26.17029 14.69000 1.20017
v 26.20852 14.70757 1.21857
v 26.12446 14.75000 1.35146
v 26.11350 14.79243 1.33772
v 26.08705 14.81000 1.30455
v 26.06059 14.79243 1.27138
v 26.04964 14.75000 1.25764
v 26.06059 14.70757 1.27138
v 26.08705 14.69000 1.30455
v 26.11350 14.70757 1.33772
v 25.98011 14.75000 1.42097
v 25.97620 14.79243 1.40384
v 25.96676 14.81000 1.36248
v 25.95732 14.79243 1.32112
v 25.95341 14.75000 1.30398
v 25.95732 14.70757 1.32112
v 25.96676 14.69000 1.36248
v 25.97620 14.70757 1.40384
v 25.81989 14.75000 1.42097
v 25.82380 14.79243 1.40384
v 25.83324 14.81000 1.36248
v 25.84268 14.79243 1.32112
v 25.84659 14.75000 1.30398
v 25.84268 14.70757 1.32112
v 25.83324 14.69000 1.36248
v 25.82380 14.70757 1.40384
v 25.67554 14.75000 1.35146
v 25.68650 14.79243 1.33772
v 25.71295 14.81000 1.30455
v 25.73941 14.79243 1.27138
v 25.75036 14.75000 1.25764
v 25.73941 14.70757 1.27138
v 25.71295 14.69000 1.30455
v 25.68650 14.70757 1.33772
v 25.57565 14.75000 1.22620
v 25.59148 14.79243 1.21857
v 25.62971 14.81000 1.20017
v 25.66793 14.79243 1.18176
v 25.68377 14.75000 1.17413
v 25.66793 14.70757 1.18176
v 25.62971 14.69000 1.20017
v 25.59148 14.70757 1.21857
v 25.54000 14.75000 1.07000
v 25.55757 14.79243 1.07000
v 25.60000 14.81000 1.07000
v 25.64243 14.79243 1.07000
v 25.66000 14.75000 1.07000
v 25.64243 14.70757 1.07000
v 25.60000 14.69000 1.07000
v 25.55757 14.70757 1.07000
v 25.57565 14.75000 0.91380
v 25.59148 14.79243 0.92143
v 25.62971 14.81000 0.93983
v 25.66793 14.79243 0.95824
v 25.68377 14.75000 0.96587
v 25.66793 14.70757 0.95824
v 25.62971 14.69000 0.93983
v 25.59148 14.70757 0.92143
v 25.67554 14.75000 0.78854
v 25.68650 14.79243 0.80228
v 25.71295 14.81000 0.83545
v 25.73941 14.79243 0.86862
v 25.75036 14.75000 0.88236
v 25.73941 14.70757 0.86862
v 25.71295 14.69000 0.83545
v 25.68650 14.70757 0.80228
v 25.81989 14.75000 0.71903
v 25.82380 14.79243 0.73616
v 25.83324 14.81000 0.77752
v 25.84268 14.79243 0.81888
v 25.84659 14.75000 0.83602
v 25.84268 14.70757 0.81888
v 25.83324 14.69000 0.77752
v 25.82380 14.70757 0.73616
v 25.98011 14.75000 0.71903
v 25.97620 14.79243 0.73616
v 25.96676 14.81000 0.77752
v 25.95732 14.79243 0.81888
v 25.95341 14.75000 0.83602
v 25.95732 14.70757 0.81888
v 25.96676 14.69000 0.77752
v 25.97620 14.70757 0.73616
v 26.12446 14.75000 0.78854
v 26.11350 14.79243 0.80228
v 26.08705 14.81000 0.83545
v 26.06059 14.79243 0.86862
v 26.04964 14.75000 0.88236
v 26.06059 14.70757 0.86862
v 26.08705 14.69000 0.83545
v 26.11350 14.70757 0.80228
v 26.22435 14.75000 0.91380
v 26.20852 14.79243 0.92143
v 26.17029 14.81000 0.93983
v 26.13207 14.79243 0.95824
v 26.11623 14.75000 0.96587
v 26.13207 14.70757 0.95824
v 26.17029 14.69000 0.93983
v 26.20852 14.70757 0.92143
v 22.95000 12.85000 0.03500
v 26.65000 12.85000 0.03500
v 26.65000 14.75000 0.03500
v 22.95000 14.75000 0.03500
v 22.95000 12.85000 0.08500
v 26.65000 12.85000 0.08500
v 26.65000 14.75000 0.08500
v 22.95000 14.75000 0.08500
v 34.45000 10.00000 0.40000
v 34.45000 10.00000 7.40000
v 34.43101 10.21706 0.40000
v 34.43101 10.21706 7.40000
v 34.37462 10.42753 0.40000
v 34.37462 10.42753 7.40000
v 34.28253 10.62500 0.40000
v 34.28253 10.62500 7.40000
v 34.15756 10.80348 0.40000
v 34.15756 10.80348 7.40000
v 34.00348 10.95756 0.40000
v 34.00348 10.95756 7.40000
v 33.82500 11.08253 0.40000
v 33.82500 11.08253 7.40000
v 33.62753 11.17462 0.40000
v 33.62753 11.17462 7.40000
v 33.41706 11.23101 0.40000
v 33.41706 11.23101 7.40000
v 33.20000 11.25000 0.40000
v 33.20000 11.25000 7.40000
v 32.98294 11.23101 0.40000
v 32.98294 11.23101 7.40000
v 32.77247 11.17462 0.40000
v 32.77247 11.17462 7.40000
v 32.57500 11.08253 0.40000
v 32.57500 11.08253 7.40000
v 32.39652 10.95756 0.40000
v 32.39652 10.95756 7.40000
v 32.24244 10.80348 0.40000
v 32.24244 10.80348 7.40000
v 32.11747 10.62500 0.40000
v 32.11747 10.62500 7.40000
v 32.02538 10.42753 0.40000
v 32.02538 10.42753 7.40000
v 31.96899 10.21706 0.40000
v 31.96899 10.21706 7.40000
v 31.95000 10.00000 0.40000
v 31.95000 10.00000 7.40000
v 31.96899 9.78294 0.40000
v 31.96899 9.78294 7.40000
v 32.02538 9.57247 0.40000
v 32.02538 9.57247 7.40000
v 32.11747 9.37500 0.40000
v 32.11747 9.37500 7.40000
v 32.24244 9.19652 0.40000
v 32.24244 9.19652 7.40000
v 32.39652 9.04244 0.40000
v 32.39652 9.04244 7.40000
v 32.57500 8.91747 0.40000
v 32.57500 8.91747 7.40000
v 32.77247 8.82538 0.40000
v 32.77247 8.82538 7.40000
v 32.98294 8.76899 0.40000
v 32.98294 8.76899 7.40000
v 33.20000 8.75000 0.40000
v 33.20000 8.75000 7.40000
v 33.41706 8.76899 0.40000
v 33.41706 8.76899 7.40000
v 33.62753 8.82538 0.40000
v 33.62753 8.82538 7.40000
v 33.82500 8.91747 0.40000
v 33.82500 8.91747 7.40000
v 34.00348 9.04244 0.40000
v 34.00348 9.04244 7.40000
v 34.15756 9.19652 0.40000
v 34.15756 9.19652 7.40000
v 34.28253 9.37500 0.40000
v 34.28253 9.37500 7.40000
v 34.37462 9.57247 0.40000
v 34.37462 9.57247 7.40000
v 34.43101 9.78294 0.40000
v 34.43101 9.78294 7.40000
v 33.20000 10.00000 0.40000
v 33.20000 10.00000 7.40000
v 33.20000 10.00000 8.65000
v 33.20000 10.00000 8.65000
v 33.20000 10.00000 8.65000
v 33.20000 10.00000 8.65000
v 33.20000 10.00000 8.65000
v 33.20000 10.00000 8.65000
v 33.20000 10.00000 8.65000
v 33.20000 10.00000 8.65000
v 33.20000 10.00000 8.65000
v 33.20000 10.00000 8.65000
v 33.20000 10.00000 8.65000
v 33.20000 10.00000 8.65000
v 33.20000 10.00000 8.65000
v 33.20000 10.00000 8.65000
v 33.20000 10.00000 8.65000
v 33.20000 10.00000 8.65000
v 33.20000 10.00000 8.65000
v 33.20000 10.00000 8.65000
v 33.20000 10.00000 8.65000
v 33.20000 10.00000 8.65000
v 33.20000 10.00000 8.65000
v 33.20000 10.00000 8.65000
v 33.20000 10.00000 8.65000
v 33.20000 10.00000 8.65000
v 33.20000 10.00000 8.65000
v 33.20000 10.00000 8.65000
v 33.20000 10.00000 8.65000
v 33.20000 10.00000 8.65000
v 33.20000 10.00000 8.65000
v 33.20000 10.00000 8.65000
v 33.20000 10.00000 8.65000
v 33.20000 10.00000 8.65000
v 33.20000 10.00000 8.65000
v 33.20000 10.00000 8.65000
v 33.20000 10.00000 8.65000
v 33.20000 10.00000 8.65000
v 33.41706 10.00000 8.63101
v 33.41376 10.03769 8.63101
v 33.40397 10.07424 8.63101
v 33.38798 10.10853 8.63101
v 33.36628 10.13952 8.63101
v 33.33952 10.16628 8.63101
v 33.30853 10.18798 8.63101
v 33.27424 10.20397 8.63101
v 33.23769 10.21376 8.63101
v 33.20000 10.21706 8.63101
v 33.16231 10.21376 8.63101
v 33.12576 10.20397 8.63101
v 33.09147 10.18798 8.63101
v 33.06048 10.16628 8.63101
v 33.03372 10.13952 8.63101
v 33.01202 10.10853 8.63101
v 32.99603 10.07424 8.63101
v 32.98624 10.03769 8.63101
v 32.98294 10.00000 8.63101
v 32.98624 9.96231 8.63101
v 32.99603 9.92576 8.63101
v 33.01202 9.89147 8.63101
v 33.03372 9.86048 8.63101
v 33.06048 9.83372 8.63101
v 33.09147 9.81202 8.63101
v 33.12576 9.79603 8.63101
v 33.16231 9.78624 8.63101
v 33.20000 9.78294 8.63101
v 33.23769 9.78624 8.63101
v 33.27424 9.79603 8.63101
v 33.30853 9.81202 8.63101
v 33.33952 9.83372 8.63101
v 33.36628 9.86048 8.63101
v 33.38798 9.89147 8.63101
v 33.40397 9.92576 8.63101
v 33.41376 9.96231 8.63101
v 33.62753 10.00000 8.57462
v 33.62103 10.07424 8.57462
v 33.60174 10.14622 8.57462
v 33.57025 10.21376 8.57462
v 33.52750 10.27481 8.57462
v 33.47481 10.32750 8.57462
v 33.41376 10.37025 8.57462
v 33.34622 10.40174 8.57462
v 33.27424 10.42103 8.57462
v 33.20000 10.42753 8.57462
v 33.12576 10.42103 8.57462
v 33.05378 10.40174 8.57462
v 32.98624 10.37025 8.57462
v 32.92519 10.32750 8.57462
v 32.87250 10.27481 8.57462
v 32.82975 10.21376 8.57462
v 32.79826 10.14622 8.57462
v 32.77897 10.07424 8.57462
v 32.77247 10.00000 8.57462
v 32.77897 9.92576 8.57462
v 32.79826 9.85378 8.57462
v 32.82975 9.78624 8.57462
v 32.87250 9.72519 8.57462
v 32.92519 9.67250 8.57462
v 32.98624 9.62975 8.57462
v 33.05378 9.59826 8.57462
v 33.12576 9.57897 8.57462
v 33.20000 9.57247 8.57462
v 33.27424 9.57897 8.57462
v 33.34622 9.59826 8.57462
v 33.41376 9.62975 8.57462
v 33.47481 9.67250 8.57462
v 33.52750 9.72519 8.57462
v 33.57025 9.78624 8.57462
v 33.60174 9.85378 8.57462
v 33.62103 9.92576 8.57462
v 33.82500 10.00000 8.48253
v 33.81550 10.10853 8.48253
v 33.78731 10.21376 8.48253
v 33.74127 10.31250 8.48253
v 33.67878 10.40174 8.48253
v 33.60174 10.47878 8.48253
v 33.51250 10.54127 8.48253
v 33.41376 10.58731 8.48253
v 33.30853 10.61550 8.48253
v 33.20000 10.62500 8.48253
v 33.09147 10.61550 8.48253
v 32.98624 10.58731 8.48253
v 32.88750 10.54127 8.48253
v 32.79826 10.47878 8.48253
v 32.72122 10.40174 8.48253
v 32.65873 10.31250 8.48253
v 32.61269 10.21376 8.48253
v 32.58450 10.10853 8.48253
v 32.57500 10.00000 8.48253
v 32.58450 9.89147 8.48253
v 32.61269 9.78624 8.48253
v 32.65873 9.68750 8.48253
v 32.72122 9.59826 8.48253
v 32.79826 9.52122 8.48253
v 32.88750 9.45873 8.48253
v 32.98624 9.41269 8.48253
v 33.09147 9.38450 8.48253
v 33.20000 9.37500 8.48253
v 33.30853 9.38450 8.48253
v 33.41376 9.41269 8.48253
v 33.51250 9.45873 8.48253
v 33.60174 9.52122 8.48253
v 33.67878 9.59826 8.48253
v 33.74127 9.68750 8.48253
v 33.78731 9.78624 8.48253
v 33.81550 9.89147 8.48253
v 34.00348 10.00000 8.35756
v 33.99128 10.13952 8.35756
v 33.95503 10.27481 8.35756
v 33.89584 10.40174 8.35756
v 33.81550 10.51647 8.35756
v 33.71647 10.61550 8.35756
v 33.60174 10.69584 8.35756
v 33.47481 10.75503 8.35756
v 33.33952 10.79128 8.35756
v 33.20000 10.80348 8.35756
v 33.06048 10.79128 8.35756
v 32.92519 10.75503 8.35756
v 32.79826 10.69584 8.35756
v 32.68353 10.61550 8.35756
v 32.58450 10.51647 8.35756
v 32.50416 10.40174 8.35756
v 32.44497 10.27481 8.35756
v 32.40872 10.13952 8.35756
v 32.39652 10.00000 8.35756
v 32.40872 9.86048 8.35756
v 32.44497 9.72519 8.35756
v 32.50416 9.59826 8.35756
v 32.58450 9.48353 8.35756
v 32.68353 9.38450 8.35756
v 32.79826 9.30416 8.35756
v 32.92519 9.24497 8.35756
v 33.06048 9.20872 8.35756
v 33.20000 9.19652 8.35756
v 33.33952 9.20872 8.35756
v 33.47481 9.24497 8.35756
v 33.60174 9.30416 8.35756
v 33.71647 9.38450 8.35756
v 33.81550 9.48353 8.35756
v 33.89584 9.59826 8.35756
v 33.95503 9.72519 8.35756
v 33.99128 9.86048 8.35756
v 34.15756 10.00000 8.20348
v 34.14301 10.16628 8.20348
v 34.09981 10.32750 8.20348
v 34.02927 10.47878 8.20348
v 33.93353 10.61550 8.20348
v 33.81550 10.73353 8.20348
v 33.67878 10.82927 8.20348
v 33.52750 10.89981 8.20348
v 33.36628 10.94301 8.20348
v 33.20000 10.95756 8.20348
v 33.03372 10.94301 8.20348
v 32.87250 10.89981 8.20348
v 32.72122 10.82927 8.20348
v 32.58450 10.73353 8.20348
v 32.46647 10.61550 8.20348
v 32.37073 10.47878 8.20348
v 32.30019 10.32750 8.20348
v 32.25699 10.16628 8.20348
v 32.24244 10.00000 8.20348
v 32.25699 9.83372 8.20348
v 32.30019 9.67250 8.20348
v 32.37073 9.52122 8.20348
v 32.46647 9.38450 8.20348
v 32.58450 9.26647 8.20348
v 32.72122 9.17073 8.20348
v 32.87250 9.10019 8.20348
v 33.03372 9.05699 8.20348
v 33.20000 9.04244 8.20348
v 33.36628 9.05699 8.20348
v 33.52750 9.10019 8.20348
v 33.67878 9.17073 8.20348
v 33.81550 9.26647 8.20348
v 33.93353 9.38450 8.20348
v 34.02927 9.52122 8.20348
v 34.09981 9.67250 8.20348
v 34.14301 9.83372 8.20348
v 34.28253 10.00000 8.02500
v 34.26609 10.18798 8.02500
v 34.21725 10.37025 8.02500
v 34.13750 10.54127 8.02500
v 34.02927 10.69584 8.02500
v 33.89584 10.82927 8.02500
v 33.74127 10.93750 8.02500
v 33.57025 11.01725 8.02500
v 33.38798 11.06609 8.02500
v 33.20000 11.08253 8.02500
v 33.01202 11.06609 8.02500
v 32.82975 11.01725 8.02500
v 32.65873 10.93750 8.02500
v 32.50416 10.82927 8.02500
v 32.37073 10.69584 8.02500
v 32.26250 10.54127 8.02500
v 32.18275 10.37025 8.02500
v 32.13391 10.18798 8.02500
v 32.11747 10.00000 8.02500
v 32.13391 9.81202 8.02500
v 32.18275 9.62975 8.02500
v 32.26250 9.45873 8.02500
v 32.37073 9.30416 8.02500
v 32.50416 9.17073 8.02500
v 32.65873 9.06250 8.02500
v 32.82975 8.98275 8.02500
v 33.01202 8.93391 8.02500
v 33.20000 8.91747 8.02500
v 33.38798 8.93391 8.02500
v 33.57025 8.98275 8.02500
v 33.74127 9.06250 8.02500
v 33.89584 9.17073 8.02500
v 34.02927 9.30416 8.02500
v 34.13750 9.45873 8.02500
v 34.21725 9.62975 8.02500
v 34.26609 9.81202 8.02500
v 34.37462 10.00000 7.82753
v 34.35677 10.20397 7.82753
v 34.30378 10.40174 7.82753
v 34.21725 10.58731 7.82753
v 34.09981 10.75503 7.82753
v 33.95503 10.89981 7.82753
v 33.78731 11.01725 7.82753
v 33.60174 11.10378 7.82753
v 33.40397 11.15677 7.82753
v 33.20000 11.17462 7.82753
v 32.99603 11.15677 7.82753
v 32.79826 11.10378 7.82753
v 32.61269 11.01725 7.82753
v 32.44497 10.89981 7.82753
v 32.30019 10.75503 7.82753
v 32.18275 10.58731 7.82753
v 32.09622 10.40174 7.82753
v 32.04323 10.20397 7.82753
v 32.02538 10.00000 7.82753
v 32.04323 9.79603 7.82753
v 32.09622 9.59826 7.82753
v 32.18275 9.41269 7.82753
v 32.30019 9.24497 7.82753
v 32.44497 9.10019 7.82753
v 32.61269 8.98275 7.82753
v 32.79826 8.89622 7.82753
v 32.99603 8.84323 7.82753
v 33.20000 8.82538 7.82753
v 33.40397 8.84323 7.82753
v 33.60174 8.89622 7.82753
v 33.78731 8.98275 7.82753
v 33.95503 9.10019 7.82753
v 34.09981 9.24497 7.82753
v 34.21725 9.41269 7.82753
v 34.30378 9.59826 7.82753
v 34.35677 9.79603 7.82753
v 34.43101 10.00000 7.61706
v 34.41231 10.21376 7.61706
v 34.35677 10.42103 7.61706
v 34.26609 10.61550 7.61706
v 34.14301 10.79128 7.61706
v 33.99128 10.94301 7.61706
v 33.81550 11.06609 7.61706
v 33.62103 11.15677 7.61706
v 33.41376 11.21231 7.61706
v 33.20000 11.23101 7.61706
v 32.98624 11.21231 7.61706
v 32.77897 11.15677 7.61706
v 32.58450 11.06609 7.61706
v 32.40872 10.94301 7.61706
v 32.25699 10.79128 7.61706
v 32.13391 10.61550 7.61706
v 32.04323 10.42103 7.61706
v 31.98769 10.21376 7.61706
v 31.96899 10.00000 7.61706
v 31.98769 9.78624 7.61706
v 32.04323 9.57897 7.61706
v 32.13391 9.38450 7.61706
v 32.25699 9.20872 7.61706
v 32.40872 9.05699 7.61706
v 32.58450 8.93391 7.61706
v 32.77897 8.84323 7.61706
v 32.98624 8.78769 7.61706
v 33.20000 8.76899 7.61706
v 33.41376 8.78769 7.61706
v 33.62103 8.84323 7.61706
v 33.81550 8.93391 7.61706
v 33.99128 9.05699 7.61706
v 34.14301 9.20872 7.61706
v 34.26609 9.38450 7.61706
v 34.35677 9.57897 7.61706
v 34.41231 9.78624 7.61706
v 34.45000 10.00000 7.40000
v 34.43101 10.21706 7.40000
v 34.37462 10.42753 7.40000
v 34.28253 10.62500 7.40000
v 34.15756 10.80348 7.40000
v 34.00348 10.95756 7.40000
v 33.82500 11.08253 7.40000
v 33.62753 11.17462 7.40000
v 33.41706 11.23101 7.40000
v 33.20000 11.25000 7.40000
v 32.98294 11.23101 7.40000
v 32.77247 11.17462 7.40000
v 32.57500 11.08253 7.40000
v 32.39652 10.95756 7.40000
v 32.24244 10.80348 7.40000
v 32.11747 10.62500 7.40000
v 32.02538 10.42753 7.40000
v 31.96899 10.21706 7.40000
v 31.95000 10.00000 7.40000
v 31.96899 9.78294 7.40000
v 32.02538 9.57247 7.40000
v 32.11747 9.37500 7.40000
v 32.24244 9.19652 7.40000
v 32.39652 9.04244 7.40000
v 32.57500 8.91747 7.40000
v 32.77247 8.82538 7.40000
v 32.98294 8.76899 7.40000
v 33.20000 8.75000 7.40000
v 33.41706 8.76899 7.40000
v 33.62753 8.82538 7.40000
v 33.82500 8.91747 7.40000
v 34.00348 9.04244 7.40000
v 34.15756 9.19652 7.40000
v 34.28253 9.37500 7.40000
v 34.37462 9.57247 7.40000
v 34.43101 9.78294 7.40000
v 33.20000 10.00000 -0.85000
v 33.20000 10.00000 -0.85000
v 33.20000 10.00000 -0.85000
v 33.20000 10.00000 -0.85000
v 33.20000 10.00000 -0.85000
v 33.20000 10.00000 -0.85000
v 33.20000 10.00000 -0.85000
v 33.20000 10.00000 -0.85000
v 33.20000 10.00000 -0.85000
v 33.20000 10.00000 -0.85000
v 33.20000 10.00000 -0.85000
v 33.20000 10.00000 -0.85000
v 33.20000 10.00000 -0.85000
v 33.20000 10.00000 -0.85000
v 33.20000 10.00000 -0.85000
v 33.20000 10.00000 -0.85000
v 33.20000 10.00000 -0.85000
v 33.20000 10.00000 -0.85000
v 33.20000 10.00000 -0.85000
v 33.20000 10.00000 -0.85000
v 33.20000 10.00000 -0.85000
v 33.20000 10.00000 -0.85000
v 33.20000 10.00000 -0.85000
v 33.20000 10.00000 -0.85000
v 33.20000 10.00000 -0.85000
v 33.20000 10.00000 -0.85000
v 33.20000 10.00000 -0.85000
v 33.20000 10.00000 -0.85000
v 33.20000 10.00000 -0.85000
v 33.20000 10.00000 -0.85000
v 33.20000 10.00000 -0.85000
v 33.20000 10.00000 -0.85000
v 33.20000 10.00000 -0.85000
v 33.20000 10.00000 -0.85000
v 33.20000 10.00000 -0.85000
v 33.20000 10.00000 -0.85000
v 33.41706 10.00000 -0.83101
v 33.41376 10.03769 -0.83101
v 33.40397 10.07424 -0.83101
v 33.38798 10.10853 -0.83101
v 33.36628 10.13952 -0.83101
v 33.33952 10.16628 -0.83101
v 33.30853 10.18798 -0.83101
v 33.27424 10.20397 -0.83101
v 33.23769 10.21376 -0.83101
v 33.20000 10.21706 -0.83101
v 33.16231 10.21376 -0.83101
v 33.12576 10.20397 -0.83101
v 33.09147 10.18798 -0.83101
v 33.06048 10.16628 -0.83101
v 33.03372 10.13952 -0.83101
v 33.01202 10.10853 -0.83101
v 32.99603 10.07424 -0.83101
v 32.98624 10.03769 -0.83101
v 32.98294 10.00000 -0.83101
v 32.98624 9.96231 -0.83101
v 32.99603 9.92576 -0.83101
v 33.01202 9.89147 -0.83101
v 33.03372 9.86048 -0.83101
v 33.06048 9.83372 -0.83101
v 33.09147 9.81202 -0.83101
v 33.12576 9.79603 -0.83101
v 33.16231 9.78624 -0.83101
v 33.20000 9.78294 -0.83101
v 33.23769 9.78624 -0.83101
v 33.27424 9.79603 -0.83101
v 33.30853 9.81202 -0.83101
v 33.33952 9.83372 -0.83101
v 33.36628 9.86048 -0.83101
v 33.38798 9.89147 -0.83101
v 33.40397 9.92576 -0.83101
v 33.41376 9.96231 -0.83101
v 33.62753 10.00000 -0.77462
v 33.62103 10.07424 -0.77462
v 33.60174 10.14622 -0.77462
v 33.57025 10.21376 -0.77462
v 33.52750 10.27481 -0.77462
v 33.47481 10.32750 -0.77462
v 33.41376 10.37025 -0.77462
v 33.34622 10.40174 -0.77462
v 33.27424 10.42103 -0.77462
v 33.20000 10.42753 -0.77462
v 33.12576 10.42103 -0.77462
v 33.05378 10.40174 -0.77462
v 32.98624 10.37025 -0.77462
v 32.92519 10.32750 -0.77462
v 32.87250 10.27481 -0.77462
v 32.82975 10.21376 -0.77462
v 32.79826 10.14622 -0.77462
v 32.77897 10.07424 -0.77462
v 32.77247 10.00000 -0.77462
v 32.77897 9.92576 -0.77462
v 32.79826 9.85378 -0.77462
v 32.82975 9.78624 -0.77462
v 32.87250 9.72519 -0.77462
v 32.92519 9.67250 -0.77462
v 32.98624 9.62975 -0.77462
v 33.05378 9.59826 -0.77462
v 33.12576 9.57897 -0.77462
v 33.20000 9.57247 -0.77462
v 33.27424 9.57897 -0.77462
v 33.34622 9.59826 -0.77462
v 33.41376 9.62975 -0.77462
v 33.47481 9.67250 -0.77462
v 33.52750 9.72519 -0.77462
v 33.57025 9.78624 -0.77462
v 33.60174 9.85378 -0.77462
v 33.62103 9.92576 -0.77462
v 33.82500 10.00000 -0.68253
v 33.81550 10.10853 -0.68253
v 33.78731 10.21376 -0.68253
v 33.74127 10.31250 -0.68253
v 33.67878 10.40174 -0.68253
v 33.60174 10.47878 -0.68253
v 33.51250 10.54127 -0.68253
v 33.41376 10.58731 -0.68253
v 33.30853 10.61550 -0.68253
v 33.20000 10.62500 -0.68253
v 33.09147 10.61550 -0.68253
v 32.98624 10.58731 -0.68253
v 32.88750 10.54127 -0.68253
v 32.79826 10.47878 -0.68253
v 32.72122 10.40174 -0.68253
v 32.65873 10.31250 -0.68253
v 32.61269 10.21376 -0.68253
v 32.58450 10.10853 -0.68253
v 32.57500 10.00000 -0.68253
v 32.58450 9.89147 -0.68253
v 32.61269 9.78624 -0.68253
v 32.65873 9.68750 -0.68253
v 32.72122 9.59826 -0.68253
v 32.79826 9.52122 -0.68253
v 32.88750 9.45873 -0.68253
v 32.98624 9.41269 -0.68253
v 33.09147 9.38450 -0.68253
v 33.20000 9.37500 -0.68253
v 33.30853 9.38450 -0.68253
v 33.41376 9.41269 -0.68253
v 33.51250 9.45873 -0.68253
v 33.60174 9.52122 -0.68253
v 33.67878 9.59826 -0.68253
v 33.74127 9.68750 -0.68253
v 33.78731 9.78624 -0.68253
v 33.81550 9.89147 -0.68253
v 34.00348 10.00000 -0.55756
v 33.99128 10.13952 -0.55756
v 33.95503 10.27481 -0.55756
v 33.89584 10.40174 -0.55756
v 33.81550 10.51647 -0.55756
v 33.71647 10.61550 -0.55756
v 33.60174 10.69584 -0.55756
v 33.47481 10.75503 -0.55756
v 33.33952 10.79128 -0.55756
v 33.20000 10.80348 -0.55756
v 33.06048 10.79128 -0.55756
v 32.92519 10.75503 -0.55756
v 32.79826 10.69584 -0.55756
v 32.68353 10.61550 -0.55756
v 32.58450 10.51647 -0.55756
v 32.50416 10.40174 -0.55756
v 32.44497 10.27481 -0.55756
v 32.40872 10.13952 -0.55756
v 32.39652 10.00000 -0.55756
v 32.40872 9.86048 -0.55756
v 32.44497 9.72519 -0.55756
v 32.50416 9.59826 -0.55756
v 32.58450 9.48353 -0.55756
v 32.68353 9.38450 -0.55756
v 32.79826 9.30416 -0.55756
v 32.92519 9.24497 -0.55756
v 33.06048 9.20872 -0.55756
v 33.20000 9.19652 -0.55756
v 33.33952 9.20872 -0.55756
v 33.47481 9.24497 -0.55756
v 33.60174 9.30416 -0.55756
v 33.71647 9.38450 -0.55756
v 33.81550 9.48353 -0.55756
v 33.89584 9.59826 -0.55756
v 33.95503 9.72519 -0.55756
v 33.99128 9.86048 -0.55756
v 34.15756 10.00000 -0.40348
v 34.14301 10.16628 -0.40348
v 34.09981 10.32750 -0.40348
v 34.02927 10.47878 -0.40348
v 33.93353 10.61550 -0.40348
v 33.81550 10.73353 -0.40348
v 33.67878 10.82927 -0.40348
v 33.52750 10.89981 -0.40348
v 33.36628 10.94301 -0.40348
v 33.20000 10.95756 -0.40348
v 33.03372 10.94301 -0.40348
v 32.87250 10.89981 -0.40348
v 32.72122 10.82927 -0.40348
v 32.58450 10.73353 -0.40348
v 32.46647 10.61550 -0.40348
v 32.37073 10.47878 -0.40348
v 32.30019 10.32750 -0.40348
v 32.25699 10.16628 -0.40348
v 32.24244 10.00000 -0.40348
v 32.25699 9.83372 -0.40348
v 32.30019 9.67250 -0.40348
v 32.37073 9.52122 -0.40348
v 32.46647 9.38450 -0.40348
v 32.58450 9.26647 -0.40348
v 32.72122 9.17073 -0.40348
v 32.87250 9.10019 -0.40348
v 33.03372 9.05699 -0.40348
v 33.20000 9.04244 -0.40348
v 33.36628 9.05699 -0.40348
v 33.52750 9.10019 -0.40348
v 33.67878 9.17073 -0.40348
v 33.81550 9.26647 -0.40348
v 33.93353 9.38450 -0.40348
v 34.02927 9.52122 -0.40348
v 34.09981 9.67250 -0.40348
v 34.14301 9.83372 -0.40348
v 34.28253 10.00000 -0.22500
v 34.26609 10.18798 -0.22500
v 34.21725 10.37025 -0.22500
v 34.13750 10.54127 -0.22500
v 34.02927 10.69584 -0.22500
v 33.89584 10.82927 -0.22500
v 33.74127 10.93750 -0.22500
v 33.57025 11.01725 -0.22500
v 33.38798 11.06609 -0.22500
v 33.20000 11.08253 -0.22500
v 33.01202 11.06609 -0.22500
v 32.82975 11.01725 -0.22500
v 32.65873 10.93750 -0.22500
v 32.50416 10.82927 -0.22500
v 32.37073 10.69584 -0.22500
v 32.26250 10.54127 -0.22500
v 32.18275 10.37025 -0.22500
v 32.13391 10.18798 -0.22500
v 32.11747 10.00000 -0.22500
v 32.13391 9.81202 -0.22500
v 32.18275 9.62975 -0.22500
v 32.26250 9.45873 -0.22500
v 32.37073 9.30416 -0.22500
v 32.50416 9.17073 -0.22500
v 32.65873 9.06250 -0.22500
v 32.82975 8.98275 -0.22500
v 33.01202 8.93391 -0.22500
v 33.20000 8.91747 -0.22500
v 33.38798 8.93391 -0.22500
v 33.57025 8.98275 -0.22500
v 33.74127 9.06250 -0.22500
v 33.89584 9.17073 -0.22500
v 34.02927 9.30416 -0.22500
v 34.13750 9.45873 -0.22500
v 34.21725 9.62975 -0.22500
v 34.26609 9.81202 -0.22500
v 34.37462 10.00000 -0.02753
v 34.35677 10.20397 -0.02753
v 34.30378 10.40174 -0.02753
v 34.21725 10.58731 -0.02753
v 34.09981 10.75503 -0.02753
v 33.95503 10.89981 -0.02753
v 33.78731 11.01725 -0.02753
v 33.60174 11.10378 -0.02753
v 33.40397 11.15677 -0.02753
v 33.20000 11.17462 -0.02753
v 32.99603 11.15677 -0.02753
v 32.79826 11.10378 -0.02753
v 32.61269 11.01725 -0.02753
v 32.44497 10.89981 -0.02753
v 32.30019 10.75503 -0.02753
v 32.18275 10.58731 -0.02753
v 32.09622 10.40174 -0.02753
v 32.04323 10.20397 -0.02753
v 32.02538 10.00000 -0.02753
v 32.04323 9.79603 -0.02753
v 32.09622 9.59826 -0.02753
v 32.18275 9.41269 -0.02753
v 32.30019 9.24497 -0.02753
v 32.44497 9.10019 -0.02753
v 32.61269 8.98275 -0.02753
v 32.79826 8.89622 -0.02753
v 32.99603 8.84323 -0.02753
v 33.20000 8.82538 -0.02753
v 33.40397 8.84323 -0.02753
v 33.60174 8.89622 -0.02753
v 33.78731 8.98275 -0.02753
v 33.95503 9.10019 -0.02753
v 34.09981 9.24497 -0.02753
v 34.21725 9.41269 -0.02753
v 34.30378 9.59826 -0.02753
v 34.35677 9.79603 -0.02753
v 34.43101 10.00000 0.18294
v 34.41231 10.21376 0.18294
v 34.35677 10.42103 0.18294
v 34.26609 10.61550 0.18294
v 34.14301 10.79128 0.18294
v 33.99128 10.94301 0.18294
v 33.81550 11.06609 0.18294
v 33.62103 11.15677 0.18294
v 33.41376 11.21231 0.18294
v 33.20000 11.23101 0.18294
v 32.98624 11.21231 0.18294
v 32.77897 11.15677 0.18294
v 32.58450 11.06609 0.18294
v 32.40872 10.94301 0.18294
v 32.25699 10.79128 0.18294
v 32.13391 10.61550 0.18294
v 32.04323 10.42103 0.18294
v 31.98769 10.21376 0.18294
v 31.96899 10.00000 0.18294
v 31.98769 9.78624 0.18294
v 32.04323 9.57897 0.18294
v 32.13391 9.38450 0.18294
v 32.25699 9.20872 0.18294
v 32.40872 9.05699 0.18294
v 32.58450 8.93391 0.18294
v 32.77897 8.84323 0.18294
v 32.98624 8.78769 0.18294
v 33.20000 8.76899 0.18294
v 33.41376 8.78769 0.18294
v 33.62103 8.84323 0.18294
v 33.81550 8.93391 0.18294
v 33.99128 9.05699 0.18294
v 34.14301 9.20872 0.18294
v 34.26609 9.38450 0.18294
v 34.35677 9.57897 0.18294
v 34.41231 9.78624 0.18294
v 34.45000 10.00000 0.40000
v 34.43101 10.21706 0.40000
v 34.37462 10.42753 0.40000
v 34.28253 10.62500 0.40000
v 34.15756 10.80348 0.40000
v 34.00348 10.95756 0.40000
v 33.82500 11.08253 0.40000
v 33.62753 11.17462 0.40000
v 33.41706 11.23101 0.40000
v 33.20000 11.25000 0.40000
v 32.98294 11.23101 0.40000
v 32.77247 11.17462 0.40000
v 32.57500 11.08253 0.40000
v 32.39652 10.95756 0.40000
v 32.24244 10.80348 0.40000
v 32.11747 10.62500 0.40000
v 32.02538 10.42753 0.40000
v 31.96899 10.21706 0.40000
v 31.95000 10.00000 0.40000
v 31.96899 9.78294 0.40000
v 32.02538 9.57247 0.40000
v 32.11747 9.37500 0.40000
v 32.24244 9.19652 0.40000
v 32.39652 9.04244 0.40000
v 32.57500 8.91747 0.40000
v 32.77247 8.82538 0.40000
v 32.98294 8.76899 0.40000
v 33.20000 8.75000 0.40000
v 33.41706 8.76899 0.40000
v 33.62753 8.82538 0.40000
v 33.82500 8.91747 0.40000
v 34.00348 9.04244 0.40000
v 34.15756 9.19652 0.40000
v 34.28253 9.37500 0.40000
v 34.37462 9.57247 0.40000
v 34.43101 9.78294 0.40000
v 34.55000 10.00000 0.15000
v 34.55000 10.00000 1.35000
v 34.51615 10.30040 0.15000
v 34.51615 10.30040 1.35000
v 34.41631 10.58574 0.15000
v 34.41631 10.58574 1.35000
v 34.25547 10.84171 0.15000
v 34.25547 10.84171 1.35000
v 34.04171 11.05547 0.15000
v 34.04171 11.05547 1.35000
v 33.78574 11.21631 0.15000
v 33.78574 11.21631 1.35000
v 33.50040 11.31615 0.15000
v 33.50040 11.31615 1.35000
v 33.20000 11.35000 0.15000
v 33.20000 11.35000 1.35000
v 32.89960 11.31615 0.15000
v 32.89960 11.31615 1.35000
v 32.61426 11.21631 0.15000
v 32.61426 11.21631 1.35000
v 32.35829 11.05547 0.15000
v 32.35829 11.05547 1.35000
v 32.14453 10.84171 0.15000
v 32.14453 10.84171 1.35000
v 31.98369 10.58574 0.15000
v 31.98369 10.58574 1.35000
v 31.88385 10.30040 0.15000
v 31.88385 10.30040 1.35000
v 31.85000 10.00000 0.15000
v 31.85000 10.00000 1.35000
v 31.88385 9.69960 0.15000
v 31.88385 9.69960 1.35000
v 31.98369 9.41426 0.15000
v 31.98369 9.41426 1.35000
v 32.14453 9.15829 0.15000
v 32.14453 9.15829 1.35000
v 32.35829 8.94453 0.15000
v 32.35829 8.94453 1.35000
v 32.61426 8.78369 0.15000
v 32.61426 8.78369 1.35000
v 32.89960 8.68385 0.15000
v 32.89960 8.68385 1.35000
v 33.20000 8.65000 0.15000
v 33.20000 8.65000 1.35000
v 33.50040 8.68385 0.15000
v 33.50040 8.68385 1.35000
v 33.78574 8.78369 0.15000
v 33.78574 8.78369 1.35000
v 34.04171 8.94453 0.15000
v 34.04171 8.94453 1.35000
v 34.25547 9.15829 0.15000
v 34.25547 9.15829 1.35000
v 34.41631 9.41426 0.15000
v 34.41631 9.41426 1.35000
v 34.51615 9.69960 0.15000
v 34.51615 9.69960 1.35000
v 31.65000 8.45000 0.00500
v 34.75000 8.45000 0.00500
v 34.75000 11.55000 0.00500
v 31.65000 11.55000 0.00500
v 31.65000 8.45000 0.35500
v 34.75000 8.45000 0.35500
v 34.75000 11.55000 0.35500
v 31.65000 11.55000 0.35500
v 34.12500 10.30000 5.30000
v 34.77500 10.30000 5.30000
v 34.12500 10.27029 5.43017
v 34.77500 10.27029 5.43017
v 34.12500 10.18705 5.53455
v 34.77500 10.18705 5.53455
v 34.12500 10.06676 5.59248
v 34.77500 10.06676 5.59248
v 34.12500 9.93324 5.59248
v 34.77500 9.93324 5.59248
v 34.12500 9.81295 5.53455
v 34.77500 9.81295 5.53455
v 34.12500 9.72971 5.43017
v 34.77500 9.72971 5.43017
v 34.12500 9.70000 5.30000
v 34.77500 9.70000 5.30000
v 34.12500 9.72971 5.16983
v 34.77500 9.72971 5.16983
v 34.12500 9.81295 5.06545
v 34.77500 9.81295 5.06545
v 34.12500 9.93324 5.00752
v 34.77500 9.93324 5.00752
v 34.12500 10.06676 5.00752
v 34.77500 10.06676 5.00752
v 34.12500 10.18705 5.06545
v 34.77500 10.18705 5.06545
v 34.12500 10.27029 5.16983
v 34.77500 10.27029 5.16983
v 34.12500 10.00000 5.30000
v 34.77500 10.00000 5.30000
v 31.62500 10.30000 2.80000
v 32.27500 10.30000 2.80000
v 31.62500 10.27029 2.93017
v 32.27500 10.27029 2.93017
v 31.62500 10.18705 3.03455
v 32.27500 10.18705 3.03455
v 31.62500 10.06676 3.09248
v 32.27500 10.06676 3.09248
v 31.62500 9.93324 3.09248
v 32.27500 9.93324 3.09248
v 31.62500 9.81295 3.03455
v 32.27500 9.81295 3.03455
v 31.62500 9.72971 2.93017
v 32.27500 9.72971 2.93017
v 31.62500 9.70000 2.80000
v 32.27500 9.70000 2.80000
v 31.62500 9.72971 2.66983
v 32.27500 9.72971 2.66983
v 31.62500 9.81295 2.56545
v 32.27500 9.81295 2.56545
v 31.62500 9.93324 2.50752
v 32.27500 9.93324 2.50752
v 31.62500 10.06676 2.50752
v 32.27500 10.06676 2.50752
v 31.62500 10.18705 2.56545
v 32.27500 10.18705 2.56545
v 31.62500 10.27029 2.66983
v 32.27500 10.27029 2.66983
v 31.62500 10.00000 2.80000
v 32.27500 10.00000 2.80000
v 33.46000 11.00000 5.90000
v 33.46000 11.50000 5.90000
v 33.43425 11.00000 6.01281
v 33.43425 11.50000 6.01281
v 33.36211 11.00000 6.10328
v 33.36211 11.50000 6.10328
v 33.25786 11.00000 6.15348
v 33.25786 11.50000 6.15348
v 33.14214 11.00000 6.15348
v 33.14214 11.50000 6.15348
v 33.03789 11.00000 6.10328
v 33.03789 11.50000 6.10328
v 32.96575 11.00000 6.01281
v 32.96575 11.50000 6.01281
v 32.94000 11.00000 5.90000
v 32.94000 11.50000 5.90000
v 32.96575 11.00000 5.78719
v 32.96575 11.50000 5.78719
v 33.03789 11.00000 5.69672
v 33.03789 11.50000 5.69672
v 33.14214 11.00000 5.64652
v 33.14214 11.50000 5.64652
v 33.25786 11.00000 5.64652
v 33.25786 11.50000 5.64652
v 33.36211 11.00000 5.69672
v 33.36211 11.50000 5.69672
v 33.43425 11.00000 5.78719
v 33.43425 11.50000 5.78719
v 33.20000 11.00000 5.90000
v 33.20000 11.50000 5.90000
v 34.80000 10.00000 0.70000
v 34.80000 10.00000 6.50000
v 34.78536 10.03536 0.70000
v 34.78536 10.03536 6.50000
v 34.75000 10.05000 0.70000
v 34.75000 10.05000 6.50000
v 34.71464 10.03536 0.70000
v 34.71464 10.03536 6.50000
v 34.70000 10.00000 0.70000
v 34.70000 10.00000 6.50000
v 34.71464 9.96464 0.70000
v 34.71464 9.96464 6.50000
v 34.75000 9.95000 0.70000
v 34.75000 9.95000 6.50000
v 34.78536 9.96464 0.70000
v 34.78536 9.96464 6.50000
v 34.75000 10.00000 0.70000
v 34.75000 10.00000 6.50000
v 34.55000 9.80000 1.56500
v 34.95000 9.80000 1.56500
v 34.95000 10.20000 1.56500
v 34.55000 10.20000 1.56500
v 34.55000 9.80000 1.63500
v 34.95000 9.80000 1.63500
v 34.95000 10.20000 1.63500
v 34.55000 10.20000 1.63500
v 34.55000 9.80000 2.96500
v 34.95000 9.80000 2.96500
v 34.95000 10.20000 2.96500
v 34.55000 10.20000 2.96500
v 34.55000 9.80000 3.03500
v 34.95000 9.80000 3.03500
v 34.95000 10.20000 3.03500
v 34.55000 10.20000 3.03500
v 34.55000 9.80000 4.36500
v 34.95000 9.80000 4.36500
v 34.95000 10.20000 4.36500
v 34.55000 10.20000 4.36500
v 34.55000 9.80000 4.43500
v 34.95000 9.80000 4.43500
v 34.95000 10.20000 4.43500
v 34.55000 10.20000 4.43500
v 34.55000 9.80000 5.76500
v 34.95000 9.80000 5.76500
v 34.95000 10.20000 5.76500
v 34.55000 10.20000 5.76500
v 34.55000 9.80000 5.83500
v 34.95000 9.80000 5.83500
v 34.95000 10.20000 5.83500
v 34.55000 10.20000 5.83500
v 34.56000 10.00000 2.30000
v 34.54243 10.00000 2.34243
v 34.50000 10.00000 2.36000
v 34.45757 10.00000 2.34243
v 34.44000 10.00000 2.30000
v 34.45757 10.00000 2.25757
v 34.50000 10.00000 2.24000
v 34.54243 10.00000 2.25757
v 34.53934 10.23616 2.30000
v 34.52203 10.23311 2.34243
v 34.48025 10.22574 2.36000
v 34.43847 10.21838 2.34243
v 34.42116 10.21532 2.30000
v 34.43847 10.21838 2.25757
v 34.48025 10.22574 2.24000
v 34.52203 10.23311 2.25757
v 34.47798 10.46515 2.30000
v 34.46147 10.45914 2.34243
v 34.42160 10.44463 2.36000
v 34.38173 10.43012 2.34243
v 34.36522 10.42410 2.30000
v 34.38173 10.43012 2.25757
v 34.42160 10.44463 2.24000
v 34.46147 10.45914 2.25757
v 34.37779 10.68000 2.30000
v 34.36258 10.67121 2.34243
v 34.32583 10.65000 2.36000
v 34.28909 10.62879 2.34243
v 34.27387 10.62000 2.30000
v 34.28909 10.62879 2.25757
v 34.32583 10.65000 2.24000
v 34.36258 10.67121 2.25757
v 34.24182 10.87419 2.30000
v 34.22836 10.86290 2.34243
v 34.19586 10.83562 2.36000
v 34.16336 10.80835 2.34243
v 34.14990 10.79706 2.30000
v 34.16336 10.80835 2.25757
v 34.19586 10.83562 2.24000
v 34.22836 10.86290 2.25757
v 34.07419 11.04182 2.30000
v 34.06290 11.02836 2.34243
v 34.03562 10.99586 2.36000
v 34.00835 10.96336 2.34243
v 33.99706 10.94990 2.30000
v 34.00835 10.96336 2.25757
v 34.03562 10.99586 2.24000
v 34.06290 11.02836 2.25757
v 33.88000 11.17779 2.30000
v 33.87121 11.16258 2.34243
v 33.85000 11.12583 2.36000
v 33.82879 11.08909 2.34243
v 33.82000 11.07387 2.30000
v 33.82879 11.08909 2.25757
v 33.85000 11.12583 2.24000
v 33.87121 11.16258 2.25757
v 33.66515 11.27798 2.30000
v 33.65914 11.26147 2.34243
v 33.64463 11.22160 2.36000
v 33.63012 11.18173 2.34243
v 33.62410 11.16522 2.30000
v 33.63012 11.18173 2.25757
v 33.64463 11.22160 2.24000
v 33.65914 11.26147 2.25757
v 33.43616 11.33934 2.30000
v 33.43311 11.32203 2.34243
v 33.42574 11.28025 2.36000
v 33.41838 11.23847 2.34243
v 33.41532 11.22116 2.30000
v 33.41838 11.23847 2.25757
v 33.42574 11.28025 2.24000
v 33.43311 11.32203 2.25757
v 33.20000 11.36000 2.30000
v 33.20000 11.34243 2.34243
v 33.20000 11.30000 2.36000
v 33.20000 11.25757 2.34243
v 33.20000 11.24000 2.30000
v 33.20000 11.25757 2.25757
v 33.20000 11.30000 2.24000
v 33.20000 11.34243 2.25757
v 32.96384 11.33934 2.30000
v 32.96689 11.32203 2.34243
v 32.97426 11.28025 2.36000
v 32.98162 11.23847 2.34243
v 32.98468 11.22116 2.30000
v 32.98162 11.23847 2.25757
v 32.97426 11.28025 2.24000
v 32.96689 11.32203 2.25757
v 32.73485 11.27798 2.30000
v 32.74086 11.26147 2.34243
v 32.75537 11.22160 2.36000
v 32.76988 11.18173 2.34243
v 32.77590 11.16522 2.30000
v 32.76988 11.18173 2.25757
v 32.75537 11.22160 2.24000
v 32.74086 11.26147 2.25757
v 32.52000 11.17779 2.30000
v 32.52879 11.16258 2.34243
v 32.55000 11.12583 2.36000
v 32.57121 11.08909 2.34243
v 32.58000 11.07387 2.30000
v 32.57121 11.08909 2.25757
v 32.55000 11.12583 2.24000
v 32.52879 11.16258 2.25757
v 32.32581 11.04182 2.30000
v 32.33710 11.02836 2.34243
v 32.36438 10.99586 2.36000
v 32.39165 10.96336 2.34243
v 32.40294 10.94990 2.30000
v 32.39165 10.96336 2.25757
v 32.36438 10.99586 2.24000
v 32.33710 11.02836 2.25757
v 32.15818 10.87419 2.30000
v 32.17164 10.86290 2.34243
v 32.20414 10.83562 2.36000
v 32.23664 10.80835 2.34243
v 32.25010 10.79706 2.30000
v 32.23664 10.80835 2.25757
v 32.20414 10.83562 2.24000
v 32.17164 10.86290 2.25757
v 32.02221 10.68000 2.30000
v 32.03742 10.67121 2.34243
v 32.07417 10.65000 2.36000
v 32.11091 10.62879 2.34243
v 32.12613 10.62000 2.30000
v 32.11091 10.62879 2.25757
v 32.07417 10.65000 2.24000
v 32.03742 10.67121 2.25757
v 31.92202 10.46515 2.30000
v 31.93853 10.45914 2.34243
v 31.97840 10.44463 2.36000
v 32.01827 10.43012 2.34243
v 32.03478 10.42410 2.30000
v 32.01827 10.43012 2.25757
v 31.97840 10.44463 2.24000
v 31.93853 10.45914 2.25757
v 31.86066 10.23616 2.30000
v 31.87797 10.23311 2.34243
v 31.91975 10.22574 2.36000
v 31.96153 10.21838 2.34243
v 31.97884 10.21532 2.30000
v 31.96153 10.21838 2.25757
v 31.91975 10.22574 2.24000
v 31.87797 10.23311 2.25757
v 31.84000 10.00000 2.30000
v 31.85757 10.00000 2.34243
v 31.90000 10.00000 2.36000
v 31.94243 10.00000 2.34243
v 31.96000 10.00000 2.30000
v 31.94243 10.00000 2.25757
v 31.90000 10.00000 2.24000
v 31.85757 10.00000 2.25757
v 31.86066 9.76384 2.30000
v 31.87797 9.76689 2.34243
v 31.91975 9.77426 2.36000
v 31.96153 9.78162 2.34243
v 31.97884 9.78468 2.30000
v 31.96153 9.78162 2.25757
v 31.91975 9.77426 2.24000
v 31.87797 9.76689 2.25757
v 31.92202 9.53485 2.30000
v 31.93853 9.54086 2.34243
v 31.97840 9.55537 2.36000
v 32.01827 9.56988 2.34243
v 32.03478 9.57590 2.30000
v 32.01827 9.56988 2.25757
v 31.97840 9.55537 2.24000
v 31.93853 9.54086 2.25757
v 32.02221 9.32000 2.30000
v 32.03742 9.32879 2.34243
v 32.07417 9.35000 2.36000
v 32.11091 9.37121 2.34243
v 32.12613 9.38000 2.30000
v 32.11091 9.37121 2.25757
v 32.07417 9.35000 2.24000
v 32.03742 9.32879 2.25757
v 32.15818 9.12581 2.30000
v 32.17164 9.13710 2.34243
v 32.20414 9.16438 2.36000
v 32.23664 9.19165 2.34243
v 32.25010 9.20294 2.30000
v 32.23664 9.19165 2.25757
v 32.20414 9.16438 2.24000
v 32.17164 9.13710 2.25757
v 32.32581 8.95818 2.30000
v 32.33710 8.97164 2.34243
v 32.36438 9.00414 2.36000
v 32.39165 9.03664 2.34243
v 32.40294 9.05010 2.30000
v 32.39165 9.03664 2.25757
v 32.36438 9.00414 2.24000
v 32.33710 8.97164 2.25757
v 32.52000 8.82221 2.30000
v 32.52879 8.83742 2.34243
v 32.55000 8.87417 2.36000
v 32.57121 8.91091 2.34243
v 32.58000 8.92613 2.30000
v 32.57121 8.91091 2.25757
v 32.55000 8.87417 2.24000
v 32.52879 8.83742 2.25757
v 32.73485 8.72202 2.30000
v 32.74086 8.73853 2.34243
v 32.75537 8.77840 2.36000
v 32.76988 8.81827 2.34243
v 32.77590 8.83478 2.30000
v 32.76988 8.81827 2.25757
v 32.75537 8.77840 2.24000
v 32.74086 8.73853 2.25757
v 32.96384 8.66066 2.30000
v 32.96689 8.67797 2.34243
v 32.97426 8.71975 2.36000
v 32.98162 8.76153 2.34243
v 32.98468 8.77884 2.30000
v 32.98162 8.76153 2.25757
v 32.97426 8.71975 2.24000
v 32.96689 8.67797 2.25757
v 33.20000 8.64000 2.30000
v 33.20000 8.65757 2.34243
v 33.20000 8.70000 2.36000
v 33.20000 8.74243 2.34243
v 33.20000 8.76000 2.30000
v 33.20000 8.74243 2.25757
v 33.20000 8.70000 2.24000
v 33.20000 8.65757 2.25757
v 33.43616 8.66066 2.30000
v 33.43311 8.67797 2.34243
v 33.42574 8.71975 2.36000
v 33.41838 8.76153 2.34243
v 33.41532 8.77884 2.30000
v 33.41838 8.76153 2.25757
v 33.42574 8.71975 2.24000
v 33.43311 8.67797 2.25757
v 33.66515 8.72202 2.30000
v 33.65914 8.73853 2.34243
v 33.64463 8.77840 2.36000
v 33.63012 8.81827 2.34243
v 33.62410 8.83478 2.30000
v 33.63012 8.81827 2.25757
v 33.64463 8.77840 2.24000
v 33.65914 8.73853 2.25757
v 33.88000 8.82221 2.30000
v 33.87121 8.83742 2.34243
v 33.85000 8.87417 2.36000
v 33.82879 8.91091 2.34243
v 33.82000 8.92613 2.30000
v 33.82879 8.91091 2.25757
v 33.85000 8.87417 2.24000
v 33.87121 8.83742 2.25757
v 34.07419 8.95818 2.30000
v 34.06290 8.97164 2.34243
v 34.03562 9.00414 2.36000
v 34.00835 9.03664 2.34243
v 33.99706 9.05010 2.30000
v 34.00835 9.03664 2.25757
v 34.03562 9.00414 2.24000
v 34.06290 8.97164 2.25757
v 34.24182 9.12581 2.30000
v 34.22836 9.13710 2.34243
v 34.19586 9.16438 2.36000
v 34.16336 9.19165 2.34243
v 34.14990 9.20294 2.30000
v 34.16336 9.19165 2.25757
v 34.19586 9.16438 2.24000
v 34.22836 9.13710 2.25757
v 34.37779 9.32000 2.30000
v 34.36258 9.32879 2.34243
v 34.32583 9.35000 2.36000
v 34.28909 9.37121 2.34243
v 34.27387 9.38000 2.30000
v 34.28909 9.37121 2.25757
v 34.32583 9.35000 2.24000
v 34.36258 9.32879 2.25757
v 34.47798 9.53485 2.30000
v 34.46147 9.54086 2.34243
v 34.42160 9.55537 2.36000
v 34.38173 9.56988 2.34243
v 34.36522 9.57590 2.30000
v 34.38173 9.56988 2.25757
v 34.42160 9.55537 2.24000
v 34.46147 9.54086 2.25757
v 34.53934 9.76384 2.30000
v 34.52203 9.76689 2.34243
v 34.48025 9.77426 2.36000
v 34.43847 9.78162 2.34243
v 34.42116 9.78468 2.30000
v 34.43847 9.78162 2.25757
v 34.48025 9.77426 2.24000
v 34.52203 9.76689 2.25757
v 34.56000 10.00000 3.90000
v 34.54243 10.00000 3.94243
v 34.50000 10.00000 3.96000
v 34.45757 10.00000 3.94243
v 34.44000 10.00000 3.90000
v 34.45757 10.00000 3.85757
v 34.50000 10.00000 3.84000
v 34.54243 10.00000 3.85757
v 34.53934 10.23616 3.90000
v 34.52203 10.23311 3.94243
v 34.48025 10.22574 3.96000
v 34.43847 10.21838 3.94243
v 34.42116 10.21532 3.90000
v 34.43847 10.21838 3.85757
v 34.48025 10.22574 3.84000
v 34.52203 10.23311 3.85757
v 34.47798 10.46515 3.90000
v 34.46147 10.45914 3.94243
v 34.42160 10.44463 3.96000
v 34.38173 10.43012 3.94243
v 34.36522 10.42410 3.90000
v 34.38173 10.43012 3.85757
v 34.42160 10.44463 3.84000
v 34.46147 10.45914 3.85757
v 34.37779 10.68000 3.90000
v 34.36258 10.67121 3.94243
v 34.32583 10.65000 3.96000
v 34.28909 10.62879 3.94243
v 34.27387 10.62000 3.90000
v 34.28909 10.62879 3.85757
v 34.32583 10.65000 3.84000
v 34.36258 10.67121 3.85757
v 34.24182 10.87419 3.90000
v 34.22836 10.86290 3.94243
v 34.19586 10.83562 3.96000
v 34.16336 10.80835 3.94243
v 34.14990 10.79706 3.90000
v 34.16336 10.80835 3.85757
v 34.19586 10.83562 3.84000
v 34.22836 10.86290 3.85757
v 34.07419 11.04182 3.90000
v 34.06290 11.02836 3.94243
v 34.03562 10.99586 3.96000
v 34.00835 10.96336 3.94243
v 33.99706 10.94990 3.90000
v 34.00835 10.96336 3.85757
v 34.03562 10.99586 3.84000
v 34.06290 11.02836 3.85757
v 33.88000 11.17779 3.90000
v 33.87121 11.16258 3.94243
v 33.85000 11.12583 3.96000
v 33.82879 11.08909 3.94243
v 33.82000 11.07387 3.90000
v 33.82879 11.08909 3.85757
v 33.85000 11.12583 3.84000
v 33.87121 11.16258 3.85757
v 33.66515 11.27798 3.90000
v 33.65914 11.26147 3.94243
v 33.64463 11.22160 3.96000
v 33.63012 11.18173 3.94243
v 33.62410 11.16522 3.90000
v 33.63012 11.18173 3.85757
v 33.64463 11.22160 3.84000
v 33.65914 11.26147 3.85757
v 33.43616 11.33934 3.90000
v 33.43311 11.32203 3.94243
v 33.42574 11.28025 3.96000
v 33.41838 11.23847 3.94243
v 33.41532 11.22116 3.90000
v 33.41838 11.23847 3.85757
v 33.42574 11.28025 3.84000
v 33.43311 11.32203 3.85757
v 33.20000 11.36000 3.90000
v 33.20000 11.34243 3.94243
v 33.20000 11.30000 3.96000
v 33.20000 11.25757 3.94243
v 33.20000 11.24000 3.90000
v 33.20000 11.25757 3.85757
v 33.20000 11.30000 3.84000
v 33.20000 11.34243 3.85757
v 32.96384 11.33934 3.90000
v 32.96689 11.32203 3.94243
v 32.97426 11.28025 3.96000
v 32.98162 11.23847 3.94243
v 32.98468 11.22116 3.90000
v 32.98162 11.23847 3.85757
v 32.97426 11.28025 3.84000
v 32.96689 11.32203 3.85757
v 32.73485 11.27798 3.90000
v 32.74086 11.26147 3.94243
v 32.75537 11.22160 3.96000
v 32.76988 11.18173 3.94243
v 32.77590 11.16522 3.90000
v 32.76988 11.18173 3.85757
v 32.75537 11.22160 3.84000
v 32.74086 11.26147 3.85757
v 32.52000 11.17779 3.90000
v 32.52879 11.16258 3.94243
v 32.55000 11.12583 3.96000
v 32.57121 11.08909 3.94243
v 32.58000 11.07387 3.90000
v 32.57121 11.08909 3.85757
v 32.55000 11.12583 3.84000
v 32.52879 11.16258 3.85757
v 32.32581 11.04182 3.90000
v 32.33710 11.02836 3.94243
v 32.36438 10.99586 3.96000
v 32.39165 10.96336 3.94243
v 32.40294 10.94990 3.90000
v 32.39165 10.96336 3.85757
v 32.36438 10.99586 3.84000
v 32.33710 11.02836 3.85757
v 32.15818 10.87419 3.90000
v 32.17164 10.86290 3.94243
v 32.20414 10.83562 3.96000
v 32.23664 10.80835 3.94243
v 32.25010 10.79706 3.90000
v 32.23664 10.80835 3.85757
v 32.20414 10.83562 3.84000
v 32.17164 10.86290 3.85757
v 32.02221 10.68000 3.90000
v 32.03742 10.67121 3.94243
v 32.07417 10.65000 3.96000
v 32.11091 10.62879 3.94243
v 32.12613 10.62000 3.90000
v 32.11091 10.62879 3.85757
v 32.07417 10.65000 3.84000
v 32.03742 10.67121 3.85757
v 31.92202 10.46515 3.90000
v 31.93853 10.45914 3.94243
v 31.97840 10.44463 3.96000
v 32.01827 10.43012 3.94243
v 32.03478 10.42410 3.90000
v 32.01827 10.43012 3.85757
v 31.97840 10.44463 3.84000
v 31.93853 10.45914 3.85757
v 31.86066 10.23616 3.90000
v 31.87797 10.23311 3.94243
v 31.91975 10.22574 3.96000
v 31.96153 10.21838 3.94243
v 31.97884 10.21532 3.90000
v 31.96153 10.21838 3.85757
v 31.91975 10.22574 3.84000
v 31.87797 10.23311 3.85757
v 31.84000 10.00000 3.90000
v 31.85757 10.00000 3.94243
v 31.90000 10.00000 3.96000
v 31.94243 10.00000 3.94243
v 31.96000 10.00000 3.90000
v 31.94243 10.00000 3.85757
v 31.90000 10.00000 3.84000
v 31.85757 10.00000 3.85757
v 31.86066 9.76384 3.90000
v 31.87797 9.76689 3.94243
v 31.91975 9.77426 3.96000
v 31.96153 9.78162 3.94243
v 31.97884 9.78468 3.90000
v 31.96153 9.78162 3.85757
v 31.91975 9.77426 3.84000
v 31.87797 9.76689 3.85757
v 31.92202 9.53485 3.90000
v 31.93853 9.54086 3.94243
v 31.97840 9.55537 3.96000
v 32.01827 9.56988 3.94243
v 32.03478 9.57590 3.90000
v 32.01827 9.56988 3.85757
v 31.97840 9.55537 3.84000
v 31.93853 9.54086 3.85757
v 32.02221 9.32000 3.90000
v 32.03742 9.32879 3.94243
v 32.07417 9.35000 3.96000
v 32.11091 9.37121 3.94243
v 32.12613 9.38000 3.90000
v 32.11091 9.37121 3.85757
v 32.07417 9.35000 3.84000
v 32.03742 9.32879 3.85757
v 32.15818 9.12581 3.90000
v 32.17164 9.13710 3.94243
v 32.20414 9.16438 3.96000
v 32.23664 9.19165 3.94243
v 32.25010 9.20294 3.90000
v 32.23664 9.19165 3.85757
v 32.20414 9.16438 3.84000
v 32.17164 9.13710 3.85757
v 32.32581 8.95818 3.90000
v 32.33710 8.97164 3.94243
v 32.36438 9.00414 3.96000
v 32.39165 9.03664 3.94243
v 32.40294 9.05010 3.90000
v 32.39165 9.03664 3.85757
v 32.36438 9.00414 3.84000
v 32.33710 8.97164 3.85757
v 32.52000 8.82221 3.90000
v 32.52879 8.83742 3.94243
v 32.55000 8.87417 3.96000
v 32.57121 8.91091 3.94243
v 32.58000 8.92613 3.90000
v 32.57121 8.91091 3.85757
v 32.55000 8.87417 3.84000
v 32.52879 8.83742 3.85757
v 32.73485 8.72202 3.90000
v 32.74086 8.73853 3.94243
v 32.75537 8.77840 3.96000
v 32.76988 8.81827 3.94243
v 32.77590 8.83478 3.90000
v 32.76988 8.81827 3.85757
v 32.75537 8.77840 3.84000
v 32.74086 8.73853 3.85757
v 32.96384 8.66066 3.90000
v 32.96689 8.67797 3.94243
v 32.97426 8.71975 3.96000
v 32.98162 8.76153 3.94243
v 32.98468 8.77884 3.90000
v 32.98162 8.76153 3.85757
v 32.97426 8.71975 3.84000
v 32.96689 8.67797 3.85757
v 33.20000 8.64000 3.90000
v 33.20000 8.65757 3.94243
v 33.20000 8.70000 3.96000
v 33.20000 8.74243 3.94243
v 33.20000 8.76000 3.90000
v 33.20000 8.74243 3.85757
v 33.20000 8.70000 3.84000
v 33.20000 8.65757 3.85757
v 33.43616 8.66066 3.90000
v 33.43311 8.67797 3.94243
v 33.42574 8.71975 3.96000
v 33.41838 8.76153 3.94243
v 33.41532 8.77884 3.90000
v 33.41838 8.76153 3.85757
v 33.42574 8.71975 3.84000
v 33.43311 8.67797 3.85757
v 33.66515 8.72202 3.90000
v 33.65914 8.73853 3.94243
v 33.64463 8.77840 3.96000
v 33.63012 8.81827 3.94243
v 33.62410 8.83478 3.90000
v 33.63012 8.81827 3.85757
v 33.64463 8.77840 3.84000
v 33.65914 8.73853 3.85757
v 33.88000 8.82221 3.90000
v 33.87121 8.83742 3.94243
v 33.85000 8.87417 3.96000
v 33.82879 8.91091 3.94243
v 33.82000 8.92613 3.90000
v 33.82879 8.91091 3.85757
v 33.85000 8.87417 3.84000
v 33.87121 8.83742 3.85757
v 34.07419 8.95818 3.90000
v 34.06290 8.97164 3.94243
v 34.03562 9.00414 3.96000
v 34.00835 9.03664 3.94243
v 33.99706 9.05010 3.90000
v 34.00835 9.03664 3.85757
v 34.03562 9.00414 3.84000
v 34.06290 8.97164 3.85757
v 34.24182 9.12581 3.90000
v 34.22836 9.13710 3.94243
v 34.19586 9.16438 3.96000
v 34.16336 9.19165 3.94243
v 34.14990 9.20294 3.90000
v 34.16336 9.19165 3.85757
v 34.19586 9.16438 3.84000
v 34.22836 9.13710 3.85757
v 34.37779 9.32000 3.90000
v 34.36258 9.32879 3.94243
v 34.32583 9.35000 3.96000
v 34.28909 9.37121 3.94243
v 34.27387 9.38000 3.90000
v 34.28909 9.37121 3.85757
v 34.32583 9.35000 3.84000
v 34.36258 9.32879 3.85757
v 34.47798 9.53485 3.90000
v 34.46147 9.54086 3.94243
v 34.42160 9.55537 3.96000
v 34.38173 9.56988 3.94243
v 34.36522 9.57590 3.90000
v 34.38173 9.56988 3.85757
v 34.42160 9.55537 3.84000
v 34.46147 9.54086 3.85757
v 34.53934 9.76384 3.90000
v 34.52203 9.76689 3.94243
v 34.48025 9.77426 3.96000
v 34.43847 9.78162 3.94243
v 34.42116 9.78468 3.90000
v 34.43847 9.78162 3.85757
v 34.48025 9.77426 3.84000
v 34.52203 9.76689 3.85757
v 34.56000 10.00000 5.50000
v 34.54243 10.00000 5.54243
v 34.50000 10.00000 5.56000
v 34.45757 10.00000 5.54243
v 34.44000 10.00000 5.50000
v 34.45757 10.00000 5.45757
v 34.50000 10.00000 5.44000
v 34.54243 10.00000 5.45757
v 34.53934 10.23616 5.50000
v 34.52203 10.23311 5.54243
v 34.48025 10.22574 5.56000
v 34.43847 10.21838 5.54243
v 34.42116 10.21532 5.50000
v 34.43847 10.21838 5.45757
v 34.48025 10.22574 5.44000
v 34.52203 10.23311 5.45757
v 34.47798 10.46515 5.50000
v 34.46147 10.45914 5.54243
v 34.42160 10.44463 5.56000
v 34.38173 10.43012 5.54243
v 34.36522 10.42410 5.50000
v 34.38173 10.43012 5.45757
v 34.42160 10.44463 5.44000
v 34.46147 10.45914 5.45757
v 34.37779 10.68000 5.50000
v 34.36258 10.67121 5.54243
v 34.32583 10.65000 5.56000
v 34.28909 10.62879 5.54243
v 34.27387 10.62000 5.50000
v 34.28909 10.62879 5.45757
v 34.32583 10.65000 5.44000
v 34.36258 10.67121 5.45757
v 34.24182 10.87419 5.50000
v 34.22836 10.86290 5.54243
v 34.19586 10.83562 5.56000
v 34.16336 10.80835 5.54243
v 34.14990 10.79706 5.50000
v 34.16336 10.80835 5.45757
v 34.19586 10.83562 5.44000
v 34.22836 10.86290 5.45757
v 34.07419 11.04182 5.50000
v 34.06290 11.02836 5.54243
v 34.03562 10.99586 5.56000
v 34.00835 10.96336 5.54243
v 33.99706 10.94990 5.50000
v 34.00835 10.96336 5.45757
v 34.03562 10.99586 5.44000
v 34.06290 11.02836 5.45757
v 33.88000 11.17779 5.50000
v 33.87121 11.16258 5.54243
v 33.85000 11.12583 5.56000
v 33.82879 11.08909 5.54243
v 33.82000 11.07387 5.50000
v 33.82879 11.08909 5.45757
v 33.85000 11.12583 5.44000
v 33.87121 11.16258 5.45757
v 33.66515 11.27798 5.50000
v 33.65914 11.26147 5.54243
v 33.64463 11.22160 5.56000
v 33.63012 11.18173 5.54243
v 33.62410 11.16522 5.50000
v 33.63012 11.18173 5.45757
v 33.64463 11.22160 5.44000
v 33.65914 11.26147 5.45757
v 33.43616 11.33934 5.50000
v 33.43311 11.32203 5.54243
v 33.42574 11.28025 5.56000
v 33.41838 11.23847 5.54243
v 33.41532 11.22116 5.50000
v 33.41838 11.23847 5.45757
v 33.42574 11.28025 5.44000
v 33.43311 11.32203 5.45757
v 33.20000 11.36000 5.50000
v 33.20000 11.34243 5.54243
v 33.20000 11.30000 5.56000
v 33.20000 11.25757 5.54243
v 33.20000 11.24000 5.50000
v 33.20000 11.25757 5.45757
v 33.20000 11.30000 5.44000
v 33.20000 11.34243 5.45757
v 32.96384 11.33934 5.50000
v 32.96689 11.32203 5.54243
v 32.97426 11.28025 5.56000
v 32.98162 11.23847 5.54243
v 32.98468 11.22116 5.50000
v 32.98162 11.23847 5.45757
v 32.97426 11.28025 5.44000
v 32.96689 11.32203 5.45757
v 32.73485 11.27798 5.50000
v 32.74086 11.26147 5.54243
v 32.75537 11.22160 5.56000
v 32.76988 11.18173 5.54243
v 32.77590 11.16522 5.50000
v 32.76988 11.18173 5.45757
v 32.75537 11.22160 5.44000
v 32.74086 11.26147 5.45757
v 32.52000 11.17779 5.50000
v 32.52879 11.16258 5.54243
v 32.55000 11.12583 5.56000
v 32.57121 11.08909 5.54243
v 32.58000 11.07387 5.50000
v 32.57121 11.08909 5.45757
v 32.55000 11.12583 5.44000
v 32.52879 11.16258 5.45757
v 32.32581 11.04182 5.50000
v 32.33710 11.02836 5.54243
v 32.36438 10.99586 5.56000
v 32.39165 10.96336 5.54243
v 32.40294 10.94990 5.50000
v 32.39165 10.96336 5.45757
v 32.36438 10.99586 5.44000
v 32.33710 11.02836 5.45757
v 32.15818 10.87419 5.50000
v 32.17164 10.86290 5.54243
v 32.20414 10.83562 5.56000
v 32.23664 10.80835 5.54243
v 32.25010 10.79706 5.50000
v 32.23664 10.80835 5.45757
v 32.20414 10.83562 5.44000
v 32.17164 10.86290 5.45757
v 32.02221 10.68000 5.50000
v 32.03742 10.67121 5.54243
v 32.07417 10.65000 5.56000
v 32.11091 10.62879 5.54243
v 32.12613 10.62000 5.50000
v 32.11091 10.62879 5.45757
v 32.07417 10.65000 5.44000
v 32.03742 10.67121 5.45757
v 31.92202 10.46515 5.50000
v 31.93853 10.45914 5.54243
v 31.97840 10.44463 5.56000
v 32.01827 10.43012 5.54243
v 32.03478 10.42410 5.50000
v 32.01827 10.43012 5.45757
v 31.97840 10.44463 5.44000
v 31.93853 10.45914 5.45757
v 31.86066 10.23616 5.50000
v 31.87797 10.23311 5.54243
v 31.91975 10.22574 5.56000
v 31.96153 10.21838 5.54243
v 31.97884 10.21532 5.50000
v 31.96153 10.21838 5.45757
v 31.91975 10.22574 5.44000
v 31.87797 10.23311 5.45757
v 31.84000 10.00000 5.50000
v 31.85757 10.00000 5.54243
v 31.90000 10.00000 5.56000
v 31.94243 10.00000 5.54243
v 31.96000 10.00000 5.50000
v 31.94243 10.00000 5.45757
v 31.90000 10.00000 5.44000
v 31.85757 10.00000 5.45757
v 31.86066 9.76384 5.50000
v 31.87797 9.76689 5.54243
v 31.91975 9.77426 5.56000
v 31.96153 9.78162 5.54243
v 31.97884 9.78468 5.50000
v 31.96153 9.78162 5.45757
v 31.91975 9.77426 5.44000
v 31.87797 9.76689 5.45757
v 31.92202 9.53485 5.50000
v 31.93853 9.54086 5.54243
v 31.97840 9.55537 5.56000
v 32.01827 9.56988 5.54243
v 32.03478 9.57590 5.50000
v 32.01827 9.56988 5.45757
v 31.97840 9.55537 5.44000
v 31.93853 9.54086 5.45757
v 32.02221 9.32000 5.50000
v 32.03742 9.32879 5.54243
v 32.07417 9.35000 5.56000
v 32.11091 9.37121 5.54243
v 32.12613 9.38000 5.50000
v 32.11091 9.37121 5.45757
v 32.07417 9.35000 5.44000
v 32.03742 9.32879 5.45757
v 32.15818 9.12581 5.50000
v 32.17164 9.13710 5.54243
v 32.20414 9.16438 5.56000
v 32.23664 9.19165 5.54243
v 32.25010 9.20294 5.50000
v 32.23664 9.19165 5.45757
v 32.20414 9.16438 5.44000
v 32.17164 9.13710 5.45757
v 32.32581 8.95818 5.50000
v 32.33710 8.97164 5.54243
v 32.36438 9.00414 5.56000
v 32.39165 9.03664 5.54243
v 32.40294 9.05010 5.50000
v 32.39165 9.03664 5.45757
v 32.36438 9.00414 5.44000
v 32.33710 8.97164 5.45757
v 32.52000 8.82221 5.50000
v 32.52879 8.83742 5.54243
v 32.55000 8.87417 5.56000
v 32.57121 8.91091 5.54243
v 32.58000 8.92613 5.50000
v 32.57121 8.91091 5.45757
v 32.55000 8.87417 5.44000
v 32.52879 8.83742 5.45757
v 32.73485 8.72202 5.50000
v 32.74086 8.73853 5.54243
v 32.75537 8.77840 5.56000
v 32.76988 8.81827 5.54243
v 32.77590 8.83478 5.50000
v 32.76988 8.81827 5.45757
v 32.75537 8.77840 5.44000
v 32.74086 8.73853 5.45757
v 32.96384 8.66066 5.50000
v 32.96689 8.67797 5.54243
v 32.97426 8.71975 5.56000
v 32.98162 8.76153 5.54243
v 32.98468 8.77884 5.50000
v 32.98162 8.76153 5.45757
v 32.97426 8.71975 5.44000
v 32.96689 8.67797 5.45757
v 33.20000 8.64000 5.50000
v 33.20000 8.65757 5.54243
v 33.20000 8.70000 5.56000
v 33.20000 8.74243 5.54243
v 33.20000 8.76000 5.50000
v 33.20000 8.74243 5.45757
v 33.20000 8.70000 5.44000
v 33.20000 8.65757 5.45757
v 33.43616 8.66066 5.50000
v 33.43311 8.67797 5.54243
v 33.42574 8.71975 5.56000
v 33.41838 8.76153 5.54243
v 33.41532 8.77884 5.50000
v 33.41838 8.76153 5.45757
v 33.42574 8.71975 5.44000
v 33.43311 8.67797 5.45757
v 33.66515 8.72202 5.50000
v 33.65914 8.73853 5.54243
v 33.64463 8.77840 5.56000
v 33.63012 8.81827 5.54243
v 33.62410 8.83478 5.50000
v 33.63012 8.81827 5.45757
v 33.64463 8.77840 5.44000
v 33.65914 8.73853 5.45757
v 33.88000 8.82221 5.50000
v 33.87121 8.83742 5.54243
v 33.85000 8.87417 5.56000
v 33.82879 8.91091 5.54243
v 33.82000 8.92613 5.50000
v 33.82879 8.91091 5.45757
v 33.85000 8.87417 5.44000
v 33.87121 8.83742 5.45757
v 34.07419 8.95818 5.50000
v 34.06290 8.97164 5.54243
v 34.03562 9.00414 5.56000
v 34.00835 9.03664 5.54243
v 33.99706 9.05010 5.50000
v 34.00835 9.03664 5.45757
v 34.03562 9.00414 5.44000
v 34.06290 8.97164 5.45757
v 34.24182 9.12581 5.50000
v 34.22836 9.13710 5.54243
v 34.19586 9.16438 5.56000
v 34.16336 9.19165 5.54243
v 34.14990 9.20294 5.50000
v 34.16336 9.19165 5.45757
v 34.19586 9.16438 5.44000
v 34.22836 9.13710 5.45757
v 34.37779 9.32000 5.50000
v 34.36258 9.32879 5.54243
v 34.32583 9.35000 5.56000
v 34.28909 9.37121 5.54243
v 34.27387 9.38000 5.50000
v 34.28909 9.37121 5.45757
v 34.32583 9.35000 5.44000
v 34.36258 9.32879 5.45757
v 34.47798 9.53485 5.50000
v 34.46147 9.54086 5.54243
v 34.42160 9.55537 5.56000
v 34.38173 9.56988 5.54243
v 34.36522 9.57590 5.50000
v 34.38173 9.56988 5.45757
v 34.42160 9.55537 5.44000
v 34.46147 9.54086 5.45757
v 34.53934 9.76384 5.50000
v 34.52203 9.76689 5.54243
v 34.48025 9.77426 5.56000
v 34.43847 9.78162 5.54243
v 34.42116 9.78468 5.50000
v 34.43847 9.78162 5.45757
v 34.48025 9.77426 5.44000
v 34.52203 9.76689 5.45757
v 19.27500 9.57500 3.47500
v 20.32500 9.57500 3.47500
v 20.32500 10.42500 3.47500
v 19.27500 10.42500 3.47500
v 19.27500 9.57500 4.32500
v 20.32500 9.57500 4.32500
v 20.32500 10.42500 4.32500
v 19.27500 10.42500 4.32500
v 18.77500 10.40000 3.90000
v 19.12500 10.40000 3.90000
v 18.77500 10.38042 4.02361
v 19.12500 10.38042 4.02361
v 18.77500 10.32361 4.13511
v 19.12500 10.32361 4.13511
v 18.77500 10.23511 4.22361
v 19.12500 10.23511 4.22361
v 18.77500 10.12361 4.28042
v 19.12500 10.12361 4.28042
v 18.77500 10.00000 4.30000
v 19.12500 10.00000 4.30000
v 18.77500 9.87639 4.28042
v 19.12500 9.87639 4.28042
v 18.77500 9.76489 4.22361
v 19.12500 9.76489 4.22361
v 18.77500 9.67639 4.13511
v 19.12500 9.67639 4.13511
v 18.77500 9.61958 4.02361
v 19.12500 9.61958 4.02361
v 18.77500 9.60000 3.90000
v 19.12500 9.60000 3.90000
v 18.77500 9.61958 3.77639
v 19.12500 9.61958 3.77639
v 18.77500 9.67639 3.66489
v 19.12500 9.67639 3.66489
v 18.77500 9.76489 3.57639
v 19.12500 9.76489 3.57639
v 18.77500 9.87639 3.51958
v 19.12500 9.87639 3.51958
v 18.77500 10.00000 3.50000
v 19.12500 10.00000 3.50000
v 18.77500 10.12361 3.51958
v 19.12500 10.12361 3.51958
v 18.77500 10.23511 3.57639
v 19.12500 10.23511 3.57639
v 18.77500 10.32361 3.66489
v 19.12500 10.32361 3.66489
v 18.77500 10.38042 3.77639
v 19.12500 10.38042 3.77639
v 18.77500 10.00000 3.90000
v 19.12500 10.00000 3.90000
v 20.47500 10.40000 3.90000
v 20.82500 10.40000 3.90000
v 20.47500 10.38042 4.02361
v 20.82500 10.38042 4.02361
v 20.47500 10.32361 4.13511
v 20.82500 10.32361 4.13511
v 20.47500 10.23511 4.22361
v 20.82500 10.23511 4.22361
v 20.47500 10.12361 4.28042
v 20.82500 10.12361 4.28042
v 20.47500 10.00000 4.30000
v 20.82500 10.00000 4.30000
v 20.47500 9.87639 4.28042
v 20.82500 9.87639 4.28042
v 20.47500 9.76489 4.22361
v 20.82500 9.76489 4.22361
v 20.47500 9.67639 4.13511
v 20.82500 9.67639 4.13511
v 20.47500 9.61958 4.02361
v 20.82500 9.61958 4.02361
v 20.47500 9.60000 3.90000
v 20.82500 9.60000 3.90000
v 20.47500 9.61958 3.77639
v 20.82500 9.61958 3.77639
v 20.47500 9.67639 3.66489
v 20.82500 9.67639 3.66489
v 20.47500 9.76489 3.57639
v 20.82500 9.76489 3.57639
v 20.47500 9.87639 3.51958
v 20.82500 9.87639 3.51958
v 20.47500 10.00000 3.50000
v 20.82500 10.00000 3.50000
v 20.47500 10.12361 3.51958
v 20.82500 10.12361 3.51958
v 20.47500 10.23511 3.57639
v 20.82500 10.23511 3.57639
v 20.47500 10.32361 3.66489
v 20.82500 10.32361 3.66489
v 20.47500 10.38042 3.77639
v 20.82500 10.38042 3.77639
v 20.47500 10.00000 3.90000
v 20.82500 10.00000 3.90000
v 18.75000 10.53000 3.90000
v 18.80657 10.50657 3.90000
v 18.83000 10.45000 3.90000
v 18.80657 10.39343 3.90000
v 18.75000 10.37000 3.90000
v 18.69343 10.39343 3.90000
v 18.67000 10.45000 3.90000
v 18.69343 10.50657 3.90000
v 18.75000 10.50406 4.06378
v 18.80657 10.48178 4.05654
v 18.83000 10.42798 4.03906
v 18.80657 10.37418 4.02158
v 18.75000 10.35189 4.01434
v 18.69343 10.37418 4.02158
v 18.67000 10.42798 4.03906
v 18.69343 10.48178 4.05654
v 18.75000 10.42878 4.21153
v 18.80657 10.40982 4.19775
v 18.83000 10.36406 4.16450
v 18.80657 10.31829 4.13125
v 18.75000 10.29934 4.11748
v 18.69343 10.31829 4.13125
v 18.67000 10.36406 4.16450
v 18.69343 10.40982 4.19775
v 18.75000 10.31153 4.32878
v 18.80657 10.29775 4.30982
v 18.83000 10.26450 4.26406
v 18.80657 10.23125 4.21829
v 18.75000 10.21748 4.19934
v 18.69343 10.23125 4.21829
v 18.67000 10.26450 4.26406
v 18.69343 10.29775 4.30982
v 18.75000 10.16378 4.40406
v 18.80657 10.15654 4.38178
v 18.83000 10.13906 4.32798
v 18.80657 10.12158 4.27418
v 18.75000 10.11434 4.25189
v 18.69343 10.12158 4.27418
v 18.67000 10.13906 4.32798
v 18.69343 10.15654 4.38178
v 18.75000 10.00000 4.43000
v 18.80657 10.00000 4.40657
v 18.83000 10.00000 4.35000
v 18.80657 10.00000 4.29343
v 18.75000 10.00000 4.27000
v 18.69343 10.00000 4.29343
v 18.67000 10.00000 4.35000
v 18.69343 10.00000 4.40657
v 18.75000 9.83622 4.40406
v 18.80657 9.84346 4.38178
v 18.83000 9.86094 4.32798
v 18.80657 9.87842 4.27418
v 18.75000 9.88566 4.25189
v 18.69343 9.87842 4.27418
v 18.67000 9.86094 4.32798
v 18.69343 9.84346 4.38178
v 18.75000 9.68847 4.32878
v 18.80657 9.70225 4.30982
v 18.83000 9.73550 4.26406
v 18.80657 9.76875 4.21829
v 18.75000 9.78252 4.19934
v 18.69343 9.76875 4.21829
v 18.67000 9.73550 4.26406
v 18.69343 9.70225 4.30982
v 18.75000 9.57122 4.21153
v 18.80657 9.59018 4.19775
v 18.83000 9.63594 4.16450
v 18.80657 9.68171 4.13125
v 18.75000 9.70066 4.11748
v 18.69343 9.68171 4.13125
v 18.67000 9.63594 4.16450
v 18.69343 9.59018 4.19775
v 18.75000 9.49594 4.06378
v 18.80657 9.51822 4.05654
v 18.83000 9.57202 4.03906
v 18.80657 9.62582 4.02158
v 18.75000 9.64811 4.01434
v 18.69343 9.62582 4.02158
v 18.67000 9.57202 4.03906
v 18.69343 9.51822 4.05654
v 18.75000 9.47000 3.90000
v 18.80657 9.49343 3.90000
v 18.83000 9.55000 3.90000
v 18.80657 9.60657 3.90000
v 18.75000 9.63000 3.90000
v 18.69343 9.60657 3.90000
v 18.67000 9.55000 3.90000
v 18.69343 9.49343 3.90000
v 18.75000 9.49594 3.73622
v 18.80657 9.51822 3.74346
v 18.83000 9.57202 3.76094
v 18.80657 9.62582 3.77842
v 18.75000 9.64811 3.78566
v 18.69343 9.62582 3.77842
v 18.67000 9.57202 3.76094
v 18.69343 9.51822 3.74346
v 18.75000 9.57122 3.58847
v 18.80657 9.59018 3.60225
v 18.83000 9.63594 3.63550
v 18.80657 9.68171 3.66875
v 18.75000 9.70066 3.68252
v 18.69343 9.68171 3.66875
v 18.67000 9.63594 3.63550
v 18.69343 9.59018 3.60225
v 18.75000 9.68847 3.47122
v 18.80657 9.70225 3.49018
v 18.83000 9.73550 3.53594
v 18.80657 9.76875 3.58171
v 18.75000 9.78252 3.60066
v 18.69343 9.76875 3.58171
v 18.67000 9.73550 3.53594
v 18.69343 9.70225 3.49018
v 18.75000 9.83622 3.39594
v 18.80657 9.84346 3.41822
v 18.83000 9.86094 3.47202
v 18.80657 9.87842 3.52582
v 18.75000 9.88566 3.54811
v 18.69343 9.87842 3.52582
v 18.67000 9.86094 3.47202
v 18.69343 9.84346 3.41822
v 18.75000 10.00000 3.37000
v 18.80657 10.00000 3.39343
v 18.83000 10.00000 3.45000
v 18.80657 10.00000 3.50657
v 18.75000 10.00000 3.53000
v 18.69343 10.00000 3.50657
v 18.67000 10.00000 3.45000
v 18.69343 10.00000 3.39343
v 18.75000 10.16378 3.39594
v 18.80657 10.15654 3.41822
v 18.83000 10.13906 3.47202
v 18.80657 10.12158 3.52582
v 18.75000 10.11434 3.54811
v 18.69343 10.12158 3.52582
v 18.67000 10.13906 3.47202
v 18.69343 10.15654 3.41822
v 18.75000 10.31153 3.47122
v 18.80657 10.29775 3.49018
v 18.83000 10.26450 3.53594
v 18.80657 10.23125 3.58171
v 18.75000 10.21748 3.60066
v 18.69343 10.23125 3.58171
v 18.67000 10.26450 3.53594
v 18.69343 10.29775 3.49018
v 18.75000 10.42878 3.58847
v 18.80657 10.40982 3.60225
v 18.83000 10.36406 3.63550
v 18.80657 10.31829 3.66875
v 18.75000 10.29934 3.68252
v 18.69343 10.31829 3.66875
v 18.67000 10.36406 3.63550
v 18.69343 10.40982 3.60225
v 18.75000 10.50406 3.73622
v 18.80657 10.48178 3.74346
v 18.83000 10.42798 3.76094
v 18.80657 10.37418 3.77842
v 18.75000 10.35189 3.78566
v 18.69343 10.37418 3.77842
v 18.67000 10.42798 3.76094
v 18.69343 10.48178 3.74346
v 20.85000 10.53000 3.90000
v 20.90657 10.50657 3.90000
v 20.93000 10.45000 3.90000
v 20.90657 10.39343 3.90000
v 20.85000 10.37000 3.90000
v 20.79343 10.39343 3.90000
v 20.77000 10.45000 3.90000
v 20.79343 10.50657 3.90000
v 20.85000 10.50406 4.06378
v 20.90657 10.48178 4.05654
v 20.93000 10.42798 4.03906
v 20.90657 10.37418 4.02158
v 20.85000 10.35189 4.01434
v 20.79343 10.37418 4.02158
v 20.77000 10.42798 4.03906
v 20.79343 10.48178 4.05654
v 20.85000 10.42878 4.21153
v 20.90657 10.40982 4.19775
v 20.93000 10.36406 4.16450
v 20.90657 10.31829 4.13125
v 20.85000 10.29934 4.11748
v 20.79343 10.31829 4.13125
v 20.77000 10.36406 4.16450
v 20.79343 10.40982 4.19775
v 20.85000 10.31153 4.32878
v 20.90657 10.29775 4.30982
v 20.93000 10.26450 4.26406
v 20.90657 10.23125 4.21829
v 20.85000 10.21748 4.19934
v 20.79343 10.23125 4.21829
v 20.77000 10.26450 4.26406
v 20.79343 10.29775 4.30982
v 20.85000 10.16378 4.40406
v 20.90657 10.15654 4.38178
v 20.93000 10.13906 4.32798
v 20.90657 10.12158 4.27418
v 20.85000 10.11434 4.25189
v 20.79343 10.12158 4.27418
v 20.77000 10.13906 4.32798
v 20.79343 10.15654 4.38178
v 20.85000 10.00000 4.43000
v 20.90657 10.00000 4.40657
v 20.93000 10.00000 4.35000
v 20.90657 10.00000 4.29343
v 20.85000 10.00000 4.27000
v 20.79343 10.00000 4.29343
v 20.77000 10.00000 4.35000
v 20.79343 10.00000 4.40657
v 20.85000 9.83622 4.40406
v 20.90657 9.84346 4.38178
v 20.93000 9.86094 4.32798
v 20.90657 9.87842 4.27418
v 20.85000 9.88566 4.25189
v 20.79343 9.87842 4.27418
v 20.77000 9.86094 4.32798
v 20.79343 9.84346 4.38178
v 20.85000 9.68847 4.32878
v 20.90657 9.70225 4.30982
v 20.93000 9.73550 4.26406
v 20.90657 9.76875 4.21829
v 20.85000 9.78252 4.19934
v 20.79343 9.76875 4.21829
v 20.77000 9.73550 4.26406
v 20.79343 9.70225 4.30982
v 20.85000 9.57122 4.21153
v 20.90657 9.59018 4.19775
v 20.93000 9.63594 4.16450
v 20.90657 9.68171 4.13125
v 20.85000 9.70066 4.11748
v 20.79343 9.68171 4.13125
v 20.77000 9.63594 4.16450
v 20.79343 9.59018 4.19775
v 20.85000 9.49594 4.06378
v 20.90657 9.51822 4.05654
v 20.93000 9.57202 4.03906
v 20.90657 9.62582 4.02158
v 20.85000 9.64811 4.01434
v 20.79343 9.62582 4.02158
v 20.77000 9.57202 4.03906
v 20.79343 9.51822 4.05654
v 20.85000 9.47000 3.90000
v 20.90657 9.49343 3.90000
v 20.93000 9.55000 3.90000
v 20.90657 9.60657 3.90000
v 20.85000 9.63000 3.90000
v 20.79343 9.60657 3.90000
v 20.77000 9.55000 3.90000
v 20.79343 9.49343 3.90000
v 20.85000 9.49594 3.73622
v 20.90657 9.51822 3.74346
v 20.93000 9.57202 3.76094
v 20.90657 9.62582 3.77842
v 20.85000 9.64811 3.78566
v 20.79343 9.62582 3.77842
v 20.77000 9.57202 3.76094
v 20.79343 9.51822 3.74346
v 20.85000 9.57122 3.58847
v 20.90657 9.59018 3.60225
v 20.93000 9.63594 3.63550
v 20.90657 9.68171 3.66875
v 20.85000 9.70066 3.68252
v 20.79343 9.68171 3.66875
v 20.77000 9.63594 3.63550
v 20.79343 9.59018 3.60225
v 20.85000 9.68847 3.47122
v 20.90657 9.70225 3.49018
v 20.93000 9.73550 3.53594
v 20.90657 9.76875 3.58171
v 20.85000 9.78252 3.60066
v 20.79343 9.76875 3.58171
v 20.77000 9.73550 3.53594
v 20.79343 9.70225 3.49018
v 20.85000 9.83622 3.39594
v 20.90657 9.84346 3.41822
v 20.93000 9.86094 3.47202
v 20.90657 9.87842 3.52582
v 20.85000 9.88566 3.54811
v 20.79343 9.87842 3.52582
v 20.77000 9.86094 3.47202
v 20.79343 9.84346 3.41822
v 20.85000 10.00000 3.37000
v 20.90657 10.00000 3.39343
v 20.93000 10.00000 3.45000
v 20.90657 10.00000 3.50657
v 20.85000 10.00000 3.53000
v 20.79343 10.00000 3.50657
v 20.77000 10.00000 3.45000
v 20.79343 10.00000 3.39343
v 20.85000 10.16378 3.39594
v 20.90657 10.15654 3.41822
v 20.93000 10.13906 3.47202
v 20.90657 10.12158 3.52582
v 20.85000 10.11434 3.54811
v 20.79343 10.12158 3.52582
v 20.77000 10.13906 3.47202
v 20.79343 10.15654 3.41822
v 20.85000 10.31153 3.47122
v 20.90657 10.29775 3.49018
v 20.93000 10.26450 3.53594
v 20.90657 10.23125 3.58171
v 20.85000 10.21748 3.60066
v 20.79343 10.23125 3.58171
v 20.77000 10.26450 3.53594
v 20.79343 10.29775 3.49018
v 20.85000 10.42878 3.58847
v 20.90657 10.40982 3.60225
v 20.93000 10.36406 3.63550
v 20.90657 10.31829 3.66875
v 20.85000 10.29934 3.68252
v 20.79343 10.31829 3.66875
v 20.77000 10.36406 3.63550
v 20.79343 10.40982 3.60225
v 20.85000 10.50406 3.73622
v 20.90657 10.48178 3.74346
v 20.93000 10.42798 3.76094
v 20.90657 10.37418 3.77842
v 20.85000 10.35189 3.78566
v 20.79343 10.37418 3.77842
v 20.77000 10.42798 3.76094
v 20.79343 10.48178 3.74346
v 20.08000 10.00000 4.27500
v 20.08000 10.00000 4.92500
v 20.05869 10.10715 4.27500
v 20.05869 10.10715 4.92500
v 19.99799 10.19799 4.27500
v 19.99799 10.19799 4.92500
v 19.90715 10.25869 4.27500
v 19.90715 10.25869 4.92500
v 19.80000 10.28000 4.27500
v 19.80000 10.28000 4.92500
v 19.69285 10.25869 4.27500
v 19.69285 10.25869 4.92500
v 19.60201 10.19799 4.27500
v 19.60201 10.19799 4.92500
v 19.54131 10.10715 4.27500
v 19.54131 10.10715 4.92500
v 19.52000 10.00000 4.27500
v 19.52000 10.00000 4.92500
v 19.54131 9.89285 4.27500
v 19.54131 9.89285 4.92500
v 19.60201 9.80201 4.27500
v 19.60201 9.80201 4.92500
v 19.69285 9.74131 4.27500
v 19.69285 9.74131 4.92500
v 19.80000 9.72000 4.27500
v 19.80000 9.72000 4.92500
v 19.90715 9.74131 4.27500
v 19.90715 9.74131 4.92500
v 19.99799 9.80201 4.27500
v 19.99799 9.80201 4.92500
v 20.05869 9.89285 4.27500
v 20.05869 9.89285 4.92500
v 19.80000 10.00000 4.27500
v 19.80000 10.00000 4.92500
v 19.88000 10.00000 4.80000
v 19.88000 10.00000 5.70000
v 19.85657 10.05657 4.80000
v 19.85657 10.05657 5.70000
v 19.80000 10.08000 4.80000
v 19.80000 10.08000 5.70000
v 19.74343 10.05657 4.80000
v 19.74343 10.05657 5.70000
v 19.72000 10.00000 4.80000
v 19.72000 10.00000 5.70000
v 19.74343 9.94343 4.80000
v 19.74343 9.94343 5.70000
v 19.80000 9.92000 4.80000
v 19.80000 9.92000 5.70000
v 19.85657 9.94343 4.80000
v 19.85657 9.94343 5.70000
v 19.80000 10.00000 4.80000
v 19.80000 10.00000 5.70000
v 20.42000 10.00000 5.75000
v 20.39950 10.00000 5.79950
v 20.35000 10.00000 5.82000
v 20.30050 10.00000 5.79950
v 20.28000 10.00000 5.75000
v 20.30050 10.00000 5.70050
v 20.35000 10.00000 5.68000
v 20.39950 10.00000 5.70050
v 20.39887 10.16047 5.75000
v 20.37907 10.15516 5.79950
v 20.33126 10.14235 5.82000
v 20.28345 10.12954 5.79950
v 20.26364 10.12423 5.75000
v 20.28345 10.12954 5.70050
v 20.33126 10.14235 5.68000
v 20.37907 10.15516 5.70050
v 20.33694 10.31000 5.75000
v 20.31918 10.29975 5.79950
v 20.27631 10.27500 5.82000
v 20.23345 10.25025 5.79950
v 20.21569 10.24000 5.75000
v 20.23345 10.25025 5.70050
v 20.27631 10.27500 5.68000
v 20.31918 10.29975 5.70050
v 20.23841 10.43841 5.75000
v 20.22391 10.42391 5.79950
v 20.18891 10.38891 5.82000
v 20.15391 10.35391 5.79950
v 20.13941 10.33941 5.75000
v 20.15391 10.35391 5.70050
v 20.18891 10.38891 5.68000
v 20.22391 10.42391 5.70050
v 20.11000 10.53694 5.75000
v 20.09975 10.51918 5.79950
v 20.07500 10.47631 5.82000
v 20.05025 10.43345 5.79950
v 20.04000 10.41569 5.75000
v 20.05025 10.43345 5.70050
v 20.07500 10.47631 5.68000
v 20.09975 10.51918 5.70050
v 19.96047 10.59887 5.75000
v 19.95516 10.57907 5.79950
v 19.94235 10.53126 5.82000
v 19.92954 10.48345 5.79950
v 19.92423 10.46364 5.75000
v 19.92954 10.48345 5.70050
v 19.94235 10.53126 5.68000
v 19.95516 10.57907 5.70050
v 19.80000 10.62000 5.75000
v 19.80000 10.59950 5.79950
v 19.80000 10.55000 5.82000
v 19.80000 10.50050 5.79950
v 19.80000 10.48000 5.75000
v 19.80000 10.50050 5.70050
v 19.80000 10.55000 5.68000
v 19.80000 10.59950 5.70050
v 19.63953 10.59887 5.75000
v 19.64484 10.57907 5.79950
v 19.65765 10.53126 5.82000
v 19.67046 10.48345 5.79950
v 19.67577 10.46364 5.75000
v 19.67046 10.48345 5.70050
v 19.65765 10.53126 5.68000
v 19.64484 10.57907 5.70050
v 19.49000 10.53694 5.75000
v 19.50025 10.51918 5.79950
v 19.52500 10.47631 5.82000
v 19.54975 10.43345 5.79950
v 19.56000 10.41569 5.75000
v 19.54975 10.43345 5.70050
v 19.52500 10.47631 5.68000
v 19.50025 10.51918 5.70050
v 19.36159 10.43841 5.75000
v 19.37609 10.42391 5.79950
v 19.41109 10.38891 5.82000
v 19.44609 10.35391 5.79950
v 19.46059 10.33941 5.75000
v 19.44609 10.35391 5.70050
v 19.41109 10.38891 5.68000
v 19.37609 10.42391 5.70050
v 19.26306 10.31000 5.75000
v 19.28082 10.29975 5.79950
v 19.32369 10.27500 5.82000
v 19.36655 10.25025 5.79950
v 19.38431 10.24000 5.75000
v 19.36655 10.25025 5.70050
v 19.32369 10.27500 5.68000
v 19.28082 10.29975 5.70050
v 19.20113 10.16047 5.75000
v 19.22093 10.15516 5.79950
v 19.26874 10.14235 5.82000
v 19.31655 10.12954 5.79950
v 19.33636 10.12423 5.75000
v 19.31655 10.12954 5.70050
v 19.26874 10.14235 5.68000
v 19.22093 10.15516 5.70050
v 19.18000 10.00000 5.75000
v 19.20050 10.00000 5.79950
v 19.25000 10.00000 5.82000
v 19.29950 10.00000 5.79950
v 19.32000 10.00000 5.75000
v 19.29950 10.00000 5.70050
v 19.25000 10.00000 5.68000
v 19.20050 10.00000 5.70050
v 19.20113 9.83953 5.75000
v 19.22093 9.84484 5.79950
v 19.26874 9.85765 5.82000
v 19.31655 9.87046 5.79950
v 19.33636 9.87577 5.75000
v 19.31655 9.87046 5.70050
v 19.26874 9.85765 5.68000
v 19.22093 9.84484 5.70050
v 19.26306 9.69000 5.75000
v 19.28082 9.70025 5.79950
v 19.32369 9.72500 5.82000
v 19.36655 9.74975 5.79950
v 19.38431 9.76000 5.75000
v 19.36655 9.74975 5.70050
v 19.32369 9.72500 5.68000
v 19.28082 9.70025 5.70050
v 19.36159 9.56159 5.75000
v 19.37609 9.57609 5.79950
v 19.41109 9.61109 5.82000
v 19.44609 9.64609 5.79950
v 19.46059 9.66059 5.75000
v 19.44609 9.64609 5.70050
v 19.41109 9.61109 5.68000
v 19.37609 9.57609 5.70050
v 19.49000 9.46306 5.75000
v 19.50025 9.48082 5.79950
v 19.52500 9.52369 5.82000
v 19.54975 9.56655 5.79950
v 19.56000 9.58431 5.75000
v 19.54975 9.56655 5.70050
v 19.52500 9.52369 5.68000
v 19.50025 9.48082 5.70050
v 19.63953 9.40113 5.75000
v 19.64484 9.42093 5.79950
v 19.65765 9.46874 5.82000
v 19.67046 9.51655 5.79950
v 19.67577 9.53636 5.75000
v 19.67046 9.51655 5.70050
v 19.65765 9.46874 5.68000
v 19.64484 9.42093 5.70050
v 19.80000 9.38000 5.75000
v 19.80000 9.40050 5.79950
v 19.80000 9.45000 5.82000
v 19.80000 9.49950 5.79950
v 19.80000 9.52000 5.75000
v 19.80000 9.49950 5.70050
v 19.80000 9.45000 5.68000
v 19.80000 9.40050 5.70050
v 19.96047 9.40113 5.75000
v 19.95516 9.42093 5.79950
v 19.94235 9.46874 5.82000
v 19.92954 9.51655 5.79950
v 19.92423 9.53636 5.75000
v 19.92954 9.51655 5.70050
v 19.94235 9.46874 5.68000
v 19.95516 9.42093 5.70050
v 20.11000 9.46306 5.75000
v 20.09975 9.48082 5.79950
v 20.07500 9.52369 5.82000
v 20.05025 9.56655 5.79950
v 20.04000 9.58431 5.75000
v 20.05025 9.56655 5.70050
v 20.07500 9.52369 5.68000
v 20.09975 9.48082 5.70050
v 20.23841 9.56159 5.75000
v 20.22391 9.57609 5.79950
v 20.18891 9.61109 5.82000
v 20.15391 9.64609 5.79950
v 20.13941 9.66059 5.75000
v 20.15391 9.64609 5.70050
v 20.18891 9.61109 5.68000
v 20.22391 9.57609 5.70050
v 20.33694 9.69000 5.75000
v 20.31918 9.70025 5.79950
v 20.27631 9.72500 5.82000
v 20.23345 9.74975 5.79950
v 20.21569 9.76000 5.75000
v 20.23345 9.74975 5.70050
v 20.27631 9.72500 5.68000
v 20.31918 9.70025 5.70050
v 20.39887 9.83953 5.75000
v 20.37907 9.84484 5.79950
v 20.33126 9.85765 5.82000
v 20.28345 9.87046 5.79950
v 20.26364 9.87577 5.75000
v 20.28345 9.87046 5.70050
v 20.33126 9.85765 5.68000
v 20.37907 9.84484 5.70050
v 19.85500 9.96500 5.71500
v 20.30500 9.96500 5.71500
v 20.30500 10.03500 5.71500
v 19.85500 10.03500 5.71500
v 19.85500 9.96500 5.78500
v 20.30500 9.96500 5.78500
v 20.30500 10.03500 5.78500
v 19.85500 10.03500 5.78500
v 19.71500 10.20749 5.71500
v 20.16500 10.20749 5.71500
v 20.16500 10.27749 5.71500
v 19.71500 10.27749 5.71500
v 19.71500 10.20749 5.78500
v 20.16500 10.20749 5.78500
v 20.16500 10.27749 5.78500
v 19.71500 10.27749 5.78500
v 19.43500 10.20749 5.71500
v 19.88500 10.20749 5.71500
v 19.88500 10.27749 5.71500
v 19.43500 10.27749 5.71500
v 19.43500 10.20749 5.78500
v 19.88500 10.20749 5.78500
v 19.88500 10.27749 5.78500
v 19.43500 10.27749 5.78500
v 19.29500 9.96500 5.71500
v 19.74500 9.96500 5.71500
v 19.74500 10.03500 5.71500
v 19.29500 10.03500 5.71500
v 19.29500 9.96500 5.78500
v 19.74500 9.96500 5.78500
v 19.74500 10.03500 5.78500
v 19.29500 10.03500 5.78500
v 19.43500 9.72251 5.71500
v 19.88500 9.72251 5.71500
v 19.88500 9.79251 5.71500
v 19.43500 9.79251 5.71500
v 19.43500 9.72251 5.78500
v 19.88500 9.72251 5.78500
v 19.88500 9.79251 5.78500
v 19.43500 9.79251 5.78500
v 19.71500 9.72251 5.71500
v 20.16500 9.72251 5.71500
v 20.16500 9.79251 5.71500
v 19.71500 9.79251 5.71500
v 19.71500 9.72251 5.78500
v 20.16500 9.72251 5.78500
v 20.16500 9.79251 5.78500
v 19.71500 9.79251 5.78500
v 13.45000 10.22000 3.90000
v 18.95000 10.22000 3.90000
v 13.45000 10.20923 3.96798
v 18.95000 10.20923 3.96798
v 13.45000 10.17798 4.02931
v 18.95000 10.17798 4.02931
v 13.45000 10.12931 4.07798
v 18.95000 10.12931 4.07798
v 13.45000 10.06798 4.10923
v 18.95000 10.06798 4.10923
v 13.45000 10.00000 4.12000
v 18.95000 10.00000 4.12000
v 13.45000 9.93202 4.10923
v 18.95000 9.93202 4.10923
v 13.45000 9.87069 4.07798
v 18.95000 9.87069 4.07798
v 13.45000 9.82202 4.02931
v 18.95000 9.82202 4.02931
v 13.45000 9.79077 3.96798
v 18.95000 9.79077 3.96798
v 13.45000 9.78000 3.90000
v 18.95000 9.78000 3.90000
v 13.45000 9.79077 3.83202
v 18.95000 9.79077 3.83202
v 13.45000 9.82202 3.77069
v 18.95000 9.82202 3.77069
v 13.45000 9.87069 3.72202
v 18.95000 9.87069 3.72202
v 13.45000 9.93202 3.69077
v 18.95000 9.93202 3.69077
v 13.45000 10.00000 3.68000
v 18.95000 10.00000 3.68000
v 13.45000 10.06798 3.69077
v 18.95000 10.06798 3.69077
v 13.45000 10.12931 3.72202
v 18.95000 10.12931 3.72202
v 13.45000 10.17798 3.77069
v 18.95000 10.17798 3.77069
v 13.45000 10.20923 3.83202
v 18.95000 10.20923 3.83202
v 13.45000 10.00000 3.90000
v 18.95000 10.00000 3.90000
v 22.40000 5.90000 2.20000
v 22.40000 10.10000 2.20000
v 22.38794 5.90000 2.26840
v 22.38794 10.10000 2.26840
v 22.35321 5.90000 2.32856
v 22.35321 10.10000 2.32856
v 22.30000 5.90000 2.37321
v 22.30000 10.10000 2.37321
v 22.23473 5.90000 2.39696
v 22.23473 10.10000 2.39696
v 22.16527 5.90000 2.39696
v 22.16527 10.10000 2.39696
v 22.10000 5.90000 2.37321
v 22.10000 10.10000 2.37321
v 22.04679 5.90000 2.32856
v 22.04679 10.10000 2.32856
v 22.01206 5.90000 2.26840
v 22.01206 10.10000 2.26840
v 22.00000 5.90000 2.20000
v 22.00000 10.10000 2.20000
v 22.01206 5.90000 2.13160
v 22.01206 10.10000 2.13160
v 22.04679 5.90000 2.07144
v 22.04679 10.10000 2.07144
v 22.10000 5.90000 2.02679
v 22.10000 10.10000 2.02679
v 22.16527 5.90000 2.00304
v 22.16527 10.10000 2.00304
v 22.23473 5.90000 2.00304
v 22.23473 10.10000 2.00304
v 22.30000 5.90000 2.02679
v 22.30000 10.10000 2.02679
v 22.35321 5.90000 2.07144
v 22.35321 10.10000 2.07144
v 22.38794 5.90000 2.13160
v 22.38794 10.10000 2.13160
v 22.20000 5.90000 2.20000
v 22.20000 10.10000 2.20000
v 23.00000 6.40000 1.45000
v 25.80000 6.40000 1.45000
v 23.00000 6.38794 1.51840
v 25.80000 6.38794 1.51840
v 23.00000 6.35321 1.57856
v 25.80000 6.35321 1.57856
v 23.00000 6.30000 1.62321
v 25.80000 6.30000 1.62321
v 23.00000 6.23473 1.64696
v 25.80000 6.23473 1.64696
v 23.00000 6.16527 1.64696
v 25.80000 6.16527 1.64696
v 23.00000 6.10000 1.62321
v 25.80000 6.10000 1.62321
v 23.00000 6.04679 1.57856
v 25.80000 6.04679 1.57856
v 23.00000 6.01206 1.51840
v 25.80000 6.01206 1.51840
v 23.00000 6.00000 1.45000
v 25.80000 6.00000 1.45000
v 23.00000 6.01206 1.38160
v 25.80000 6.01206 1.38160
v 23.00000 6.04679 1.32144
v 25.80000 6.04679 1.32144
v 23.00000 6.10000 1.27679
v 25.80000 6.10000 1.27679
v 23.00000 6.16527 1.25304
v 25.80000 6.16527 1.25304
v 23.00000 6.23473 1.25304
v 25.80000 6.23473 1.25304
v 23.00000 6.30000 1.27679
v 25.80000 6.30000 1.27679
v 23.00000 6.35321 1.32144
v 25.80000 6.35321 1.32144
v 23.00000 6.38794 1.38160
v 25.80000 6.38794 1.38160
v 23.00000 6.20000 1.45000
v 25.80000 6.20000 1.45000
v 23.00000 14.00000 1.45000
v 25.80000 14.00000 1.45000
v 23.00000 13.98794 1.51840
v 25.80000 13.98794 1.51840
v 23.00000 13.95321 1.57856
v 25.80000 13.95321 1.57856
v 23.00000 13.90000 1.62321
v 25.80000 13.90000 1.62321
v 23.00000 13.83473 1.64696
v 25.80000 13.83473 1.64696
v 23.00000 13.76527 1.64696
v 25.80000 13.76527 1.64696
v 23.00000 13.70000 1.62321
v 25.80000 13.70000 1.62321
v 23.00000 13.64679 1.57856
v 25.80000 13.64679 1.57856
v 23.00000 13.61206 1.51840
v 25.80000 13.61206 1.51840
v 23.00000 13.60000 1.45000
v 25.80000 13.60000 1.45000
v 23.00000 13.61206 1.38160
v 25.80000 13.61206 1.38160
v 23.00000 13.64679 1.32144
v 25.80000 13.64679 1.32144
v 23.00000 13.70000 1.27679
v 25.80000 13.70000 1.27679
v 23.00000 13.76527 1.25304
v 25.80000 13.76527 1.25304
v 23.00000 13.83473 1.25304
v 25.80000 13.83473 1.25304
v 23.00000 13.90000 1.27679
v 25.80000 13.90000 1.27679
v 23.00000 13.95321 1.32144
v 25.80000 13.95321 1.32144
v 23.00000 13.98794 1.38160
v 25.80000 13.98794 1.38160
v 23.00000 13.80000 1.45000
v 25.80000 13.80000 1.45000
v 25.95000 10.22000 2.80000
v 32.45000 10.22000 2.80000
v 25.95000 10.20923 2.86798
v 32.45000 10.20923 2.86798
v 25.95000 10.17798 2.92931
v 32.45000 10.17798 2.92931
v 25.95000 10.12931 2.97798
v 32.45000 10.12931 2.97798
v 25.95000 10.06798 3.00923
v 32.45000 10.06798 3.00923
v 25.95000 10.00000 3.02000
v 32.45000 10.00000 3.02000
v 25.95000 9.93202 3.00923
v 32.45000 9.93202 3.00923
v 25.95000 9.87069 2.97798
v 32.45000 9.87069 2.97798
v 25.95000 9.82202 2.92931
v 32.45000 9.82202 2.92931
v 25.95000 9.79077 2.86798
v 32.45000 9.79077 2.86798
v 25.95000 9.78000 2.80000
v 32.45000 9.78000 2.80000
v 25.95000 9.79077 2.73202
v 32.45000 9.79077 2.73202
v 25.95000 9.82202 2.67069
v 32.45000 9.82202 2.67069
v 25.95000 9.87069 2.62202
v 32.45000 9.87069 2.62202
v 25.95000 9.93202 2.59077
v 32.45000 9.93202 2.59077
v 25.95000 10.00000 2.58000
v 32.45000 10.00000 2.58000
v 25.95000 10.06798 2.59077
v 32.45000 10.06798 2.59077
v 25.95000 10.12931 2.62202
v 32.45000 10.12931 2.62202
v 25.95000 10.17798 2.67069
v 32.45000 10.17798 2.67069
v 25.95000 10.20923 2.73202
v 32.45000 10.20923 2.73202
v 25.95000 10.00000 2.80000
v 32.45000 10.00000 2.80000
v 32.82000 10.00000 0.80000
v 32.82000 10.00000 3.20000
v 32.80673 10.07524 0.80000
v 32.80673 10.07524 3.20000
v 32.76853 10.14141 0.80000
v 32.76853 10.14141 3.20000
v 32.71000 10.19053 0.80000
v 32.71000 10.19053 3.20000
v 32.63820 10.21666 0.80000
v 32.63820 10.21666 3.20000
v 32.56180 10.21666 0.80000
v 32.56180 10.21666 3.20000
v 32.49000 10.19053 0.80000
v 32.49000 10.19053 3.20000
v 32.43147 10.14141 0.80000
v 32.43147 10.14141 3.20000
v 32.39327 10.07524 0.80000
v 32.39327 10.07524 3.20000
v 32.38000 10.00000 0.80000
v 32.38000 10.00000 3.20000
v 32.39327 9.92476 0.80000
v 32.39327 9.92476 3.20000
v 32.43147 9.85859 0.80000
v 32.43147 9.85859 3.20000
v 32.49000 9.80947 0.80000
v 32.49000 9.80947 3.20000
v 32.56180 9.78334 0.80000
v 32.56180 9.78334 3.20000
v 32.63820 9.78334 0.80000
v 32.63820 9.78334 3.20000
v 32.71000 9.80947 0.80000
v 32.71000 9.80947 3.20000
v 32.76853 9.85859 0.80000
v 32.76853 9.85859 3.20000
v 32.80673 9.92476 0.80000
v 32.80673 9.92476 3.20000
v 32.60000 10.00000 0.80000
v 32.60000 10.00000 3.20000
v 16.42000 9.92000 0.00000
v 16.58000 9.92000 0.00000
v 16.58000 10.08000 0.00000
v 16.42000 10.08000 0.00000
v 16.42000 9.92000 1.90000
v 16.58000 9.92000 1.90000
v 16.58000 10.08000 1.90000
v 16.42000 10.08000 1.90000
v 16.22500 9.89000 1.85000
v 16.77500 9.89000 1.85000
v 16.77500 10.11000 1.85000
v 16.22500 10.11000 1.85000
v 16.22500 9.89000 1.95000
v 16.77500 9.89000 1.95000
v 16.77500 10.11000 1.95000
v 16.22500 10.11000 1.95000
v 22.42000 6.12000 0.00000
v 22.58000 6.12000 0.00000
v 22.58000 6.28000 0.00000
v 22.42000 6.28000 0.00000
v 22.42000 6.12000 0.95000
v 22.58000 6.12000 0.95000
v 22.58000 6.28000 0.95000
v 22.42000 6.28000 0.95000
v 22.22500 6.09000 0.90000
v 22.77500 6.09000 0.90000
v 22.77500 6.31000 0.90000
v 22.22500 6.31000 0.90000
v 22.22500 6.09000 1.00000
v 22.77500 6.09000 1.00000
v 22.77500 6.31000 1.00000
v 22.22500 6.31000 1.00000
v 22.42000 13.72000 0.00000
v 22.58000 13.72000 0.00000
v 22.58000 13.88000 0.00000
v 22.42000 13.88000 0.00000
v 22.42000 13.72000 0.95000
v 22.58000 13.72000 0.95000
v 22.58000 13.88000 0.95000
v 22.42000 13.88000 0.95000
v 22.22500 13.69000 0.90000
v 22.77500 13.69000 0.90000
v 22.77500 13.91000 0.90000
v 22.22500 13.91000 0.90000
v 22.22500 13.69000 1.00000
v 22.77500 13.69000 1.00000
v 22.77500 13.91000 1.00000
v 22.22500 13.91000 1.00000
v 29.72000 9.92000 0.00000
v 29.88000 9.92000 0.00000
v 29.88000 10.08000 0.00000
v 29.72000 10.08000 0.00000
v 29.72000 9.92000 1.50000
v 29.88000 9.92000 1.50000
v 29.88000 10.08000 1.50000
v 29.72000 10.08000 1.50000
v 29.52500 9.89000 1.45000
v 30.07500 9.89000 1.45000
v 30.07500 10.11000 1.45000
v 29.52500 10.11000 1.45000
v 29.52500 9.89000 1.55000
v 30.07500 9.89000 1.55000
v 30.07500 10.11000 1.55000
v 29.52500 10.11000 1.55000
v 6.00000 4.58000 5.20000
v 34.00000 4.58000 5.20000
v 6.00000 4.56472 5.24702
v 34.00000 4.56472 5.24702
v 6.00000 4.52472 5.27608
v 34.00000 4.52472 5.27608
v 6.00000 4.47528 5.27608
v 34.00000 4.47528 5.27608
v 6.00000 4.43528 5.24702
v 34.00000 4.43528 5.24702
v 6.00000 4.42000 5.20000
v 34.00000 4.42000 5.20000
v 6.00000 4.43528 5.15298
v 34.00000 4.43528 5.15298
v 6.00000 4.47528 5.12392
v 34.00000 4.47528 5.12392
v 6.00000 4.52472 5.12392
v 34.00000 4.52472 5.12392
v 6.00000 4.56472 5.15298
v 34.00000 4.56472 5.15298
v 6.00000 4.50000 5.20000
v 34.00000 4.50000 5.20000
v 6.00000 15.58000 5.20000
v 34.00000 15.58000 5.20000
v 6.00000 15.56472 5.24702
v 34.00000 15.56472 5.24702
v 6.00000 15.52472 5.27608
v 34.00000 15.52472 5.27608
v 6.00000 15.47528 5.27608
v 34.00000 15.47528 5.27608
v 6.00000 15.43528 5.24702
v 34.00000 15.43528 5.24702
v 6.00000 15.42000 5.20000
v 34.00000 15.42000 5.20000
v 6.00000 15.43528 5.15298
v 34.00000 15.43528 5.15298
v 6.00000 15.47528 5.12392
v 34.00000 15.47528 5.12392
v 6.00000 15.52472 5.12392
v 34.00000 15.52472 5.12392
v 6.00000 15.56472 5.15298
v 34.00000 15.56472 5.15298
v 6.00000 15.50000 5.20000
v 34.00000 15.50000 5.20000
o ENVIRONMENT
usemtl hull
f 1 2 3
f 1 3 4
f 5 7 6
f 5 8 7
f 1 5 6
f 1 6 2
f 2 6 7
f 2 7 3
f 3 7 8
f 3 8 4
f 4 8 5
f 4 5 1
f 9 10 11
f 9 11 12
f 13 15 14
f 13 16 15
f 9 13 14
f 9 14 10
f 10 14 15
f 10 15 11
f 11 15 16
f 11 16 12
f 12 16 13
f 12 13 9
f 17 18 19
f 17 19 20
f 21 23 22
f 21 24 23
f 17 21 22
f 17 22 18
f 18 22 23
f 18 23 19
f 19 23 24
f 19 24 20
f 20 24 21
f 20 21 17
f 25 26 27
f 25 27 28
f 29 31 30
f 29 32 31
f 25 29 30
f 25 30 26
f 26 30 31
f 26 31 27
f 27 31 32
f 27 32 28
f 28 32 29
f 28 29 25
f 33 34 35
f 33 35 36
f 37 39 38
f 37 40 39
f 33 37 38
f 33 38 34
f 34 38 39
f 34 39 35
f 35 39 40
f 35 40 36
f 36 40 37
f 36 37 33
f 41 42 43
f 41 43 44
f 45 47 46
f 45 48 47
f 41 45 46
f 41 46 42
f 42 46 47
f 42 47 43
f 43 47 48
f 43 48 44
f 44 48 45
f 44 45 41
f 49 50 51
f 49 51 52
f 53 55 54
f 53 56 55
f 49 53 54
f 49 54 50
f 50 54 55
f 50 55 51
f 51 55 56
f 51 56 52
f 52 56 53
f 52 53 49
f 57 58 59
f 57 59 60
f 61 63 62
f 61 64 63
f 57 61 62
f 57 62 58
f 58 62 63
f 58 63 59
f 59 63 64
f 59 64 60
f 60 64 61
f 60 61 57
f 65 66 67
f 65 67 68
f 69 71 70
f 69 72 71
f 65 69 70
f 65 70 66
f 66 70 71
f 66 71 67
f 67 71 72
f 67 72 68
f 68 72 69
f 68 69 65
f 73 74 75
f 73 75 76
f 77 79 78
f 77 80 79
f 73 77 78
f 73 78 74
f 74 78 79
f 74 79 75
f 75 79 80
f 75 80 76
f 76 80 77
f 76 77 73
f 81 82 83
f 81 83 84
f 85 87 86
f 85 88 87
f 81 85 86
f 81 86 82
f 82 86 87
f 82 87 83
f 83 87 88
f 83 88 84
f 84 88 85
f 84 85 81
f 89 90 91
f 89 91 92
f 93 95 94
f 93 96 95
f 89 93 94
f 89 94 90
f 90 94 95
f 90 95 91
f 91 95 96
f 91 96 92
f 92 96 93
f 92 93 89
f 97 98 99
f 97 99 100
f 101 103 102
f 101 104 103
f 97 101 102
f 97 102 98
f 98 102 103
f 98 103 99
f 99 103 104
f 99 104 100
f 100 104 101
f 100 101 97
f 105 106 107
f 105 107 108
f 109 111 110
f 109 112 111
f 105 109 110
f 105 110 106
f 106 110 111
f 106 111 107
f 107 111 112
f 107 112 108
f 108 112 109
f 108 109 105
f 113 114 115
f 113 115 116
f 117 119 118
f 117 120 119
f 113 117 118
f 113 118 114
f 114 118 119
f 114 119 115
f 115 119 120
f 115 120 116
f 116 120 117
f 116 117 113
f 121 122 123
f 121 123 124
f 125 127 126
f 125 128 127
f 121 125 126
f 121 126 122
f 122 126 127
f 122 127 123
f 123 127 128
f 123 128 124
f 124 128 125
f 124 125 121
f 129 130 131
f 129 131 132
f 133 135 134
f 133 136 135
f 129 133 134
f 129 134 130
f 130 134 135
f 130 135 131
f 131 135 136
f 131 136 132
f 132 136 133
f 132 133 129
f 137 138 139
f 137 139 140
f 141 143 142
f 141 144 143
f 137 141 142
f 137 142 138
f 138 142 143
f 138 143 139
f 139 143 144
f 139 144 140
f 140 144 141
f 140 141 137
f 145 146 147
f 145 147 148
f 149 151 150
f 149 152 151
f 145 149 150
f 145 150 146
f 146 150 151
f 146 151 147
f 147 151 152
f 147 152 148
f 148 152 149
f 148 149 145
f 153 154 155
f 153 155 156
f 157 159 158
f 157 160 159
f 153 157 158
f 153 158 154
f 154 158 159
f 154 159 155
f 155 159 160
f 155 160 156
f 156 160 157
f 156 157 153
f 161 162 163
f 161 163 164
f 165 167 166
f 165 168 167
f 161 165 166
f 161 166 162
f 162 166 167
f 162 167 163
f 163 167 168
f 163 168 164
f 164 168 165
f 164 165 161
f 169 171 172
f 169 172 170
f 171 173 174
f 171 174 172
f 173 175 176
f 173 176 174
f 175 177 178
f 175 178 176
f 177 179 180
f 177 180 178
f 179 181 182
f 179 182 180
f 181 183 184
f 181 184 182
f 183 185 186
f 183 186 184
f 185 187 188
f 185 188 186
f 187 189 190
f 187 190 188
f 189 191 192
f 189 192 190
f 191 193 194
f 191 194 192
f 193 195 196
f 193 196 194
f 195 197 198
f 195 198 196
f 197 199 200
f 197 200 198
f 199 201 202
f 199 202 200
f 201 203 204
f 201 204 202
f 203 205 206
f 203 206 204
f 205 207 208
f 205 208 206
f 207 209 210
f 207 210 208
f 209 211 212
f 209 212 210
f 211 213 214
f 211 214 212
f 213 215 216
f 213 216 214
f 215 217 218
f 215 218 216
f 217 219 220
f 217 220 218
f 219 221 222
f 219 222 220
f 221 223 224
f 221 224 222
f 223 225 226
f 223 226 224
f 225 227 228
f 225 228 226
f 227 229 230
f 227 230 228
f 229 231 232
f 229 232 230
f 231 169 170
f 231 170 232
f 233 171 169
f 234 170 172
f 233 173 171
f 234 172 174
f 233 175 173
f 234 174 176
f 233 177 175
f 234 176 178
f 233 179 177
f 234 178 180
f 233 181 179
f 234 180 182
f 233 183 181
f 234 182 184
f 233 185 183
f 234 184 186
f 233 187 185
f 234 186 188
f 233 189 187
f 234 188 190
f 233 191 189
f 234 190 192
f 233 193 191
f 234 192 194
f 233 195 193
f 234 194 196
f 233 197 195
f 234 196 198
f 233 199 197
f 234 198 200
f 233 201 199
f 234 200 202
f 233 203 201
f 234 202 204
f 233 205 203
f 234 204 206
f 233 207 205
f 234 206 208
f 233 209 207
f 234 208 210
f 233 211 209
f 234 210 212
f 233 213 211
f 234 212 214
f 233 215 213
f 234 214 216
f 233 217 215
f 234 216 218
f 233 219 217
f 234 218 220
f 233 221 219
f 234 220 222
f 233 223 221
f 234 222 224
f 233 225 223
f 234 224 226
f 233 227 225
f 234 226 228
f 233 229 227
f 234 228 230
f 233 231 229
f 234 230 232
f 233 169 231
f 234 232 170
f 235 236 237
f 235 237 238
f 239 241 240
f 239 242 241
f 235 239 240
f 235 240 236
f 236 240 241
f 236 241 237
f 237 241 242
f 237 242 238
f 238 242 239
f 238 239 235
f 243 244 245
f 243 245 246
f 247 249 248
f 247 250 249
f 243 247 248
f 243 248 244
f 244 248 249
f 244 249 245
f 245 249 250
f 245 250 246
f 246 250 247
f 246 247 243
f 251 253 254
f 251 254 252
f 253 255 256
f 253 256 254
f 255 257 258
f 255 258 256
f 257 259 260
f 257 260 258
f 259 261 262
f 259 262 260
f 261 263 264
f 261 264 262
f 263 265 266
f 263 266 264
f 265 267 268
f 265 268 266
f 267 269 270
f 267 270 268
f 269 271 272
f 269 272 270
f 271 273 274
f 271 274 272
f 273 275 276
f 273 276 274
f 275 277 278
f 275 278 276
f 277 279 280
f 277 280 278
f 279 281 282
f 279 282 280
f 281 283 284
f 281 284 282
f 283 285 286
f 283 286 284
f 285 287 288
f 285 288 286
f 287 289 290
f 287 290 288
f 289 251 252
f 289 252 290
f 291 253 251
f 292 252 254
f 291 255 253
f 292 254 256
f 291 257 255
f 292 256 258
f 291 259 257
f 292 258 260
f 291 261 259
f 292 260 262
f 291 263 261
f 292 262 264
f 291 265 263
f 292 264 266
f 291 267 265
f 292 266 268
f 291 269 267
f 292 268 270
f 291 271 269
f 292 270 272
f 291 273 271
f 292 272 274
f 291 275 273
f 292 274 276
f 291 277 275
f 292 276 278
f 291 279 277
f 292 278 280
f 291 281 279
f 292 280 282
f 291 283 281
f 292 282 284
f 291 285 283
f 292 284 286
f 291 287 285
f 292 286 288
f 291 289 287
f 292 288 290
f 291 251 289
f 292 290 252
f 293 294 295
f 293 295 296
f 297 299 298
f 297 300 299
f 293 297 298
f 293 298 294
f 294 298 299
f 294 299 295
f 295 299 300
f 295 300 296
f 296 300 297
f 296 297 293
f 301 302 303
f 301 303 304
f 305 307 306
f 305 308 307
f 301 305 306
f 301 306 302
f 302 306 307
f 302 307 303
f 303 307 308
f 303 308 304
f 304 308 305
f 304 305 301
f 309 310 311
f 309 311 312
f 313 315 314
f 313 316 315
f 309 313 314
f 309 314 310
f 310 314 315
f 310 315 311
f 311 315 316
f 311 316 312
f 312 316 313
f 312 313 309
f 317 319 320
f 317 320 318
f 319 321 322
f 319 322 320
f 321 323 324
f 321 324 322
f 323 325 326
f 323 326 324
f 325 327 328
f 325 328 326
f 327 329 330
f 327 330 328
f 329 331 332
f 329 332 330
f 331 333 334
f 331 334 332
f 333 335 336
f 333 336 334
f 335 317 318
f 335 318 336
f 337 319 317
f 338 318 320
f 337 321 319
f 338 320 322
f 337 323 321
f 338 322 324
f 337 325 323
f 338 324 326
f 337 327 325
f 338 326 328
f 337 329 327
f 338 328 330
f 337 331 329
f 338 330 332
f 337 333 331
f 338 332 334
f 337 335 333
f 338 334 336
f 337 317 335
f 338 336 318
f 339 340 341
f 339 341 342
f 343 345 344
f 343 346 345
f 339 343 344
f 339 344 340
f 340 344 345
f 340 345 341
f 341 345 346
f 341 346 342
f 342 346 343
f 342 343 339
f 347 349 350
f 347 350 348
f 349 351 352
f 349 352 350
f 351 353 354
f 351 354 352
f 353 355 356
f 353 356 354
f 355 357 358
f 355 358 356
f 357 359 360
f 357 360 358
f 359 361 362
f 359 362 360
f 361 363 364
f 361 364 362
f 363 365 366
f 363 366 364
f 365 367 368
f 365 368 366
f 367 369 370
f 367 370 368
f 369 371 372
f 369 372 370
f 371 373 374
f 371 374 372
f 373 347 348
f 373 348 374
f 375 349 347
f 376 348 350
f 375 351 349
f 376 350 352
f 375 353 351
f 376 352 354
f 375 355 353
f 376 354 356
f 375 357 355
f 376 356 358
f 375 359 357
f 376 358 360
f 375 361 359
f 376 360 362
f 375 363 361
f 376 362 364
f 375 365 363
f 376 364 366
f 375 367 365
f 376 366 368
f 375 369 367
f 376 368 370
f 375 371 369
f 376 370 372
f 375 373 371
f 376 372 374
f 375 347 373
f 376 374 348
f 377 379 380
f 377 380 378
f 379 381 382
f 379 382 380
f 381 383 384
f 381 384 382
f 383 385 386
f 383 386 384
f 385 387 388
f 385 388 386
f 387 389 390
f 387 390 388
f 389 391 392
f 389 392 390
f 391 393 394
f 391 394 392
f 393 395 396
f 393 396 394
f 395 397 398
f 395 398 396
f 397 399 400
f 397 400 398
f 399 401 402
f 399 402 400
f 401 403 404
f 401 404 402
f 403 377 378
f 403 378 404
f 405 379 377
f 406 378 380
f 405 381 379
f 406 380 382
f 405 383 381
f 406 382 384
f 405 385 383
f 406 384 386
f 405 387 385
f 406 386 388
f 405 389 387
f 406 388 390
f 405 391 389
f 406 390 392
f 405 393 391
f 406 392 394
f 405 395 393
f 406 394 396
f 405 397 395
f 406 396 398
f 405 399 397
f 406 398 400
f 405 401 399
f 406 400 402
f 405 403 401
f 406 402 404
f 405 377 403
f 406 404 378
f 407 409 410
f 407 410 408
f 409 411 412
f 409 412 410
f 411 413 414
f 411 414 412
f 413 415 416
f 413 416 414
f 415 417 418
f 415 418 416
f 417 419 420
f 417 420 418
f 419 421 422
f 419 422 420
f 421 423 424
f 421 424 422
f 423 425 426
f 423 426 424
f 425 427 428
f 425 428 426
f 427 429 430
f 427 430 428
f 429 407 408
f 429 408 430
f 431 409 407
f 432 408 410
f 431 411 409
f 432 410 412
f 431 413 411
f 432 412 414
f 431 415 413
f 432 414 416
f 431 417 415
f 432 416 418
f 431 419 417
f 432 418 420
f 431 421 419
f 432 420 422
f 431 423 421
f 432 422 424
f 431 425 423
f 432 424 426
f 431 427 425
f 432 426 428
f 431 429 427
f 432 428 430
f 431 407 429
f 432 430 408
f 433 434 435
f 433 435 436
f 437 439 438
f 437 440 439
f 433 437 438
f 433 438 434
f 434 438 439
f 434 439 435
f 435 439 440
f 435 440 436
f 436 440 437
f 436 437 433
f 441 442 443
f 441 443 444
f 445 447 446
f 445 448 447
f 441 445 446
f 441 446 442
f 442 446 447
f 442 447 443
f 443 447 448
f 443 448 444
f 444 448 445
f 444 445 441
f 449 450 451
f 449 451 452
f 453 455 454
f 453 456 455
f 449 453 454
f 449 454 450
f 450 454 455
f 450 455 451
f 451 455 456
f 451 456 452
f 452 456 453
f 452 453 449
f 457 458 459
f 457 459 460
f 461 463 462
f 461 464 463
f 457 461 462
f 457 462 458
f 458 462 463
f 458 463 459
f 459 463 464
f 459 464 460
f 460 464 461
f 460 461 457
f 465 466 467
f 465 467 468
f 469 471 470
f 469 472 471
f 465 469 470
f 465 470 466
f 466 470 471
f 466 471 467
f 467 471 472
f 467 472 468
f 468 472 469
f 468 469 465
f 473 474 475
f 473 475 476
f 477 479 478
f 477 480 479
f 473 477 478
f 473 478 474
f 474 478 479
f 474 479 475
f 475 479 480
f 475 480 476
f 476 480 477
f 476 477 473
f 481 482 483
f 481 483 484
f 485 487 486
f 485 488 487
f 481 485 486
f 481 486 482
f 482 486 487
f 482 487 483
f 483 487 488
f 483 488 484
f 484 488 485
f 484 485 481
f 489 490 491
f 489 491 492
f 493 495 494
f 493 496 495
f 489 493 494
f 489 494 490
f 490 494 495
f 490 495 491
f 491 495 496
f 491 496 492
f 492 496 493
f 492 493 489
f 497 498 499
f 497 499 500
f 501 503 502
f 501 504 503
f 497 501 502
f 497 502 498
f 498 502 503
f 498 503 499
f 499 503 504
f 499 504 500
f 500 504 501
f 500 501 497
f 505 506 507
f 505 507 508
f 509 511 510
f 509 512 511
f 505 509 510
f 505 510 506
f 506 510 511
f 506 511 507
f 507 511 512
f 507 512 508
f 508 512 509
f 508 509 505
f 513 514 515
f 513 515 516
f 517 519 518
f 517 520 519
f 513 517 518
f 513 518 514
f 514 518 519
f 514 519 515
f 515 519 520
f 515 520 516
f 516 520 517
f 516 517 513
f 521 522 523
f 521 523 524
f 525 527 526
f 525 528 527
f 521 525 526
f 521 526 522
f 522 526 527
f 522 527 523
f 523 527 528
f 523 528 524
f 524 528 525
f 524 525 521
f 529 531 532
f 529 532 530
f 531 533 534
f 531 534 532
f 533 535 536
f 533 536 534
f 535 537 538
f 535 538 536
f 537 539 540
f 537 540 538
f 539 541 542
f 539 542 540
f 541 543 544
f 541 544 542
f 543 529 530
f 543 530 544
f 545 531 529
f 546 530 532
f 545 533 531
f 546 532 534
f 545 535 533
f 546 534 536
f 545 537 535
f 546 536 538
f 545 539 537
f 546 538 540
f 545 541 539
f 546 540 542
f 545 543 541
f 546 542 544
f 545 529 543
f 546 544 530
f 547 548 549
f 547 549 550
f 551 553 552
f 551 554 553
f 547 551 552
f 547 552 548
f 548 552 553
f 548 553 549
f 549 553 554
f 549 554 550
f 550 554 551
f 550 551 547
f 555 557 558
f 555 558 556
f 557 559 560
f 557 560 558
f 559 561 562
f 559 562 560
f 561 563 564
f 561 564 562
f 563 565 566
f 563 566 564
f 565 567 568
f 565 568 566
f 567 569 570
f 567 570 568
f 569 555 556
f 569 556 570
f 571 557 555
f 572 556 558
f 571 559 557
f 572 558 560
f 571 561 559
f 572 560 562
f 571 563 561
f 572 562 564
f 571 565 563
f 572 564 566
f 571 567 565
f 572 566 568
f 571 569 567
f 572 568 570
f 571 555 569
f 572 570 556
f 573 574 575
f 573 575 576
f 577 579 578
f 577 580 579
f 573 577 578
f 573 578 574
f 574 578 579
f 574 579 575
f 575 579 580
f 575 580 576
f 576 580 577
f 576 577 573
f 581 583 584
f 581 584 582
f 583 585 586
f 583 586 584
f 585 587 588
f 585 588 586
f 587 589 590
f 587 590 588
f 589 591 592
f 589 592 590
f 591 593 594
f 591 594 592
f 593 595 596
f 593 596 594
f 595 581 582
f 595 582 596
f 597 583 581
f 598 582 584
f 597 585 583
f 598 584 586
f 597 587 585
f 598 586 588
f 597 589 587
f 598 588 590
f 597 591 589
f 598 590 592
f 597 593 591
f 598 592 594
f 597 595 593
f 598 594 596
f 597 581 595
f 598 596 582
f 599 600 601
f 599 601 602
f 603 605 604
f 603 606 605
f 599 603 604
f 599 604 600
f 600 604 605
f 600 605 601
f 601 605 606
f 601 606 602
f 602 606 603
f 602 603 599
f 607 609 610
f 607 610 608
f 609 611 612
f 609 612 610
f 611 613 614
f 611 614 612
f 613 615 616
f 613 616 614
f 615 617 618
f 615 618 616
f 617 619 620
f 617 620 618
f 619 621 622
f 619 622 620
f 621 607 608
f 621 608 622
f 623 609 607
f 624 608 610
f 623 611 609
f 624 610 612
f 623 613 611
f 624 612 614
f 623 615 613
f 624 614 616
f 623 617 615
f 624 616 618
f 623 619 617
f 624 618 620
f 623 621 619
f 624 620 622
f 623 607 621
f 624 622 608
f 625 626 627
f 625 627 628
f 629 631 630
f 629 632 631
f 625 629 630
f 625 630 626
f 626 630 631
f 626 631 627
f 627 631 632
f 627 632 628
f 628 632 629
f 628 629 625
f 633 634 635
f 633 635 636
f 637 639 638
f 637 640 639
f 633 637 638
f 633 638 634
f 634 638 639
f 634 639 635
f 635 639 640
f 635 640 636
f 636 640 637
f 636 637 633
f 641 642 643
f 641 643 644
f 645 647 646
f 645 648 647
f 641 645 646
f 641 646 642
f 642 646 647
f 642 647 643
f 643 647 648
f 643 648 644
f 644 648 645
f 644 645 641
f 649 650 651
f 649 651 652
f 653 655 654
f 653 656 655
f 649 653 654
f 649 654 650
f 650 654 655
f 650 655 651
f 651 655 656
f 651 656 652
f 652 656 653
f 652 653 649
f 657 658 659
f 657 659 660
f 661 663 662
f 661 664 663
f 657 661 662
f 657 662 658
f 658 662 663
f 658 663 659
f 659 663 664
f 659 664 660
f 660 664 661
f 660 661 657
f 665 666 667
f 665 667 668
f 669 671 670
f 669 672 671
f 665 669 670
f 665 670 666
f 666 670 671
f 666 671 667
f 667 671 672
f 667 672 668
f 668 672 669
f 668 669 665
f 673 674 675
f 673 675 676
f 677 679 678
f 677 680 679
f 673 677 678
f 673 678 674
f 674 678 679
f 674 679 675
f 675 679 680
f 675 680 676
f 676 680 677
f 676 677 673
f 681 682 683
f 681 683 684
f 685 687 686
f 685 688 687
f 681 685 686
f 681 686 682
f 682 686 687
f 682 687 683
f 683 687 688
f 683 688 684
f 684 688 685
f 684 685 681
f 689 690 691
f 689 691 692
f 693 695 694
f 693 696 695
f 689 693 694
f 689 694 690
f 690 694 695
f 690 695 691
f 691 695 696
f 691 696 692
f 692 696 693
f 692 693 689
o DECK
usemtl deck
f 697 698 699
f 697 699 700
f 701 703 702
f 701 704 703
f 697 701 702
f 697 702 698
f 698 702 703
f 698 703 699
f 699 703 704
f 699 704 700
f 700 704 701
f 700 701 697
f 705 706 707
f 705 707 708
f 709 711 710
f 709 712 711
f 705 709 710
f 705 710 706
f 706 710 711
f 706 711 707
f 707 711 712
f 707 712 708
f 708 712 709
f 708 709 705
f 713 714 715
f 713 715 716
f 717 719 718
f 717 720 719
f 713 717 718
f 713 718 714
f 714 718 719
f 714 719 715
f 715 719 720
f 715 720 716
f 716 720 717
f 716 717 713
f 721 722 723
f 721 723 724
f 725 727 726
f 725 728 727
f 721 725 726
f 721 726 722
f 722 726 727
f 722 727 723
f 723 727 728
f 723 728 724
f 724 728 725
f 724 725 721
f 729 730 731
f 729 731 732
f 733 735 734
f 733 736 735
f 729 733 734
f 729 734 730
f 730 734 735
f 730 735 731
f 731 735 736
f 731 736 732
f 732 736 733
f 732 733 729
f 737 738 739
f 737 739 740
f 741 743 742
f 741 744 743
f 737 741 742
f 737 742 738
f 738 742 743
f 738 743 739
f 739 743 744
f 739 744 740
f 740 744 741
f 740 741 737
f 745 746 747
f 745 747 748
f 749 751 750
f 749 752 751
f 745 749 750
f 745 750 746
f 746 750 751
f 746 751 747
f 747 751 752
f 747 752 748
f 748 752 749
f 748 749 745
f 753 754 755
f 753 755 756
f 757 759 758
f 757 760 759
f 753 757 758
f 753 758 754
f 754 758 759
f 754 759 755
f 755 759 760
f 755 760 756
f 756 760 757
f 756 757 753
f 761 762 763
f 761 763 764
f 765 767 766
f 765 768 767
f 761 765 766
f 761 766 762
f 762 766 767
f 762 767 763
f 763 767 768
f 763 768 764
f 764 768 765
f 764 765 761
f 769 770 771
f 769 771 772
f 773 775 774
f 773 776 775
f 769 773 774
f 769 774 770
f 770 774 775
f 770 775 771
f 771 775 776
f 771 776 772
f 772 776 773
f 772 773 769
f 777 778 779
f 777 779 780
f 781 783 782
f 781 784 783
f 777 781 782
f 777 782 778
f 778 782 783
f 778 783 779
f 779 783 784
f 779 784 780
f 780 784 781
f 780 781 777
f 785 786 787
f 785 787 788
f 789 791 790
f 789 792 791
f 785 789 790
f 785 790 786
f 786 790 791
f 786 791 787
f 787 791 792
f 787 792 788
f 788 792 789
f 788 789 785
f 793 794 795
f 793 795 796
f 797 799 798
f 797 800 799
f 793 797 798
f 793 798 794
f 794 798 799
f 794 799 795
f 795 799 800
f 795 800 796
f 796 800 797
f 796 797 793
f 801 802 803
f 801 803 804
f 805 807 806
f 805 808 807
f 801 805 806
f 801 806 802
f 802 806 807
f 802 807 803
f 803 807 808
f 803 808 804
f 804 808 805
f 804 805 801
f 809 810 811
f 809 811 812
f 813 815 814
f 813 816 815
f 809 813 814
f 809 814 810
f 810 814 815
f 810 815 811
f 811 815 816
f 811 816 812
f 812 816 813
f 812 813 809
f 817 818 819
f 817 819 820
f 821 823 822
f 821 824 823
f 817 821 822
f 817 822 818
f 818 822 823
f 818 823 819
f 819 823 824
f 819 824 820
f 820 824 821
f 820 821 817
f 825 826 827
f 825 827 828
f 829 831 830
f 829 832 831
f 825 829 830
f 825 830 826
f 826 830 831
f 826 831 827
f 827 831 832
f 827 832 828
f 828 832 829
f 828 829 825
f 833 834 835
f 833 835 836
f 837 839 838
f 837 840 839
f 833 837 838
f 833 838 834
f 834 838 839
f 834 839 835
f 835 839 840
f 835 840 836
f 836 840 837
f 836 837 833
f 841 842 843
f 841 843 844
f 845 847 846
f 845 848 847
f 841 845 846
f 841 846 842
f 842 846 847
f 842 847 843
f 843 847 848
f 843 848 844
f 844 848 845
f 844 845 841
f 849 850 851
f 849 851 852
f 853 855 854
f 853 856 855
f 849 853 854
f 849 854 850
f 850 854 855
f 850 855 851
f 851 855 856
f 851 856 852
f 852 856 853
f 852 853 849
f 857 858 859
f 857 859 860
f 861 863 862
f 861 864 863
f 857 861 862
f 857 862 858
f 858 862 863
f 858 863 859
f 859 863 864
f 859 864 860
f 860 864 861
f 860 861 857
f 865 866 867
f 865 867 868
f 869 871 870
f 869 872 871
f 865 869 870
f 865 870 866
f 866 870 871
f 866 871 867
f 867 871 872
f 867 872 868
f 868 872 869
f 868 869 865
f 873 874 875
f 873 875 876
f 877 879 878
f 877 880 879
f 873 877 878
f 873 878 874
f 874 878 879
f 874 879 875
f 875 879 880
f 875 880 876
f 876 880 877
f 876 877 873
f 881 882 883
f 881 883 884
f 885 887 886
f 885 888 887
f 881 885 886
f 881 886 882
f 882 886 887
f 882 887 883
f 883 887 888
f 883 888 884
f 884 888 885
f 884 885 881
f 889 890 891
f 889 891 892
f 893 895 894
f 893 896 895
f 889 893 894
f 889 894 890
f 890 894 895
f 890 895 891
f 891 895 896
f 891 896 892
f 892 896 893
f 892 893 889
f 897 898 899
f 897 899 900
f 901 903 902
f 901 904 903
f 897 901 902
f 897 902 898
f 898 902 903
f 898 903 899
f 899 903 904
f 899 904 900
f 900 904 901
f 900 901 897
f 905 906 907
f 905 907 908
f 909 911 910
f 909 912 911
f 905 909 910
f 905 910 906
f 906 910 911
f 906 911 907
f 907 911 912
f 907 912 908
f 908 912 909
f 908 909 905
f 913 914 915
f 913 915 916
f 917 919 918
f 917 920 919
f 913 917 918
f 913 918 914
f 914 918 919
f 914 919 915
f 915 919 920
f 915 920 916
f 916 920 917
f 916 917 913
f 921 922 923
f 921 923 924
f 925 927 926
f 925 928 927
f 921 925 926
f 921 926 922
f 922 926 927
f 922 927 923
f 923 927 928
f 923 928 924
f 924 928 925
f 924 925 921
f 929 930 931
f 929 931 932
f 933 935 934
f 933 936 935
f 929 933 934
f 929 934 930
f 930 934 935
f 930 935 931
f 931 935 936
f 931 936 932
f 932 936 933
f 932 933 929
f 937 938 939
f 937 939 940
f 941 943 942
f 941 944 943
f 937 941 942
f 937 942 938
f 938 942 943
f 938 943 939
f 939 943 944
f 939 944 940
f 940 944 941
f 940 941 937
f 945 946 947
f 945 947 948
f 949 951 950
f 949 952 951
f 945 949 950
f 945 950 946
f 946 950 951
f 946 951 947
f 947 951 952
f 947 952 948
f 948 952 949
f 948 949 945
f 953 954 955
f 953 955 956
f 957 959 958
f 957 960 959
f 953 957 958
f 953 958 954
f 954 958 959
f 954 959 955
f 955 959 960
f 955 960 956
f 956 960 957
f 956 957 953
f 961 962 963
f 961 963 964
f 965 967 966
f 965 968 967
f 961 965 966
f 961 966 962
f 962 966 967
f 962 967 963
f 963 967 968
f 963 968 964
f 964 968 965
f 964 965 961
f 969 970 971
f 969 971 972
f 973 975 974
f 973 976 975
f 969 973 974
f 969 974 970
f 970 974 975
f 970 975 971
f 971 975 976
f 971 976 972
f 972 976 973
f 972 973 969
f 977 978 979
f 977 979 980
f 981 983 982
f 981 984 983
f 977 981 982
f 977 982 978
f 978 982 983
f 978 983 979
f 979 983 984
f 979 984 980
f 980 984 981
f 980 981 977
f 985 986 987
f 985 987 988
f 989 991 990
f 989 992 991
f 985 989 990
f 985 990 986
f 986 990 991
f 986 991 987
f 987 991 992
f 987 992 988
f 988 992 989
f 988 989 985
f 993 994 995
f 993 995 996
f 997 999 998
f 997 1000 999
f 993 997 998
f 993 998 994
f 994 998 999
f 994 999 995
f 995 999 1000
f 995 1000 996
f 996 1000 997
f 996 997 993
f 1001 1002 1003
f 1001 1003 1004
f 1005 1007 1006
f 1005 1008 1007
f 1001 1005 1006
f 1001 1006 1002
f 1002 1006 1007
f 1002 1007 1003
f 1003 1007 1008
f 1003 1008 1004
f 1004 1008 1005
f 1004 1005 1001
f 1009 1010 1011
f 1009 1011 1012
f 1013 1015 1014
f 1013 1016 1015
f 1009 1013 1014
f 1009 1014 1010
f 1010 1014 1015
f 1010 1015 1011
f 1011 1015 1016
f 1011 1016 1012
f 1012 1016 1013
f 1012 1013 1009
f 1017 1019 1020
f 1017 1020 1018
f 1019 1021 1022
f 1019 1022 1020
f 1021 1023 1024
f 1021 1024 1022
f 1023 1025 1026
f 1023 1026 1024
f 1025 1027 1028
f 1025 1028 1026
f 1027 1029 1030
f 1027 1030 1028
f 1029 1031 1032
f 1029 1032 1030
f 1031 1017 1018
f 1031 1018 1032
f 1033 1019 1017
f 1034 1018 1020
f 1033 1021 1019
f 1034 1020 1022
f 1033 1023 1021
f 1034 1022 1024
f 1033 1025 1023
f 1034 1024 1026
f 1033 1027 1025
f 1034 1026 1028
f 1033 1029 1027
f 1034 1028 1030
f 1033 1031 1029
f 1034 1030 1032
f 1033 1017 1031
f 1034 1032 1018
f 1035 1037 1038
f 1035 1038 1036
f 1037 1039 1040
f 1037 1040 1038
f 1039 1041 1042
f 1039 1042 1040
f 1041 1043 1044
f 1041 1044 1042
f 1043 1045 1046
f 1043 1046 1044
f 1045 1047 1048
f 1045 1048 1046
f 1047 1049 1050
f 1047 1050 1048
f 1049 1035 1036
f 1049 1036 1050
f 1051 1037 1035
f 1052 1036 1038
f 1051 1039 1037
f 1052 1038 1040
f 1051 1041 1039
f 1052 1040 1042
f 1051 1043 1041
f 1052 1042 1044
f 1051 1045 1043
f 1052 1044 1046
f 1051 1047 1045
f 1052 1046 1048
f 1051 1049 1047
f 1052 1048 1050
f 1051 1035 1049
f 1052 1050 1036
f 1053 1055 1056
f 1053 1056 1054
f 1055 1057 1058
f 1055 1058 1056
f 1057 1059 1060
f 1057 1060 1058
f 1059 1061 1062
f 1059 1062 1060
f 1061 1063 1064
f 1061 1064 1062
f 1063 1065 1066
f 1063 1066 1064
f 1065 1067 1068
f 1065 1068 1066
f 1067 1053 1054
f 1067 1054 1068
f 1069 1055 1053
f 1070 1054 1056
f 1069 1057 1055
f 1070 1056 1058
f 1069 1059 1057
f 1070 1058 1060
f 1069 1061 1059
f 1070 1060 1062
f 1069 1063 1061
f 1070 1062 1064
f 1069 1065 1063
f 1070 1064 1066
f 1069 1067 1065
f 1070 1066 1068
f 1069 1053 1067
f 1070 1068 1054
f 1071 1073 1074
f 1071 1074 1072
f 1073 1075 1076
f 1073 1076 1074
f 1075 1077 1078
f 1075 1078 1076
f 1077 1079 1080
f 1077 1080 1078
f 1079 1081 1082
f 1079 1082 1080
f 1081 1083 1084
f 1081 1084 1082
f 1083 1085 1086
f 1083 1086 1084
f 1085 1071 1072
f 1085 1072 1086
f 1087 1073 1071
f 1088 1072 1074
f 1087 1075 1073
f 1088 1074 1076
f 1087 1077 1075
f 1088 1076 1078
f 1087 1079 1077
f 1088 1078 1080
f 1087 1081 1079
f 1088 1080 1082
f 1087 1083 1081
f 1088 1082 1084
f 1087 1085 1083
f 1088 1084 1086
f 1087 1071 1085
f 1088 1086 1072
f 1089 1091 1092
f 1089 1092 1090
f 1091 1093 1094
f 1091 1094 1092
f 1093 1095 1096
f 1093 1096 1094
f 1095 1097 1098
f 1095 1098 1096
f 1097 1099 1100
f 1097 1100 1098
f 1099 1101 1102
f 1099 1102 1100
f 1101 1103 1104
f 1101 1104 1102
f 1103 1089 1090
f 1103 1090 1104
f 1105 1091 1089
f 1106 1090 1092
f 1105 1093 1091
f 1106 1092 1094
f 1105 1095 1093
f 1106 1094 1096
f 1105 1097 1095
f 1106 1096 1098
f 1105 1099 1097
f 1106 1098 1100
f 1105 1101 1099
f 1106 1100 1102
f 1105 1103 1101
f 1106 1102 1104
f 1105 1089 1103
f 1106 1104 1090
f 1107 1109 1110
f 1107 1110 1108
f 1109 1111 1112
f 1109 1112 1110
f 1111 1113 1114
f 1111 1114 1112
f 1113 1115 1116
f 1113 1116 1114
f 1115 1117 1118
f 1115 1118 1116
f 1117 1119 1120
f 1117 1120 1118
f 1119 1121 1122
f 1119 1122 1120
f 1121 1107 1108
f 1121 1108 1122
f 1123 1109 1107
f 1124 1108 1110
f 1123 1111 1109
f 1124 1110 1112
f 1123 1113 1111
f 1124 1112 1114
f 1123 1115 1113
f 1124 1114 1116
f 1123 1117 1115
f 1124 1116 1118
f 1123 1119 1117
f 1124 1118 1120
f 1123 1121 1119
f 1124 1120 1122
f 1123 1107 1121
f 1124 1122 1108
f 1125 1127 1128
f 1125 1128 1126
f 1127 1129 1130
f 1127 1130 1128
f 1129 1131 1132
f 1129 1132 1130
f 1131 1133 1134
f 1131 1134 1132
f 1133 1135 1136
f 1133 1136 1134
f 1135 1137 1138
f 1135 1138 1136
f 1137 1139 1140
f 1137 1140 1138
f 1139 1125 1126
f 1139 1126 1140
f 1141 1127 1125
f 1142 1126 1128
f 1141 1129 1127
f 1142 1128 1130
f 1141 1131 1129
f 1142 1130 1132
f 1141 1133 1131
f 1142 1132 1134
f 1141 1135 1133
f 1142 1134 1136
f 1141 1137 1135
f 1142 1136 1138
f 1141 1139 1137
f 1142 1138 1140
f 1141 1125 1139
f 1142 1140 1126
f 1143 1145 1146
f 1143 1146 1144
f 1145 1147 1148
f 1145 1148 1146
f 1147 1149 1150
f 1147 1150 1148
f 1149 1151 1152
f 1149 1152 1150
f 1151 1153 1154
f 1151 1154 1152
f 1153 1155 1156
f 1153 1156 1154
f 1155 1157 1158
f 1155 1158 1156
f 1157 1143 1144
f 1157 1144 1158
f 1159 1145 1143
f 1160 1144 1146
f 1159 1147 1145
f 1160 1146 1148
f 1159 1149 1147
f 1160 1148 1150
f 1159 1151 1149
f 1160 1150 1152
f 1159 1153 1151
f 1160 1152 1154
f 1159 1155 1153
f 1160 1154 1156
f 1159 1157 1155
f 1160 1156 1158
f 1159 1143 1157
f 1160 1158 1144
f 1161 1163 1164
f 1161 1164 1162
f 1163 1165 1166
f 1163 1166 1164
f 1165 1167 1168
f 1165 1168 1166
f 1167 1169 1170
f 1167 1170 1168
f 1169 1171 1172
f 1169 1172 1170
f 1171 1173 1174
f 1171 1174 1172
f 1173 1175 1176
f 1173 1176 1174
f 1175 1161 1162
f 1175 1162 1176
f 1177 1163 1161
f 1178 1162 1164
f 1177 1165 1163
f 1178 1164 1166
f 1177 1167 1165
f 1178 1166 1168
f 1177 1169 1167
f 1178 1168 1170
f 1177 1171 1169
f 1178 1170 1172
f 1177 1173 1171
f 1178 1172 1174
f 1177 1175 1173
f 1178 1174 1176
f 1177 1161 1175
f 1178 1176 1162
f 1179 1181 1182
f 1179 1182 1180
f 1181 1183 1184
f 1181 1184 1182
f 1183 1185 1186
f 1183 1186 1184
f 1185 1187 1188
f 1185 1188 1186
f 1187 1189 1190
f 1187 1190 1188
f 1189 1191 1192
f 1189 1192 1190
f 1191 1193 1194
f 1191 1194 1192
f 1193 1179 1180
f 1193 1180 1194
f 1195 1181 1179
f 1196 1180 1182
f 1195 1183 1181
f 1196 1182 1184
f 1195 1185 1183
f 1196 1184 1186
f 1195 1187 1185
f 1196 1186 1188
f 1195 1189 1187
f 1196 1188 1190
f 1195 1191 1189
f 1196 1190 1192
f 1195 1193 1191
f 1196 1192 1194
f 1195 1179 1193
f 1196 1194 1180
f 1197 1199 1200
f 1197 1200 1198
f 1199 1201 1202
f 1199 1202 1200
f 1201 1203 1204
f 1201 1204 1202
f 1203 1205 1206
f 1203 1206 1204
f 1205 1207 1208
f 1205 1208 1206
f 1207 1209 1210
f 1207 1210 1208
f 1209 1211 1212
f 1209 1212 1210
f 1211 1197 1198
f 1211 1198 1212
f 1213 1199 1197
f 1214 1198 1200
f 1213 1201 1199
f 1214 1200 1202
f 1213 1203 1201
f 1214 1202 1204
f 1213 1205 1203
f 1214 1204 1206
f 1213 1207 1205
f 1214 1206 1208
f 1213 1209 1207
f 1214 1208 1210
f 1213 1211 1209
f 1214 1210 1212
f 1213 1197 1211
f 1214 1212 1198
f 1215 1217 1218
f 1215 1218 1216
f 1217 1219 1220
f 1217 1220 1218
f 1219 1221 1222
f 1219 1222 1220
f 1221 1223 1224
f 1221 1224 1222
f 1223 1225 1226
f 1223 1226 1224
f 1225 1227 1228
f 1225 1228 1226
f 1227 1229 1230
f 1227 1230 1228
f 1229 1215 1216
f 1229 1216 1230
f 1231 1217 1215
f 1232 1216 1218
f 1231 1219 1217
f 1232 1218 1220
f 1231 1221 1219
f 1232 1220 1222
f 1231 1223 1221
f 1232 1222 1224
f 1231 1225 1223
f 1232 1224 1226
f 1231 1227 1225
f 1232 1226 1228
f 1231 1229 1227
f 1232 1228 1230
f 1231 1215 1229
f 1232 1230 1216
f 1233 1235 1236
f 1233 1236 1234
f 1235 1237 1238
f 1235 1238 1236
f 1237 1239 1240
f 1237 1240 1238
f 1239 1241 1242
f 1239 1242 1240
f 1241 1243 1244
f 1241 1244 1242
f 1243 1245 1246
f 1243 1246 1244
f 1245 1247 1248
f 1245 1248 1246
f 1247 1233 1234
f 1247 1234 1248
f 1249 1235 1233
f 1250 1234 1236
f 1249 1237 1235
f 1250 1236 1238
f 1249 1239 1237
f 1250 1238 1240
f 1249 1241 1239
f 1250 1240 1242
f 1249 1243 1241
f 1250 1242 1244
f 1249 1245 1243
f 1250 1244 1246
f 1249 1247 1245
f 1250 1246 1248
f 1249 1233 1247
f 1250 1248 1234
f 1251 1253 1254
f 1251 1254 1252
f 1253 1255 1256
f 1253 1256 1254
f 1255 1257 1258
f 1255 1258 1256
f 1257 1259 1260
f 1257 1260 1258
f 1259 1261 1262
f 1259 1262 1260
f 1261 1263 1264
f 1261 1264 1262
f 1263 1265 1266
f 1263 1266 1264
f 1265 1251 1252
f 1265 1252 1266
f 1267 1253 1251
f 1268 1252 1254
f 1267 1255 1253
f 1268 1254 1256
f 1267 1257 1255
f 1268 1256 1258
f 1267 1259 1257
f 1268 1258 1260
f 1267 1261 1259
f 1268 1260 1262
f 1267 1263 1261
f 1268 1262 1264
f 1267 1265 1263
f 1268 1264 1266
f 1267 1251 1265
f 1268 1266 1252
f 1269 1271 1272
f 1269 1272 1270
f 1271 1273 1274
f 1271 1274 1272
f 1273 1275 1276
f 1273 1276 1274
f 1275 1277 1278
f 1275 1278 1276
f 1277 1279 1280
f 1277 1280 1278
f 1279 1281 1282
f 1279 1282 1280
f 1281 1283 1284
f 1281 1284 1282
f 1283 1269 1270
f 1283 1270 1284
f 1285 1271 1269
f 1286 1270 1272
f 1285 1273 1271
f 1286 1272 1274
f 1285 1275 1273
f 1286 1274 1276
f 1285 1277 1275
f 1286 1276 1278
f 1285 1279 1277
f 1286 1278 1280
f 1285 1281 1279
f 1286 1280 1282
f 1285 1283 1281
f 1286 1282 1284
f 1285 1269 1283
f 1286 1284 1270
f 1287 1289 1290
f 1287 1290 1288
f 1289 1291 1292
f 1289 1292 1290
f 1291 1293 1294
f 1291 1294 1292
f 1293 1295 1296
f 1293 1296 1294
f 1295 1297 1298
f 1295 1298 1296
f 1297 1299 1300
f 1297 1300 1298
f 1299 1301 1302
f 1299 1302 1300
f 1301 1287 1288
f 1301 1288 1302
f 1303 1289 1287
f 1304 1288 1290
f 1303 1291 1289
f 1304 1290 1292
f 1303 1293 1291
f 1304 1292 1294
f 1303 1295 1293
f 1304 1294 1296
f 1303 1297 1295
f 1304 1296 1298
f 1303 1299 1297
f 1304 1298 1300
f 1303 1301 1299
f 1304 1300 1302
f 1303 1287 1301
f 1304 1302 1288
f 1305 1307 1308
f 1305 1308 1306
f 1307 1309 1310
f 1307 1310 1308
f 1309 1311 1312
f 1309 1312 1310
f 1311 1313 1314
f 1311 1314 1312
f 1313 1315 1316
f 1313 1316 1314
f 1315 1317 1318
f 1315 1318 1316
f 1317 1319 1320
f 1317 1320 1318
f 1319 1305 1306
f 1319 1306 1320
f 1321 1307 1305
f 1322 1306 1308
f 1321 1309 1307
f 1322 1308 1310
f 1321 1311 1309
f 1322 1310 1312
f 1321 1313 1311
f 1322 1312 1314
f 1321 1315 1313
f 1322 1314 1316
f 1321 1317 1315
f 1322 1316 1318
f 1321 1319 1317
f 1322 1318 1320
f 1321 1305 1319
f 1322 1320 1306
f 1323 1325 1326
f 1323 1326 1324
f 1325 1327 1328
f 1325 1328 1326
f 1327 1329 1330
f 1327 1330 1328
f 1329 1331 1332
f 1329 1332 1330
f 1331 1333 1334
f 1331 1334 1332
f 1333 1335 1336
f 1333 1336 1334
f 1335 1337 1338
f 1335 1338 1336
f 1337 1323 1324
f 1337 1324 1338
f 1339 1325 1323
f 1340 1324 1326
f 1339 1327 1325
f 1340 1326 1328
f 1339 1329 1327
f 1340 1328 1330
f 1339 1331 1329
f 1340 1330 1332
f 1339 1333 1331
f 1340 1332 1334
f 1339 1335 1333
f 1340 1334 1336
f 1339 1337 1335
f 1340 1336 1338
f 1339 1323 1337
f 1340 1338 1324
f 1341 1343 1344
f 1341 1344 1342
f 1343 1345 1346
f 1343 1346 1344
f 1345 1347 1348
f 1345 1348 1346
f 1347 1349 1350
f 1347 1350 1348
f 1349 1351 1352
f 1349 1352 1350
f 1351 1353 1354
f 1351 1354 1352
f 1353 1355 1356
f 1353 1356 1354
f 1355 1341 1342
f 1355 1342 1356
f 1357 1343 1341
f 1358 1342 1344
f 1357 1345 1343
f 1358 1344 1346
f 1357 1347 1345
f 1358 1346 1348
f 1357 1349 1347
f 1358 1348 1350
f 1357 1351 1349
f 1358 1350 1352
f 1357 1353 1351
f 1358 1352 1354
f 1357 1355 1353
f 1358 1354 1356
f 1357 1341 1355
f 1358 1356 1342
f 1359 1361 1362
f 1359 1362 1360
f 1361 1363 1364
f 1361 1364 1362
f 1363 1365 1366
f 1363 1366 1364
f 1365 1367 1368
f 1365 1368 1366
f 1367 1369 1370
f 1367 1370 1368
f 1369 1371 1372
f 1369 1372 1370
f 1371 1373 1374
f 1371 1374 1372
f 1373 1359 1360
f 1373 1360 1374
f 1375 1361 1359
f 1376 1360 1362
f 1375 1363 1361
f 1376 1362 1364
f 1375 1365 1363
f 1376 1364 1366
f 1375 1367 1365
f 1376 1366 1368
f 1375 1369 1367
f 1376 1368 1370
f 1375 1371 1369
f 1376 1370 1372
f 1375 1373 1371
f 1376 1372 1374
f 1375 1359 1373
f 1376 1374 1360
f 1377 1379 1380
f 1377 1380 1378
f 1379 1381 1382
f 1379 1382 1380
f 1381 1383 1384
f 1381 1384 1382
f 1383 1385 1386
f 1383 1386 1384
f 1385 1387 1388
f 1385 1388 1386
f 1387 1389 1390
f 1387 1390 1388
f 1389 1391 1392
f 1389 1392 1390
f 1391 1377 1378
f 1391 1378 1392
f 1393 1379 1377
f 1394 1378 1380
f 1393 1381 1379
f 1394 1380 1382
f 1393 1383 1381
f 1394 1382 1384
f 1393 1385 1383
f 1394 1384 1386
f 1393 1387 1385
f 1394 1386 1388
f 1393 1389 1387
f 1394 1388 1390
f 1393 1391 1389
f 1394 1390 1392
f 1393 1377 1391
f 1394 1392 1378
f 1395 1397 1398
f 1395 1398 1396
f 1397 1399 1400
f 1397 1400 1398
f 1399 1401 1402
f 1399 1402 1400
f 1401 1403 1404
f 1401 1404 1402
f 1403 1405 1406
f 1403 1406 1404
f 1405 1407 1408
f 1405 1408 1406
f 1407 1409 1410
f 1407 1410 1408
f 1409 1395 1396
f 1409 1396 1410
f 1411 1397 1395
f 1412 1396 1398
f 1411 1399 1397
f 1412 1398 1400
f 1411 1401 1399
f 1412 1400 1402
f 1411 1403 1401
f 1412 1402 1404
f 1411 1405 1403
f 1412 1404 1406
f 1411 1407 1405
f 1412 1406 1408
f 1411 1409 1407
f 1412 1408 1410
f 1411 1395 1409
f 1412 1410 1396
f 1413 1415 1416
f 1413 1416 1414
f 1415 1417 1418
f 1415 1418 1416
f 1417 1419 1420
f 1417 1420 1418
f 1419 1421 1422
f 1419 1422 1420
f 1421 1423 1424
f 1421 1424 1422
f 1423 1425 1426
f 1423 1426 1424
f 1425 1427 1428
f 1425 1428 1426
f 1427 1413 1414
f 1427 1414 1428
f 1429 1415 1413
f 1430 1414 1416
f 1429 1417 1415
f 1430 1416 1418
f 1429 1419 1417
f 1430 1418 1420
f 1429 1421 1419
f 1430 1420 1422
f 1429 1423 1421
f 1430 1422 1424
f 1429 1425 1423
f 1430 1424 1426
f 1429 1427 1425
f 1430 1426 1428
f 1429 1413 1427
f 1430 1428 1414
f 1431 1433 1434
f 1431 1434 1432
f 1433 1435 1436
f 1433 1436 1434
f 1435 1437 1438
f 1435 1438 1436
f 1437 1439 1440
f 1437 1440 1438
f 1439 1441 1442
f 1439 1442 1440
f 1441 1443 1444
f 1441 1444 1442
f 1443 1445 1446
f 1443 1446 1444
f 1445 1431 1432
f 1445 1432 1446
f 1447 1433 1431
f 1448 1432 1434
f 1447 1435 1433
f 1448 1434 1436
f 1447 1437 1435
f 1448 1436 1438
f 1447 1439 1437
f 1448 1438 1440
f 1447 1441 1439
f 1448 1440 1442
f 1447 1443 1441
f 1448 1442 1444
f 1447 1445 1443
f 1448 1444 1446
f 1447 1431 1445
f 1448 1446 1432
f 1449 1451 1452
f 1449 1452 1450
f 1451 1453 1454
f 1451 1454 1452
f 1453 1455 1456
f 1453 1456 1454
f 1455 1457 1458
f 1455 1458 1456
f 1457 1459 1460
f 1457 1460 1458
f 1459 1461 1462
f 1459 1462 1460
f 1461 1463 1464
f 1461 1464 1462
f 1463 1449 1450
f 1463 1450 1464
f 1465 1451 1449
f 1466 1450 1452
f 1465 1453 1451
f 1466 1452 1454
f 1465 1455 1453
f 1466 1454 1456
f 1465 1457 1455
f 1466 1456 1458
f 1465 1459 1457
f 1466 1458 1460
f 1465 1461 1459
f 1466 1460 1462
f 1465 1463 1461
f 1466 1462 1464
f 1465 1449 1463
f 1466 1464 1450
f 1467 1469 1470
f 1467 1470 1468
f 1469 1471 1472
f 1469 1472 1470
f 1471 1473 1474
f 1471 1474 1472
f 1473 1475 1476
f 1473 1476 1474
f 1475 1477 1478
f 1475 1478 1476
f 1477 1479 1480
f 1477 1480 1478
f 1479 1481 1482
f 1479 1482 1480
f 1481 1467 1468
f 1481 1468 1482
f 1483 1469 1467
f 1484 1468 1470
f 1483 1471 1469
f 1484 1470 1472
f 1483 1473 1471
f 1484 1472 1474
f 1483 1475 1473
f 1484 1474 1476
f 1483 1477 1475
f 1484 1476 1478
f 1483 1479 1477
f 1484 1478 1480
f 1483 1481 1479
f 1484 1480 1482
f 1483 1467 1481
f 1484 1482 1468
f 1485 1487 1488
f 1485 1488 1486
f 1487 1489 1490
f 1487 1490 1488
f 1489 1491 1492
f 1489 1492 1490
f 1491 1493 1494
f 1491 1494 1492
f 1493 1495 1496
f 1493 1496 1494
f 1495 1497 1498
f 1495 1498 1496
f 1497 1499 1500
f 1497 1500 1498
f 1499 1485 1486
f 1499 1486 1500
f 1501 1487 1485
f 1502 1486 1488
f 1501 1489 1487
f 1502 1488 1490
f 1501 1491 1489
f 1502 1490 1492
f 1501 1493 1491
f 1502 1492 1494
f 1501 1495 1493
f 1502 1494 1496
f 1501 1497 1495
f 1502 1496 1498
f 1501 1499 1497
f 1502 1498 1500
f 1501 1485 1499
f 1502 1500 1486
f 1503 1505 1506
f 1503 1506 1504
f 1505 1507 1508
f 1505 1508 1506
f 1507 1509 1510
f 1507 1510 1508
f 1509 1511 1512
f 1509 1512 1510
f 1511 1513 1514
f 1511 1514 1512
f 1513 1515 1516
f 1513 1516 1514
f 1515 1517 1518
f 1515 1518 1516
f 1517 1503 1504
f 1517 1504 1518
f 1519 1505 1503
f 1520 1504 1506
f 1519 1507 1505
f 1520 1506 1508
f 1519 1509 1507
f 1520 1508 1510
f 1519 1511 1509
f 1520 1510 1512
f 1519 1513 1511
f 1520 1512 1514
f 1519 1515 1513
f 1520 1514 1516
f 1519 1517 1515
f 1520 1516 1518
f 1519 1503 1517
f 1520 1518 1504
f 1521 1523 1524
f 1521 1524 1522
f 1523 1525 1526
f 1523 1526 1524
f 1525 1527 1528
f 1525 1528 1526
f 1527 1529 1530
f 1527 1530 1528
f 1529 1531 1532
f 1529 1532 1530
f 1531 1533 1534
f 1531 1534 1532
f 1533 1535 1536
f 1533 1536 1534
f 1535 1521 1522
f 1535 1522 1536
f 1537 1523 1521
f 1538 1522 1524
f 1537 1525 1523
f 1538 1524 1526
f 1537 1527 1525
f 1538 1526 1528
f 1537 1529 1527
f 1538 1528 1530
f 1537 1531 1529
f 1538 1530 1532
f 1537 1533 1531
f 1538 1532 1534
f 1537 1535 1533
f 1538 1534 1536
f 1537 1521 1535
f 1538 1536 1522
f 1539 1541 1542
f 1539 1542 1540
f 1541 1543 1544
f 1541 1544 1542
f 1543 1545 1546
f 1543 1546 1544
f 1545 1547 1548
f 1545 1548 1546
f 1547 1549 1550
f 1547 1550 1548
f 1549 1551 1552
f 1549 1552 1550
f 1551 1553 1554
f 1551 1554 1552
f 1553 1539 1540
f 1553 1540 1554
f 1555 1541 1539
f 1556 1540 1542
f 1555 1543 1541
f 1556 1542 1544
f 1555 1545 1543
f 1556 1544 1546
f 1555 1547 1545
f 1556 1546 1548
f 1555 1549 1547
f 1556 1548 1550
f 1555 1551 1549
f 1556 1550 1552
f 1555 1553 1551
f 1556 1552 1554
f 1555 1539 1553
f 1556 1554 1540
f 1557 1559 1560
f 1557 1560 1558
f 1559 1561 1562
f 1559 1562 1560
f 1561 1563 1564
f 1561 1564 1562
f 1563 1565 1566
f 1563 1566 1564
f 1565 1567 1568
f 1565 1568 1566
f 1567 1569 1570
f 1567 1570 1568
f 1569 1571 1572
f 1569 1572 1570
f 1571 1557 1558
f 1571 1558 1572
f 1573 1559 1557
f 1574 1558 1560
f 1573 1561 1559
f 1574 1560 1562
f 1573 1563 1561
f 1574 1562 1564
f 1573 1565 1563
f 1574 1564 1566
f 1573 1567 1565
f 1574 1566 1568
f 1573 1569 1567
f 1574 1568 1570
f 1573 1571 1569
f 1574 1570 1572
f 1573 1557 1571
f 1574 1572 1558
f 1575 1577 1578
f 1575 1578 1576
f 1577 1579 1580
f 1577 1580 1578
f 1579 1581 1582
f 1579 1582 1580
f 1581 1583 1584
f 1581 1584 1582
f 1583 1585 1586
f 1583 1586 1584
f 1585 1587 1588
f 1585 1588 1586
f 1587 1589 1590
f 1587 1590 1588
f 1589 1575 1576
f 1589 1576 1590
f 1591 1577 1575
f 1592 1576 1578
f 1591 1579 1577
f 1592 1578 1580
f 1591 1581 1579
f 1592 1580 1582
f 1591 1583 1581
f 1592 1582 1584
f 1591 1585 1583
f 1592 1584 1586
f 1591 1587 1585
f 1592 1586 1588
f 1591 1589 1587
f 1592 1588 1590
f 1591 1575 1589
f 1592 1590 1576
f 1593 1595 1596
f 1593 1596 1594
f 1595 1597 1598
f 1595 1598 1596
f 1597 1599 1600
f 1597 1600 1598
f 1599 1601 1602
f 1599 1602 1600
f 1601 1603 1604
f 1601 1604 1602
f 1603 1605 1606
f 1603 1606 1604
f 1605 1607 1608
f 1605 1608 1606
f 1607 1593 1594
f 1607 1594 1608
f 1609 1595 1593
f 1610 1594 1596
f 1609 1597 1595
f 1610 1596 1598
f 1609 1599 1597
f 1610 1598 1600
f 1609 1601 1599
f 1610 1600 1602
f 1609 1603 1601
f 1610 1602 1604
f 1609 1605 1603
f 1610 1604 1606
f 1609 1607 1605
f 1610 1606 1608
f 1609 1593 1607
f 1610 1608 1594
f 1611 1613 1614
f 1611 1614 1612
f 1613 1615 1616
f 1613 1616 1614
f 1615 1617 1618
f 1615 1618 1616
f 1617 1619 1620
f 1617 1620 1618
f 1619 1621 1622
f 1619 1622 1620
f 1621 1623 1624
f 1621 1624 1622
f 1623 1625 1626
f 1623 1626 1624
f 1625 1611 1612
f 1625 1612 1626
f 1627 1613 1611
f 1628 1612 1614
f 1627 1615 1613
f 1628 1614 1616
f 1627 1617 1615
f 1628 1616 1618
f 1627 1619 1617
f 1628 1618 1620
f 1627 1621 1619
f 1628 1620 1622
f 1627 1623 1621
f 1628 1622 1624
f 1627 1625 1623
f 1628 1624 1626
f 1627 1611 1625
f 1628 1626 1612
f 1629 1631 1632
f 1629 1632 1630
f 1631 1633 1634
f 1631 1634 1632
f 1633 1635 1636
f 1633 1636 1634
f 1635 1637 1638
f 1635 1638 1636
f 1637 1639 1640
f 1637 1640 1638
f 1639 1641 1642
f 1639 1642 1640
f 1641 1643 1644
f 1641 1644 1642
f 1643 1629 1630
f 1643 1630 1644
f 1645 1631 1629
f 1646 1630 1632
f 1645 1633 1631
f 1646 1632 1634
f 1645 1635 1633
f 1646 1634 1636
f 1645 1637 1635
f 1646 1636 1638
f 1645 1639 1637
f 1646 1638 1640
f 1645 1641 1639
f 1646 1640 1642
f 1645 1643 1641
f 1646 1642 1644
f 1645 1629 1643
f 1646 1644 1630
f 1647 1649 1650
f 1647 1650 1648
f 1649 1651 1652
f 1649 1652 1650
f 1651 1653 1654
f 1651 1654 1652
f 1653 1655 1656
f 1653 1656 1654
f 1655 1657 1658
f 1655 1658 1656
f 1657 1659 1660
f 1657 1660 1658
f 1659 1661 1662
f 1659 1662 1660
f 1661 1647 1648
f 1661 1648 1662
f 1663 1649 1647
f 1664 1648 1650
f 1663 1651 1649
f 1664 1650 1652
f 1663 1653 1651
f 1664 1652 1654
f 1663 1655 1653
f 1664 1654 1656
f 1663 1657 1655
f 1664 1656 1658
f 1663 1659 1657
f 1664 1658 1660
f 1663 1661 1659
f 1664 1660 1662
f 1663 1647 1661
f 1664 1662 1648
f 1665 1667 1668
f 1665 1668 1666
f 1667 1669 1670
f 1667 1670 1668
f 1669 1671 1672
f 1669 1672 1670
f 1671 1673 1674
f 1671 1674 1672
f 1673 1675 1676
f 1673 1676 1674
f 1675 1677 1678
f 1675 1678 1676
f 1677 1679 1680
f 1677 1680 1678
f 1679 1665 1666
f 1679 1666 1680
f 1681 1667 1665
f 1682 1666 1668
f 1681 1669 1667
f 1682 1668 1670
f 1681 1671 1669
f 1682 1670 1672
f 1681 1673 1671
f 1682 1672 1674
f 1681 1675 1673
f 1682 1674 1676
f 1681 1677 1675
f 1682 1676 1678
f 1681 1679 1677
f 1682 1678 1680
f 1681 1665 1679
f 1682 1680 1666
f 1683 1685 1686
f 1683 1686 1684
f 1685 1687 1688
f 1685 1688 1686
f 1687 1689 1690
f 1687 1690 1688
f 1689 1691 1692
f 1689 1692 1690
f 1691 1693 1694
f 1691 1694 1692
f 1693 1695 1696
f 1693 1696 1694
f 1695 1697 1698
f 1695 1698 1696
f 1697 1683 1684
f 1697 1684 1698
f 1699 1685 1683
f 1700 1684 1686
f 1699 1687 1685
f 1700 1686 1688
f 1699 1689 1687
f 1700 1688 1690
f 1699 1691 1689
f 1700 1690 1692
f 1699 1693 1691
f 1700 1692 1694
f 1699 1695 1693
f 1700 1694 1696
f 1699 1697 1695
f 1700 1696 1698
f 1699 1683 1697
f 1700 1698 1684
f 1701 1703 1704
f 1701 1704 1702
f 1703 1705 1706
f 1703 1706 1704
f 1705 1707 1708
f 1705 1708 1706
f 1707 1709 1710
f 1707 1710 1708
f 1709 1711 1712
f 1709 1712 1710
f 1711 1713 1714
f 1711 1714 1712
f 1713 1715 1716
f 1713 1716 1714
f 1715 1701 1702
f 1715 1702 1716
f 1717 1703 1701
f 1718 1702 1704
f 1717 1705 1703
f 1718 1704 1706
f 1717 1707 1705
f 1718 1706 1708
f 1717 1709 1707
f 1718 1708 1710
f 1717 1711 1709
f 1718 1710 1712
f 1717 1713 1711
f 1718 1712 1714
f 1717 1715 1713
f 1718 1714 1716
f 1717 1701 1715
f 1718 1716 1702
f 1719 1721 1722
f 1719 1722 1720
f 1721 1723 1724
f 1721 1724 1722
f 1723 1725 1726
f 1723 1726 1724
f 1725 1727 1728
f 1725 1728 1726
f 1727 1729 1730
f 1727 1730 1728
f 1729 1731 1732
f 1729 1732 1730
f 1731 1733 1734
f 1731 1734 1732
f 1733 1719 1720
f 1733 1720 1734
f 1735 1721 1719
f 1736 1720 1722
f 1735 1723 1721
f 1736 1722 1724
f 1735 1725 1723
f 1736 1724 1726
f 1735 1727 1725
f 1736 1726 1728
f 1735 1729 1727
f 1736 1728 1730
f 1735 1731 1729
f 1736 1730 1732
f 1735 1733 1731
f 1736 1732 1734
f 1735 1719 1733
f 1736 1734 1720
f 1737 1739 1740
f 1737 1740 1738
f 1739 1741 1742
f 1739 1742 1740
f 1741 1743 1744
f 1741 1744 1742
f 1743 1745 1746
f 1743 1746 1744
f 1745 1747 1748
f 1745 1748 1746
f 1747 1749 1750
f 1747 1750 1748
f 1749 1751 1752
f 1749 1752 1750
f 1751 1737 1738
f 1751 1738 1752
f 1753 1739 1737
f 1754 1738 1740
f 1753 1741 1739
f 1754 1740 1742
f 1753 1743 1741
f 1754 1742 1744
f 1753 1745 1743
f 1754 1744 1746
f 1753 1747 1745
f 1754 1746 1748
f 1753 1749 1747
f 1754 1748 1750
f 1753 1751 1749
f 1754 1750 1752
f 1753 1737 1751
f 1754 1752 1738
f 1755 1757 1758
f 1755 1758 1756
f 1757 1759 1760
f 1757 1760 1758
f 1759 1761 1762
f 1759 1762 1760
f 1761 1763 1764
f 1761 1764 1762
f 1763 1765 1766
f 1763 1766 1764
f 1765 1767 1768
f 1765 1768 1766
f 1767 1769 1770
f 1767 1770 1768
f 1769 1755 1756
f 1769 1756 1770
f 1771 1757 1755
f 1772 1756 1758
f 1771 1759 1757
f 1772 1758 1760
f 1771 1761 1759
f 1772 1760 1762
f 1771 1763 1761
f 1772 1762 1764
f 1771 1765 1763
f 1772 1764 1766
f 1771 1767 1765
f 1772 1766 1768
f 1771 1769 1767
f 1772 1768 1770
f 1771 1755 1769
f 1772 1770 1756
f 1773 1775 1776
f 1773 1776 1774
f 1775 1777 1778
f 1775 1778 1776
f 1777 1779 1780
f 1777 1780 1778
f 1779 1781 1782
f 1779 1782 1780
f 1781 1783 1784
f 1781 1784 1782
f 1783 1785 1786
f 1783 1786 1784
f 1785 1787 1788
f 1785 1788 1786
f 1787 1773 1774
f 1787 1774 1788
f 1789 1775 1773
f 1790 1774 1776
f 1789 1777 1775
f 1790 1776 1778
f 1789 1779 1777
f 1790 1778 1780
f 1789 1781 1779
f 1790 1780 1782
f 1789 1783 1781
f 1790 1782 1784
f 1789 1785 1783
f 1790 1784 1786
f 1789 1787 1785
f 1790 1786 1788
f 1789 1773 1787
f 1790 1788 1774
f 1791 1793 1794
f 1791 1794 1792
f 1793 1795 1796
f 1793 1796 1794
f 1795 1797 1798
f 1795 1798 1796
f 1797 1799 1800
f 1797 1800 1798
f 1799 1801 1802
f 1799 1802 1800
f 1801 1803 1804
f 1801 1804 1802
f 1803 1805 1806
f 1803 1806 1804
f 1805 1791 1792
f 1805 1792 1806
f 1807 1793 1791
f 1808 1792 1794
f 1807 1795 1793
f 1808 1794 1796
f 1807 1797 1795
f 1808 1796 1798
f 1807 1799 1797
f 1808 1798 1800
f 1807 1801 1799
f 1808 1800 1802
f 1807 1803 1801
f 1808 1802 1804
f 1807 1805 1803
f 1808 1804 1806
f 1807 1791 1805
f 1808 1806 1792
f 1809 1811 1812
f 1809 1812 1810
f 1811 1813 1814
f 1811 1814 1812
f 1813 1815 1816
f 1813 1816 1814
f 1815 1817 1818
f 1815 1818 1816
f 1817 1819 1820
f 1817 1820 1818
f 1819 1821 1822
f 1819 1822 1820
f 1821 1823 1824
f 1821 1824 1822
f 1823 1809 1810
f 1823 1810 1824
f 1825 1811 1809
f 1826 1810 1812
f 1825 1813 1811
f 1826 1812 1814
f 1825 1815 1813
f 1826 1814 1816
f 1825 1817 1815
f 1826 1816 1818
f 1825 1819 1817
f 1826 1818 1820
f 1825 1821 1819
f 1826 1820 1822
f 1825 1823 1821
f 1826 1822 1824
f 1825 1809 1823
f 1826 1824 1810
f 1827 1829 1830
f 1827 1830 1828
f 1829 1831 1832
f 1829 1832 1830
f 1831 1833 1834
f 1831 1834 1832
f 1833 1835 1836
f 1833 1836 1834
f 1835 1837 1838
f 1835 1838 1836
f 1837 1839 1840
f 1837 1840 1838
f 1839 1841 1842
f 1839 1842 1840
f 1841 1827 1828
f 1841 1828 1842
f 1843 1829 1827
f 1844 1828 1830
f 1843 1831 1829
f 1844 1830 1832
f 1843 1833 1831
f 1844 1832 1834
f 1843 1835 1833
f 1844 1834 1836
f 1843 1837 1835
f 1844 1836 1838
f 1843 1839 1837
f 1844 1838 1840
f 1843 1841 1839
f 1844 1840 1842
f 1843 1827 1841
f 1844 1842 1828
f 1845 1847 1848
f 1845 1848 1846
f 1847 1849 1850
f 1847 1850 1848
f 1849 1851 1852
f 1849 1852 1850
f 1851 1853 1854
f 1851 1854 1852
f 1853 1855 1856
f 1853 1856 1854
f 1855 1857 1858
f 1855 1858 1856
f 1857 1859 1860
f 1857 1860 1858
f 1859 1845 1846
f 1859 1846 1860
f 1861 1847 1845
f 1862 1846 1848
f 1861 1849 1847
f 1862 1848 1850
f 1861 1851 1849
f 1862 1850 1852
f 1861 1853 1851
f 1862 1852 1854
f 1861 1855 1853
f 1862 1854 1856
f 1861 1857 1855
f 1862 1856 1858
f 1861 1859 1857
f 1862 1858 1860
f 1861 1845 1859
f 1862 1860 1846
f 1863 1865 1866
f 1863 1866 1864
f 1865 1867 1868
f 1865 1868 1866
f 1867 1869 1870
f 1867 1870 1868
f 1869 1871 1872
f 1869 1872 1870
f 1871 1873 1874
f 1871 1874 1872
f 1873 1875 1876
f 1873 1876 1874
f 1875 1877 1878
f 1875 1878 1876
f 1877 1863 1864
f 1877 1864 1878
f 1879 1865 1863
f 1880 1864 1866
f 1879 1867 1865
f 1880 1866 1868
f 1879 1869 1867
f 1880 1868 1870
f 1879 1871 1869
f 1880 1870 1872
f 1879 1873 1871
f 1880 1872 1874
f 1879 1875 1873
f 1880 1874 1876
f 1879 1877 1875
f 1880 1876 1878
f 1879 1863 1877
f 1880 1878 1864
f 1881 1883 1884
f 1881 1884 1882
f 1883 1885 1886
f 1883 1886 1884
f 1885 1887 1888
f 1885 1888 1886
f 1887 1889 1890
f 1887 1890 1888
f 1889 1891 1892
f 1889 1892 1890
f 1891 1893 1894
f 1891 1894 1892
f 1893 1895 1896
f 1893 1896 1894
f 1895 1881 1882
f 1895 1882 1896
f 1897 1883 1881
f 1898 1882 1884
f 1897 1885 1883
f 1898 1884 1886
f 1897 1887 1885
f 1898 1886 1888
f 1897 1889 1887
f 1898 1888 1890
f 1897 1891 1889
f 1898 1890 1892
f 1897 1893 1891
f 1898 1892 1894
f 1897 1895 1893
f 1898 1894 1896
f 1897 1881 1895
f 1898 1896 1882
f 1899 1901 1902
f 1899 1902 1900
f 1901 1903 1904
f 1901 1904 1902
f 1903 1905 1906
f 1903 1906 1904
f 1905 1907 1908
f 1905 1908 1906
f 1907 1909 1910
f 1907 1910 1908
f 1909 1911 1912
f 1909 1912 1910
f 1911 1913 1914
f 1911 1914 1912
f 1913 1899 1900
f 1913 1900 1914
f 1915 1901 1899
f 1916 1900 1902
f 1915 1903 1901
f 1916 1902 1904
f 1915 1905 1903
f 1916 1904 1906
f 1915 1907 1905
f 1916 1906 1908
f 1915 1909 1907
f 1916 1908 1910
f 1915 1911 1909
f 1916 1910 1912
f 1915 1913 1911
f 1916 1912 1914
f 1915 1899 1913
f 1916 1914 1900
f 1917 1919 1920
f 1917 1920 1918
f 1919 1921 1922
f 1919 1922 1920
f 1921 1923 1924
f 1921 1924 1922
f 1923 1925 1926
f 1923 1926 1924
f 1925 1927 1928
f 1925 1928 1926
f 1927 1929 1930
f 1927 1930 1928
f 1929 1931 1932
f 1929 1932 1930
f 1931 1917 1918
f 1931 1918 1932
f 1933 1919 1917
f 1934 1918 1920
f 1933 1921 1919
f 1934 1920 1922
f 1933 1923 1921
f 1934 1922 1924
f 1933 1925 1923
f 1934 1924 1926
f 1933 1927 1925
f 1934 1926 1928
f 1933 1929 1927
f 1934 1928 1930
f 1933 1931 1929
f 1934 1930 1932
f 1933 1917 1931
f 1934 1932 1918
f 1935 1937 1938
f 1935 1938 1936
f 1937 1939 1940
f 1937 1940 1938
f 1939 1941 1942
f 1939 1942 1940
f 1941 1943 1944
f 1941 1944 1942
f 1943 1945 1946
f 1943 1946 1944
f 1945 1947 1948
f 1945 1948 1946
f 1947 1949 1950
f 1947 1950 1948
f 1949 1935 1936
f 1949 1936 1950
f 1951 1937 1935
f 1952 1936 1938
f 1951 1939 1937
f 1952 1938 1940
f 1951 1941 1939
f 1952 1940 1942
f 1951 1943 1941
f 1952 1942 1944
f 1951 1945 1943
f 1952 1944 1946
f 1951 1947 1945
f 1952 1946 1948
f 1951 1949 1947
f 1952 1948 1950
f 1951 1935 1949
f 1952 1950 1936
f 1953 1955 1956
f 1953 1956 1954
f 1955 1957 1958
f 1955 1958 1956
f 1957 1959 1960
f 1957 1960 1958
f 1959 1961 1962
f 1959 1962 1960
f 1961 1963 1964
f 1961 1964 1962
f 1963 1965 1966
f 1963 1966 1964
f 1965 1967 1968
f 1965 1968 1966
f 1967 1953 1954
f 1967 1954 1968
f 1969 1955 1953
f 1970 1954 1956
f 1969 1957 1955
f 1970 1956 1958
f 1969 1959 1957
f 1970 1958 1960
f 1969 1961 1959
f 1970 1960 1962
f 1969 1963 1961
f 1970 1962 1964
f 1969 1965 1963
f 1970 1964 1966
f 1969 1967 1965
f 1970 1966 1968
f 1969 1953 1967
f 1970 1968 1954
f 1971 1973 1974
f 1971 1974 1972
f 1973 1975 1976
f 1973 1976 1974
f 1975 1977 1978
f 1975 1978 1976
f 1977 1979 1980
f 1977 1980 1978
f 1979 1981 1982
f 1979 1982 1980
f 1981 1983 1984
f 1981 1984 1982
f 1983 1985 1986
f 1983 1986 1984
f 1985 1971 1972
f 1985 1972 1986
f 1987 1973 1971
f 1988 1972 1974
f 1987 1975 1973
f 1988 1974 1976
f 1987 1977 1975
f 1988 1976 1978
f 1987 1979 1977
f 1988 1978 1980
f 1987 1981 1979
f 1988 1980 1982
f 1987 1983 1981
f 1988 1982 1984
f 1987 1985 1983
f 1988 1984 1986
f 1987 1971 1985
f 1988 1986 1972
f 1989 1991 1992
f 1989 1992 1990
f 1991 1993 1994
f 1991 1994 1992
f 1993 1995 1996
f 1993 1996 1994
f 1995 1997 1998
f 1995 1998 1996
f 1997 1999 2000
f 1997 2000 1998
f 1999 2001 2002
f 1999 2002 2000
f 2001 2003 2004
f 2001 2004 2002
f 2003 1989 1990
f 2003 1990 2004
f 2005 1991 1989
f 2006 1990 1992
f 2005 1993 1991
f 2006 1992 1994
f 2005 1995 1993
f 2006 1994 1996
f 2005 1997 1995
f 2006 1996 1998
f 2005 1999 1997
f 2006 1998 2000
f 2005 2001 1999
f 2006 2000 2002
f 2005 2003 2001
f 2006 2002 2004
f 2005 1989 2003
f 2006 2004 1990
f 2007 2009 2010
f 2007 2010 2008
f 2009 2011 2012
f 2009 2012 2010
f 2011 2013 2014
f 2011 2014 2012
f 2013 2015 2016
f 2013 2016 2014
f 2015 2017 2018
f 2015 2018 2016
f 2017 2019 2020
f 2017 2020 2018
f 2019 2021 2022
f 2019 2022 2020
f 2021 2007 2008
f 2021 2008 2022
f 2023 2009 2007
f 2024 2008 2010
f 2023 2011 2009
f 2024 2010 2012
f 2023 2013 2011
f 2024 2012 2014
f 2023 2015 2013
f 2024 2014 2016
f 2023 2017 2015
f 2024 2016 2018
f 2023 2019 2017
f 2024 2018 2020
f 2023 2021 2019
f 2024 2020 2022
f 2023 2007 2021
f 2024 2022 2008
f 2025 2027 2028
f 2025 2028 2026
f 2027 2029 2030
f 2027 2030 2028
f 2029 2031 2032
f 2029 2032 2030
f 2031 2033 2034
f 2031 2034 2032
f 2033 2035 2036
f 2033 2036 2034
f 2035 2037 2038
f 2035 2038 2036
f 2037 2039 2040
f 2037 2040 2038
f 2039 2025 2026
f 2039 2026 2040
f 2041 2027 2025
f 2042 2026 2028
f 2041 2029 2027
f 2042 2028 2030
f 2041 2031 2029
f 2042 2030 2032
f 2041 2033 2031
f 2042 2032 2034
f 2041 2035 2033
f 2042 2034 2036
f 2041 2037 2035
f 2042 2036 2038
f 2041 2039 2037
f 2042 2038 2040
f 2041 2025 2039
f 2042 2040 2026
f 2043 2045 2046
f 2043 2046 2044
f 2045 2047 2048
f 2045 2048 2046
f 2047 2049 2050
f 2047 2050 2048
f 2049 2051 2052
f 2049 2052 2050
f 2051 2053 2054
f 2051 2054 2052
f 2053 2055 2056
f 2053 2056 2054
f 2055 2057 2058
f 2055 2058 2056
f 2057 2043 2044
f 2057 2044 2058
f 2059 2045 2043
f 2060 2044 2046
f 2059 2047 2045
f 2060 2046 2048
f 2059 2049 2047
f 2060 2048 2050
f 2059 2051 2049
f 2060 2050 2052
f 2059 2053 2051
f 2060 2052 2054
f 2059 2055 2053
f 2060 2054 2056
f 2059 2057 2055
f 2060 2056 2058
f 2059 2043 2057
f 2060 2058 2044
f 2061 2063 2064
f 2061 2064 2062
f 2063 2065 2066
f 2063 2066 2064
f 2065 2067 2068
f 2065 2068 2066
f 2067 2069 2070
f 2067 2070 2068
f 2069 2071 2072
f 2069 2072 2070
f 2071 2073 2074
f 2071 2074 2072
f 2073 2075 2076
f 2073 2076 2074
f 2075 2061 2062
f 2075 2062 2076
f 2077 2063 2061
f 2078 2062 2064
f 2077 2065 2063
f 2078 2064 2066
f 2077 2067 2065
f 2078 2066 2068
f 2077 2069 2067
f 2078 2068 2070
f 2077 2071 2069
f 2078 2070 2072
f 2077 2073 2071
f 2078 2072 2074
f 2077 2075 2073
f 2078 2074 2076
f 2077 2061 2075
f 2078 2076 2062
f 2079 2081 2082
f 2079 2082 2080
f 2081 2083 2084
f 2081 2084 2082
f 2083 2085 2086
f 2083 2086 2084
f 2085 2087 2088
f 2085 2088 2086
f 2087 2089 2090
f 2087 2090 2088
f 2089 2091 2092
f 2089 2092 2090
f 2091 2093 2094
f 2091 2094 2092
f 2093 2079 2080
f 2093 2080 2094
f 2095 2081 2079
f 2096 2080 2082
f 2095 2083 2081
f 2096 2082 2084
f 2095 2085 2083
f 2096 2084 2086
f 2095 2087 2085
f 2096 2086 2088
f 2095 2089 2087
f 2096 2088 2090
f 2095 2091 2089
f 2096 2090 2092
f 2095 2093 2091
f 2096 2092 2094
f 2095 2079 2093
f 2096 2094 2080
f 2097 2099 2100
f 2097 2100 2098
f 2099 2101 2102
f 2099 2102 2100
f 2101 2103 2104
f 2101 2104 2102
f 2103 2105 2106
f 2103 2106 2104
f 2105 2107 2108
f 2105 2108 2106
f 2107 2109 2110
f 2107 2110 2108
f 2109 2111 2112
f 2109 2112 2110
f 2111 2097 2098
f 2111 2098 2112
f 2113 2099 2097
f 2114 2098 2100
f 2113 2101 2099
f 2114 2100 2102
f 2113 2103 2101
f 2114 2102 2104
f 2113 2105 2103
f 2114 2104 2106
f 2113 2107 2105
f 2114 2106 2108
f 2113 2109 2107
f 2114 2108 2110
f 2113 2111 2109
f 2114 2110 2112
f 2113 2097 2111
f 2114 2112 2098
f 2115 2117 2118
f 2115 2118 2116
f 2117 2119 2120
f 2117 2120 2118
f 2119 2121 2122
f 2119 2122 2120
f 2121 2123 2124
f 2121 2124 2122
f 2123 2125 2126
f 2123 2126 2124
f 2125 2127 2128
f 2125 2128 2126
f 2127 2129 2130
f 2127 2130 2128
f 2129 2115 2116
f 2129 2116 2130
f 2131 2117 2115
f 2132 2116 2118
f 2131 2119 2117
f 2132 2118 2120
f 2131 2121 2119
f 2132 2120 2122
f 2131 2123 2121
f 2132 2122 2124
f 2131 2125 2123
f 2132 2124 2126
f 2131 2127 2125
f 2132 2126 2128
f 2131 2129 2127
f 2132 2128 2130
f 2131 2115 2129
f 2132 2130 2116
f 2133 2135 2136
f 2133 2136 2134
f 2135 2137 2138
f 2135 2138 2136
f 2137 2139 2140
f 2137 2140 2138
f 2139 2141 2142
f 2139 2142 2140
f 2141 2143 2144
f 2141 2144 2142
f 2143 2145 2146
f 2143 2146 2144
f 2145 2147 2148
f 2145 2148 2146
f 2147 2133 2134
f 2147 2134 2148
f 2149 2135 2133
f 2150 2134 2136
f 2149 2137 2135
f 2150 2136 2138
f 2149 2139 2137
f 2150 2138 2140
f 2149 2141 2139
f 2150 2140 2142
f 2149 2143 2141
f 2150 2142 2144
f 2149 2145 2143
f 2150 2144 2146
f 2149 2147 2145
f 2150 2146 2148
f 2149 2133 2147
f 2150 2148 2134
f 2151 2153 2154
f 2151 2154 2152
f 2153 2155 2156
f 2153 2156 2154
f 2155 2157 2158
f 2155 2158 2156
f 2157 2159 2160
f 2157 2160 2158
f 2159 2161 2162
f 2159 2162 2160
f 2161 2163 2164
f 2161 2164 2162
f 2163 2165 2166
f 2163 2166 2164
f 2165 2151 2152
f 2165 2152 2166
f 2167 2153 2151
f 2168 2152 2154
f 2167 2155 2153
f 2168 2154 2156
f 2167 2157 2155
f 2168 2156 2158
f 2167 2159 2157
f 2168 2158 2160
f 2167 2161 2159
f 2168 2160 2162
f 2167 2163 2161
f 2168 2162 2164
f 2167 2165 2163
f 2168 2164 2166
f 2167 2151 2165
f 2168 2166 2152
f 2169 2171 2172
f 2169 2172 2170
f 2171 2173 2174
f 2171 2174 2172
f 2173 2175 2176
f 2173 2176 2174
f 2175 2177 2178
f 2175 2178 2176
f 2177 2179 2180
f 2177 2180 2178
f 2179 2181 2182
f 2179 2182 2180
f 2181 2183 2184
f 2181 2184 2182
f 2183 2169 2170
f 2183 2170 2184
f 2185 2171 2169
f 2186 2170 2172
f 2185 2173 2171
f 2186 2172 2174
f 2185 2175 2173
f 2186 2174 2176
f 2185 2177 2175
f 2186 2176 2178
f 2185 2179 2177
f 2186 2178 2180
f 2185 2181 2179
f 2186 2180 2182
f 2185 2183 2181
f 2186 2182 2184
f 2185 2169 2183
f 2186 2184 2170
f 2187 2189 2190
f 2187 2190 2188
f 2189 2191 2192
f 2189 2192 2190
f 2191 2193 2194
f 2191 2194 2192
f 2193 2195 2196
f 2193 2196 2194
f 2195 2197 2198
f 2195 2198 2196
f 2197 2199 2200
f 2197 2200 2198
f 2199 2201 2202
f 2199 2202 2200
f 2201 2187 2188
f 2201 2188 2202
f 2203 2189 2187
f 2204 2188 2190
f 2203 2191 2189
f 2204 2190 2192
f 2203 2193 2191
f 2204 2192 2194
f 2203 2195 2193
f 2204 2194 2196
f 2203 2197 2195
f 2204 2196 2198
f 2203 2199 2197
f 2204 2198 2200
f 2203 2201 2199
f 2204 2200 2202
f 2203 2187 2201
f 2204 2202 2188
f 2205 2207 2208
f 2205 2208 2206
f 2207 2209 2210
f 2207 2210 2208
f 2209 2211 2212
f 2209 2212 2210
f 2211 2213 2214
f 2211 2214 2212
f 2213 2215 2216
f 2213 2216 2214
f 2215 2217 2218
f 2215 2218 2216
f 2217 2219 2220
f 2217 2220 2218
f 2219 2205 2206
f 2219 2206 2220
f 2221 2207 2205
f 2222 2206 2208
f 2221 2209 2207
f 2222 2208 2210
f 2221 2211 2209
f 2222 2210 2212
f 2221 2213 2211
f 2222 2212 2214
f 2221 2215 2213
f 2222 2214 2216
f 2221 2217 2215
f 2222 2216 2218
f 2221 2219 2217
f 2222 2218 2220
f 2221 2205 2219
f 2222 2220 2206
f 2223 2225 2226
f 2223 2226 2224
f 2225 2227 2228
f 2225 2228 2226
f 2227 2229 2230
f 2227 2230 2228
f 2229 2231 2232
f 2229 2232 2230
f 2231 2233 2234
f 2231 2234 2232
f 2233 2235 2236
f 2233 2236 2234
f 2235 2237 2238
f 2235 2238 2236
f 2237 2223 2224
f 2237 2224 2238
f 2239 2225 2223
f 2240 2224 2226
f 2239 2227 2225
f 2240 2226 2228
f 2239 2229 2227
f 2240 2228 2230
f 2239 2231 2229
f 2240 2230 2232
f 2239 2233 2231
f 2240 2232 2234
f 2239 2235 2233
f 2240 2234 2236
f 2239 2237 2235
f 2240 2236 2238
f 2239 2223 2237
f 2240 2238 2224
o 21-VG-2001
usemtl vessel
f 2241 2243 2244
f 2241 2244 2242
f 2243 2245 2246
f 2243 2246 2244
f 2245 2247 2248
f 2245 2248 2246
f 2247 2249 2250
f 2247 2250 2248
f 2249 2251 2252
f 2249 2252 2250
f 2251 2253 2254
f 2251 2254 2252
f 2253 2255 2256
f 2253 2256 2254
f 2255 2257 2258
f 2255 2258 2256
f 2257 2259 2260
f 2257 2260 2258
f 2259 2261 2262
f 2259 2262 2260
f 2261 2263 2264
f 2261 2264 2262
f 2263 2265 2266
f 2263 2266 2264
f 2265 2267 2268
f 2265 2268 2266
f 2267 2269 2270
f 2267 2270 2268
f 2269 2271 2272
f 2269 2272 2270
f 2271 2273 2274
f 2271 2274 2272
f 2273 2275 2276
f 2273 2276 2274
f 2275 2277 2278
f 2275 2278 2276
f 2277 2279 2280
f 2277 2280 2278
f 2279 2281 2282
f 2279 2282 2280
f 2281 2283 2284
f 2281 2284 2282
f 2283 2285 2286
f 2283 2286 2284
f 2285 2287 2288
f 2285 2288 2286
f 2287 2289 2290
f 2287 2290 2288
f 2289 2291 2292
f 2289 2292 2290
f 2291 2293 2294
f 2291 2294 2292
f 2293 2295 2296
f 2293 2296 2294
f 2295 2297 2298
f 2295 2298 2296
f 2297 2299 2300
f 2297 2300 2298
f 2299 2301 2302
f 2299 2302 2300
f 2301 2303 2304
f 2301 2304 2302
f 2303 2305 2306
f 2303 2306 2304
f 2305 2307 2308
f 2305 2308 2306
f 2307 2309 2310
f 2307 2310 2308
f 2309 2311 2312
f 2309 2312 2310
f 2311 2313 2314
f 2311 2314 2312
f 2313 2315 2316
f 2313 2316 2314
f 2315 2317 2318
f 2315 2318 2316
f 2317 2319 2320
f 2317 2320 2318
f 2319 2241 2242
f 2319 2242 2320
f 2321 2243 2241
f 2322 2242 2244
f 2321 2245 2243
f 2322 2244 2246
f 2321 2247 2245
f 2322 2246 2248
f 2321 2249 2247
f 2322 2248 2250
f 2321 2251 2249
f 2322 2250 2252
f 2321 2253 2251
f 2322 2252 2254
f 2321 2255 2253
f 2322 2254 2256
f 2321 2257 2255
f 2322 2256 2258
f 2321 2259 2257
f 2322 2258 2260
f 2321 2261 2259
f 2322 2260 2262
f 2321 2263 2261
f 2322 2262 2264
f 2321 2265 2263
f 2322 2264 2266
f 2321 2267 2265
f 2322 2266 2268
f 2321 2269 2267
f 2322 2268 2270
f 2321 2271 2269
f 2322 2270 2272
f 2321 2273 2271
f 2322 2272 2274
f 2321 2275 2273
f 2322 2274 2276
f 2321 2277 2275
f 2322 2276 2278
f 2321 2279 2277
f 2322 2278 2280
f 2321 2281 2279
f 2322 2280 2282
f 2321 2283 2281
f 2322 2282 2284
f 2321 2285 2283
f 2322 2284 2286
f 2321 2287 2285
f 2322 2286 2288
f 2321 2289 2287
f 2322 2288 2290
f 2321 2291 2289
f 2322 2290 2292
f 2321 2293 2291
f 2322 2292 2294
f 2321 2295 2293
f 2322 2294 2296
f 2321 2297 2295
f 2322 2296 2298
f 2321 2299 2297
f 2322 2298 2300
f 2321 2301 2299
f 2322 2300 2302
f 2321 2303 2301
f 2322 2302 2304
f 2321 2305 2303
f 2322 2304 2306
f 2321 2307 2305
f 2322 2306 2308
f 2321 2309 2307
f 2322 2308 2310
f 2321 2311 2309
f 2322 2310 2312
f 2321 2313 2311
f 2322 2312 2314
f 2321 2315 2313
f 2322 2314 2316
f 2321 2317 2315
f 2322 2316 2318
f 2321 2319 2317
f 2322 2318 2320
f 2321 2241 2319
f 2322 2320 2242
f 2323 2364 2363
f 2324 2365 2364
f 2325 2366 2365
f 2326 2367 2366
f 2327 2368 2367
f 2328 2369 2368
f 2329 2370 2369
f 2330 2371 2370
f 2331 2372 2371
f 2332 2373 2372
f 2333 2374 2373
f 2334 2375 2374
f 2335 2376 2375
f 2336 2377 2376
f 2337 2378 2377
f 2338 2379 2378
f 2339 2380 2379
f 2340 2381 2380
f 2341 2382 2381
f 2342 2383 2382
f 2343 2384 2383
f 2344 2385 2384
f 2345 2386 2385
f 2346 2387 2386
f 2347 2388 2387
f 2348 2389 2388
f 2349 2390 2389
f 2350 2391 2390
f 2351 2392 2391
f 2352 2393 2392
f 2353 2394 2393
f 2354 2395 2394
f 2355 2396 2395
f 2356 2397 2396
f 2357 2398 2397
f 2358 2399 2398
f 2359 2400 2399
f 2360 2401 2400
f 2361 2402 2401
f 2362 2363 2402
f 2363 2364 2404
f 2363 2404 2403
f 2364 2365 2405
f 2364 2405 2404
f 2365 2366 2406
f 2365 2406 2405
f 2366 2367 2407
f 2366 2407 2406
f 2367 2368 2408
f 2367 2408 2407
f 2368 2369 2409
f 2368 2409 2408
f 2369 2370 2410
f 2369 2410 2409
f 2370 2371 2411
f 2370 2411 2410
f 2371 2372 2412
f 2371 2412 2411
f 2372 2373 2413
f 2372 2413 2412
f 2373 2374 2414
f 2373 2414 2413
f 2374 2375 2415
f 2374 2415 2414
f 2375 2376 2416
f 2375 2416 2415
f 2376 2377 2417
f 2376 2417 2416
f 2377 2378 2418
f 2377 2418 2417
f 2378 2379 2419
f 2378 2419 2418
f 2379 2380 2420
f 2379 2420 2419
f 2380 2381 2421
f 2380 2421 2420
f 2381 2382 2422
f 2381 2422 2421
f 2382 2383 2423
f 2382 2423 2422
f 2383 2384 2424
f 2383 2424 2423
f 2384 2385 2425
f 2384 2425 2424
f 2385 2386 2426
f 2385 2426 2425
f 2386 2387 2427
f 2386 2427 2426
f 2387 2388 2428
f 2387 2428 2427
f 2388 2389 2429
f 2388 2429 2428
f 2389 2390 2430
f 2389 2430 2429
f 2390 2391 2431
f 2390 2431 2430
f 2391 2392 2432
f 2391 2432 2431
f 2392 2393 2433
f 2392 2433 2432
f 2393 2394 2434
f 2393 2434 2433
f 2394 2395 2435
f 2394 2435 2434
f 2395 2396 2436
f 2395 2436 2435
f 2396 2397 2437
f 2396 2437 2436
f 2397 2398 2438
f 2397 2438 2437
f 2398 2399 2439
f 2398 2439 2438
f 2399 2400 2440
f 2399 2440 2439
f 2400 2401 2441
f 2400 2441 2440
f 2401 2402 2442
f 2401 2442 2441
f 2402 2363 2403
f 2402 2403 2442
f 2403 2404 2444
f 2403 2444 2443
f 2404 2405 2445
f 2404 2445 2444
f 2405 2406 2446
f 2405 2446 2445
f 2406 2407 2447
f 2406 2447 2446
f 2407 2408 2448
f 2407 2448 2447
f 2408 2409 2449
f 2408 2449 2448
f 2409 2410 2450
f 2409 2450 2449
f 2410 2411 2451
f 2410 2451 2450
f 2411 2412 2452
f 2411 2452 2451
f 2412 2413 2453
f 2412 2453 2452
f 2413 2414 2454
f 2413 2454 2453
f 2414 2415 2455
f 2414 2455 2454
f 2415 2416 2456
f 2415 2456 2455
f 2416 2417 2457
f 2416 2457 2456
f 2417 2418 2458
f 2417 2458 2457
f 2418 2419 2459
f 2418 2459 2458
f 2419 2420 2460
f 2419 2460 2459
f 2420 2421 2461
f 2420 2461 2460
f 2421 2422 2462
f 2421 2462 2461
f 2422 2423 2463
f 2422 2463 2462
f 2423 2424 2464
f 2423 2464 2463
f 2424 2425 2465
f 2424 2465 2464
f 2425 2426 2466
f 2425 2466 2465
f 2426 2427 2467
f 2426 2467 2466
f 2427 2428 2468
f 2427 2468 2467
f 2428 2429 2469
f 2428 2469 2468
f 2429 2430 2470
f 2429 2470 2469
f 2430 2431 2471
f 2430 2471 2470
f 2431 2432 2472
f 2431 2472 2471
f 2432 2433 2473
f 2432 2473 2472
f 2433 2434 2474
f 2433 2474 2473
f 2434 2435 2475
f 2434 2475 2474
f 2435 2436 2476
f 2435 2476 2475
f 2436 2437 2477
f 2436 2477 2476
f 2437 2438 2478
f 2437 2478 2477
f 2438 2439 2479
f 2438 2479 2478
f 2439 2440 2480
f 2439 2480 2479
f 2440 2441 2481
f 2440 2481 2480
f 2441 2442 2482
f 2441 2482 2481
f 2442 2403 2443
f 2442 2443 2482
f 2443 2444 2484
f 2443 2484 2483
f 2444 2445 2485
f 2444 2485 2484
f 2445 2446 2486
f 2445 2486 2485
f 2446 2447 2487
f 2446 2487 2486
f 2447 2448 2488
f 2447 2488 2487
f 2448 2449 2489
f 2448 2489 2488
f 2449 2450 2490
f 2449 2490 2489
f 2450 2451 2491
f 2450 2491 2490
f 2451 2452 2492
f 2451 2492 2491
f 2452 2453 2493
f 2452 2493 2492
f 2453 2454 2494
f 2453 2494 2493
f 2454 2455 2495
f 2454 2495 2494
f 2455 2456 2496
f 2455 2496 2495
f 2456 2457 2497
f 2456 2497 2496
f 2457 2458 2498
f 2457 2498 2497
f 2458 2459 2499
f 2458 2499 2498
f 2459 2460 2500
f 2459 2500 2499
f 2460 2461 2501
f 2460 2501 2500
f 2461 2462 2502
f 2461 2502 2501
f 2462 2463 2503
f 2462 2503 2502
f 2463 2464 2504
f 2463 2504 2503
f 2464 2465 2505
f 2464 2505 2504
f 2465 2466 2506
f 2465 2506 2505
f 2466 2467 2507
f 2466 2507 2506
f 2467 2468 2508
f 2467 2508 2507
f 2468 2469 2509
f 2468 2509 2508
f 2469 2470 2510
f 2469 2510 2509
f 2470 2471 2511
f 2470 2511 2510
f 2471 2472 2512
f 2471 2512 2511
f 2472 2473 2513
f 2472 2513 2512
f 2473 2474 2514
f 2473 2514 2513
f 2474 2475 2515
f 2474 2515 2514
f 2475 2476 2516
f 2475 2516 2515
f 2476 2477 2517
f 2476 2517 2516
f 2477 2478 2518
f 2477 2518 2517
f 2478 2479 2519
f 2478 2519 2518
f 2479 2480 2520
f 2479 2520 2519
f 2480 2481 2521
f 2480 2521 2520
f 2481 2482 2522
f 2481 2522 2521
f 2482 2443 2483
f 2482 2483 2522
f 2483 2484 2524
f 2483 2524 2523
f 2484 2485 2525
f 2484 2525 2524
f 2485 2486 2526
f 2485 2526 2525
f 2486 2487 2527
f 2486 2527 2526
f 2487 2488 2528
f 2487 2528 2527
f 2488 2489 2529
f 2488 2529 2528
f 2489 2490 2530
f 2489 2530 2529
f 2490 2491 2531
f 2490 2531 2530
f 2491 2492 2532
f 2491 2532 2531
f 2492 2493 2533
f 2492 2533 2532
f 2493 2494 2534
f 2493 2534 2533
f 2494 2495 2535
f 2494 2535 2534
f 2495 2496 2536
f 2495 2536 2535
f 2496 2497 2537
f 2496 2537 2536
f 2497 2498 2538
f 2497 2538 2537
f 2498 2499 2539
f 2498 2539 2538
f 2499 2500 2540
f 2499 2540 2539
f 2500 2501 2541
f 2500 2541 2540
f 2501 2502 2542
f 2501 2542 2541
f 2502 2503 2543
f 2502 2543 2542
f 2503 2504 2544
f 2503 2544 2543
f 2504 2505 2545
f 2504 2545 2544
f 2505 2506 2546
f 2505 2546 2545
f 2506 2507 2547
f 2506 2547 2546
f 2507 2508 2548
f 2507 2548 2547
f 2508 2509 2549
f 2508 2549 2548
f 2509 2510 2550
f 2509 2550 2549
f 2510 2511 2551
f 2510 2551 2550
f 2511 2512 2552
f 2511 2552 2551
f 2512 2513 2553
f 2512 2553 2552
f 2513 2514 2554
f 2513 2554 2553
f 2514 2515 2555
f 2514 2555 2554
f 2515 2516 2556
f 2515 2556 2555
f 2516 2517 2557
f 2516 2557 2556
f 2517 2518 2558
f 2517 2558 2557
f 2518 2519 2559
f 2518 2559 2558
f 2519 2520 2560
f 2519 2560 2559
f 2520 2521 2561
f 2520 2561 2560
f 2521 2522 2562
f 2521 2562 2561
f 2522 2483 2523
f 2522 2523 2562
f 2523 2524 2564
f 2523 2564 2563
f 2524 2525 2565
f 2524 2565 2564
f 2525 2526 2566
f 2525 2566 2565
f 2526 2527 2567
f 2526 2567 2566
f 2527 2528 2568
f 2527 2568 2567
f 2528 2529 2569
f 2528 2569 2568
f 2529 2530 2570
f 2529 2570 2569
f 2530 2531 2571
f 2530 2571 2570
f 2531 2532 2572
f 2531 2572 2571
f 2532 2533 2573
f 2532 2573 2572
f 2533 2534 2574
f 2533 2574 2573
f 2534 2535 2575
f 2534 2575 2574
f 2535 2536 2576
f 2535 2576 2575
f 2536 2537 2577
f 2536 2577 2576
f 2537 2538 2578
f 2537 2578 2577
f 2538 2539 2579
f 2538 2579 2578
f 2539 2540 2580
f 2539 2580 2579
f 2540 2541 2581
f 2540 2581 2580
f 2541 2542 2582
f 2541 2582 2581
f 2542 2543 2583
f 2542 2583 2582
f 2543 2544 2584
f 2543 2584 2583
f 2544 2545 2585
f 2544 2585 2584
f 2545 2546 2586
f 2545 2586 2585
f 2546 2547 2587
f 2546 2587 2586
f 2547 2548 2588
f 2547 2588 2587
f 2548 2549 2589
f 2548 2589 2588
f 2549 2550 2590
f 2549 2590 2589
f 2550 2551 2591
f 2550 2591 2590
f 2551 2552 2592
f 2551 2592 2591
f 2552 2553 2593
f 2552 2593 2592
f 2553 2554 2594
f 2553 2594 2593
f 2554 2555 2595
f 2554 2595 2594
f 2555 2556 2596
f 2555 2596 2595
f 2556 2557 2597
f 2556 2597 2596
f 2557 2558 2598
f 2557 2598 2597
f 2558 2559 2599
f 2558 2599 2598
f 2559 2560 2600
f 2559 2600 2599
f 2560 2561 2601
f 2560 2601 2600
f 2561 2562 2602
f 2561 2602 2601
f 2562 2523 2563
f 2562 2563 2602
f 2563 2564 2604
f 2563 2604 2603
f 2564 2565 2605
f 2564 2605 2604
f 2565 2566 2606
f 2565 2606 2605
f 2566 2567 2607
f 2566 2607 2606
f 2567 2568 2608
f 2567 2608 2607
f 2568 2569 2609
f 2568 2609 2608
f 2569 2570 2610
f 2569 2610 2609
f 2570 2571 2611
f 2570 2611 2610
f 2571 2572 2612
f 2571 2612 2611
f 2572 2573 2613
f 2572 2613 2612
f 2573 2574 2614
f 2573 2614 2613
f 2574 2575 2615
f 2574 2615 2614
f 2575 2576 2616
f 2575 2616 2615
f 2576 2577 2617
f 2576 2617 2616
f 2577 2578 2618
f 2577 2618 2617
f 2578 2579 2619
f 2578 2619 2618
f 2579 2580 2620
f 2579 2620 2619
f 2580 2581 2621
f 2580 2621 2620
f 2581 2582 2622
f 2581 2622 2621
f 2582 2583 2623
f 2582 2623 2622
f 2583 2584 2624
f 2583 2624 2623
f 2584 2585 2625
f 2584 2625 2624
f 2585 2586 2626
f 2585 2626 2625
f 2586 2587 2627
f 2586 2627 2626
f 2587 2588 2628
f 2587 2628 2627
f 2588 2589 2629
f 2588 2629 2628
f 2589 2590 2630
f 2589 2630 2629
f 2590 2591 2631
f 2590 2631 2630
f 2591 2592 2632
f 2591 2632 2631
f 2592 2593 2633
f 2592 2633 2632
f 2593 2594 2634
f 2593 2634 2633
f 2594 2595 2635
f 2594 2635 2634
f 2595 2596 2636
f 2595 2636 2635
f 2596 2597 2637
f 2596 2637 2636
f 2597 2598 2638
f 2597 2638 2637
f 2598 2599 2639
f 2598 2639 2638
f 2599 2600 2640
f 2599 2640 2639
f 2600 2601 2641
f 2600 2641 2640
f 2601 2602 2642
f 2601 2642 2641
f 2602 2563 2603
f 2602 2603 2642
f 2603 2604 2644
f 2603 2644 2643
f 2604 2605 2645
f 2604 2645 2644
f 2605 2606 2646
f 2605 2646 2645
f 2606 2607 2647
f 2606 2647 2646
f 2607 2608 2648
f 2607 2648 2647
f 2608 2609 2649
f 2608 2649 2648
f 2609 2610 2650
f 2609 2650 2649
f 2610 2611 2651
f 2610 2651 2650
f 2611 2612 2652
f 2611 2652 2651
f 2612 2613 2653
f 2612 2653 2652
f 2613 2614 2654
f 2613 2654 2653
f 2614 2615 2655
f 2614 2655 2654
f 2615 2616 2656
f 2615 2656 2655
f 2616 2617 2657
f 2616 2657 2656
f 2617 2618 2658
f 2617 2658 2657
f 2618 2619 2659
f 2618 2659 2658
f 2619 2620 2660
f 2619 2660 2659
f 2620 2621 2661
f 2620 2661 2660
f 2621 2622 2662
f 2621 2662 2661
f 2622 2623 2663
f 2622 2663 2662
f 2623 2624 2664
f 2623 2664 2663
f 2624 2625 2665
f 2624 2665 2664
f 2625 2626 2666
f 2625 2666 2665
f 2626 2627 2667
f 2626 2667 2666
f 2627 2628 2668
f 2627 2668 2667
f 2628 2629 2669
f 2628 2669 2668
f 2629 2630 2670
f 2629 2670 2669
f 2630 2631 2671
f 2630 2671 2670
f 2631 2632 2672
f 2631 2672 2671
f 2632 2633 2673
f 2632 2673 2672
f 2633 2634 2674
f 2633 2674 2673
f 2634 2635 2675
f 2634 2675 2674
f 2635 2636 2676
f 2635 2676 2675
f 2636 2637 2677
f 2636 2677 2676
f 2637 2638 2678
f 2637 2678 2677
f 2638 2639 2679
f 2638 2679 2678
f 2639 2640 2680
f 2639 2680 2679
f 2640 2641 2681
f 2640 2681 2680
f 2641 2642 2682
f 2641 2682 2681
f 2642 2603 2643
f 2642 2643 2682
f 2643 2644 2684
f 2643 2684 2683
f 2644 2645 2685
f 2644 2685 2684
f 2645 2646 2686
f 2645 2686 2685
f 2646 2647 2687
f 2646 2687 2686
f 2647 2648 2688
f 2647 2688 2687
f 2648 2649 2689
f 2648 2689 2688
f 2649 2650 2690
f 2649 2690 2689
f 2650 2651 2691
f 2650 2691 2690
f 2651 2652 2692
f 2651 2692 2691
f 2652 2653 2693
f 2652 2693 2692
f 2653 2654 2694
f 2653 2694 2693
f 2654 2655 2695
f 2654 2695 2694
f 2655 2656 2696
f 2655 2696 2695
f 2656 2657 2697
f 2656 2697 2696
f 2657 2658 2698
f 2657 2698 2697
f 2658 2659 2699
f 2658 2699 2698
f 2659 2660 2700
f 2659 2700 2699
f 2660 2661 2701
f 2660 2701 2700
f 2661 2662 2702
f 2661 2702 2701
f 2662 2663 2703
f 2662 2703 2702
f 2663 2664 2704
f 2663 2704 2703
f 2664 2665 2705
f 2664 2705 2704
f 2665 2666 2706
f 2665 2706 2705
f 2666 2667 2707
f 2666 2707 2706
f 2667 2668 2708
f 2667 2708 2707
f 2668 2669 2709
f 2668 2709 2708
f 2669 2670 2710
f 2669 2710 2709
f 2670 2671 2711
f 2670 2711 2710
f 2671 2672 2712
f 2671 2712 2711
f 2672 2673 2713
f 2672 2713 2712
f 2673 2674 2714
f 2673 2714 2713
f 2674 2675 2715
f 2674 2715 2714
f 2675 2676 2716
f 2675 2716 2715
f 2676 2677 2717
f 2676 2717 2716
f 2677 2678 2718
f 2677 2718 2717
f 2678 2679 2719
f 2678 2719 2718
f 2679 2680 2720
f 2679 2720 2719
f 2680 2681 2721
f 2680 2721 2720
f 2681 2682 2722
f 2681 2722 2721
f 2682 2643 2683
f 2682 2683 2722
f 2683 2684 2724
f 2683 2724 2723
f 2684 2685 2725
f 2684 2725 2724
f 2685 2686 2726
f 2685 2726 2725
f 2686 2687 2727
f 2686 2727 2726
f 2687 2688 2728
f 2687 2728 2727
f 2688 2689 2729
f 2688 2729 2728
f 2689 2690 2730
f 2689 2730 2729
f 2690 2691 2731
f 2690 2731 2730
f 2691 2692 2732
f 2691 2732 2731
f 2692 2693 2733
f 2692 2733 2732
f 2693 2694 2734
f 2693 2734 2733
f 2694 2695 2735
f 2694 2735 2734
f 2695 2696 2736
f 2695 2736 2735
f 2696 2697 2737
f 2696 2737 2736
f 2697 2698 2738
f 2697 2738 2737
f 2698 2699 2739
f 2698 2739 2738
f 2699 2700 2740
f 2699 2740 2739
f 2700 2701 2741
f 2700 2741 2740
f 2701 2702 2742
f 2701 2742 2741
f 2702 2703 2743
f 2702 2743 2742
f 2703 2704 2744
f 2703 2744 2743
f 2704 2705 2745
f 2704 2745 2744
f 2705 2706 2746
f 2705 2746 2745
f 2706 2707 2747
f 2706 2747 2746
f 2707 2708 2748
f 2707 2748 2747
f 2708 2709 2749
f 2708 2749 2748
f 2709 2710 2750
f 2709 2750 2749
f 2710 2711 2751
f 2710 2751 2750
f 2711 2712 2752
f 2711 2752 2751
f 2712 2713 2753
f 2712 2753 2752
f 2713 2714 2754
f 2713 2754 2753
f 2714 2715 2755
f 2714 2755 2754
f 2715 2716 2756
f 2715 2756 2755
f 2716 2717 2757
f 2716 2757 2756
f 2717 2718 2758
f 2717 2758 2757
f 2718 2719 2759
f 2718 2759 2758
f 2719 2720 2760
f 2719 2760 2759
f 2720 2721 2761
f 2720 2761 2760
f 2721 2722 2762
f 2721 2762 2761
f 2722 2683 2723
f 2722 2723 2762
f 2723 2724 2764
f 2723 2764 2763
f 2724 2725 2765
f 2724 2765 2764
f 2725 2726 2766
f 2725 2766 2765
f 2726 2727 2767
f 2726 2767 2766
f 2727 2728 2768
f 2727 2768 2767
f 2728 2729 2769
f 2728 2769 2768
f 2729 2730 2770
f 2729 2770 2769
f 2730 2731 2771
f 2730 2771 2770
f 2731 2732 2772
f 2731 2772 2771
f 2732 2733 2773
f 2732 2773 2772
f 2733 2734 2774
f 2733 2774 2773
f 2734 2735 2775
f 2734 2775 2774
f 2735 2736 2776
f 2735 2776 2775
f 2736 2737 2777
f 2736 2777 2776
f 2737 2738 2778
f 2737 2778 2777
f 2738 2739 2779
f 2738 2779 2778
f 2739 2740 2780
f 2739 2780 2779
f 2740 2741 2781
f 2740 2781 2780
f 2741 2742 2782
f 2741 2782 2781
f 2742 2743 2783
f 2742 2783 2782
f 2743 2744 2784
f 2743 2784 2783
f 2744 2745 2785
f 2744 2785 2784
f 2745 2746 2786
f 2745 2786 2785
f 2746 2747 2787
f 2746 2787 2786
f 2747 2748 2788
f 2747 2788 2787
f 2748 2749 2789
f 2748 2789 2788
f 2749 2750 2790
f 2749 2790 2789
f 2750 2751 2791
f 2750 2791 2790
f 2751 2752 2792
f 2751 2792 2791
f 2752 2753 2793
f 2752 2793 2792
f 2753 2754 2794
f 2753 2794 2793
f 2754 2755 2795
f 2754 2795 2794
f 2755 2756 2796
f 2755 2796 2795
f 2756 2757 2797
f 2756 2797 2796
f 2757 2758 2798
f 2757 2798 2797
f 2758 2759 2799
f 2758 2799 2798
f 2759 2760 2800
f 2759 2800 2799
f 2760 2761 2801
f 2760 2801 2800
f 2761 2762 2802
f 2761 2802 2801
f 2762 2723 2763
f 2762 2763 2802
f 2803 2844 2843
f 2804 2845 2844
f 2805 2846 2845
f 2806 2847 2846
f 2807 2848 2847
f 2808 2849 2848
f 2809 2850 2849
f 2810 2851 2850
f 2811 2852 2851
f 2812 2853 2852
f 2813 2854 2853
f 2814 2855 2854
f 2815 2856 2855
f 2816 2857 2856
f 2817 2858 2857
f 2818 2859 2858
f 2819 2860 2859
f 2820 2861 2860
f 2821 2862 2861
f 2822 2863 2862
f 2823 2864 2863
f 2824 2865 2864
f 2825 2866 2865
f 2826 2867 2866
f 2827 2868 2867
f 2828 2869 2868
f 2829 2870 2869
f 2830 2871 2870
f 2831 2872 2871
f 2832 2873 2872
f 2833 2874 2873
f 2834 2875 2874
f 2835 2876 2875
f 2836 2877 2876
f 2837 2878 2877
f 2838 2879 2878
f 2839 2880 2879
f 2840 2881 2880
f 2841 2882 2881
f 2842 2843 2882
f 2843 2844 2884
f 2843 2884 2883
f 2844 2845 2885
f 2844 2885 2884
f 2845 2846 2886
f 2845 2886 2885
f 2846 2847 2887
f 2846 2887 2886
f 2847 2848 2888
f 2847 2888 2887
f 2848 2849 2889
f 2848 2889 2888
f 2849 2850 2890
f 2849 2890 2889
f 2850 2851 2891
f 2850 2891 2890
f 2851 2852 2892
f 2851 2892 2891
f 2852 2853 2893
f 2852 2893 2892
f 2853 2854 2894
f 2853 2894 2893
f 2854 2855 2895
f 2854 2895 2894
f 2855 2856 2896
f 2855 2896 2895
f 2856 2857 2897
f 2856 2897 2896
f 2857 2858 2898
f 2857 2898 2897
f 2858 2859 2899
f 2858 2899 2898
f 2859 2860 2900
f 2859 2900 2899
f 2860 2861 2901
f 2860 2901 2900
f 2861 2862 2902
f 2861 2902 2901
f 2862 2863 2903
f 2862 2903 2902
f 2863 2864 2904
f 2863 2904 2903
f 2864 2865 2905
f 2864 2905 2904
f 2865 2866 2906
f 2865 2906 2905
f 2866 2867 2907
f 2866 2907 2906
f 2867 2868 2908
f 2867 2908 2907
f 2868 2869 2909
f 2868 2909 2908
f 2869 2870 2910
f 2869 2910 2909
f 2870 2871 2911
f 2870 2911 2910
f 2871 2872 2912
f 2871 2912 2911
f 2872 2873 2913
f 2872 2913 2912
f 2873 2874 2914
f 2873 2914 2913
f 2874 2875 2915
f 2874 2915 2914
f 2875 2876 2916
f 2875 2916 2915
f 2876 2877 2917
f 2876 2917 2916
f 2877 2878 2918
f 2877 2918 2917
f 2878 2879 2919
f 2878 2919 2918
f 2879 2880 2920
f 2879 2920 2919
f 2880 2881 2921
f 2880 2921 2920
f 2881 2882 2922
f 2881 2922 2921
f 2882 2843 2883
f 2882 2883 2922
f 2883 2884 2924
f 2883 2924 2923
f 2884 2885 2925
f 2884 2925 2924
f 2885 2886 2926
f 2885 2926 2925
f 2886 2887 2927
f 2886 2927 2926
f 2887 2888 2928
f 2887 2928 2927
f 2888 2889 2929
f 2888 2929 2928
f 2889 2890 2930
f 2889 2930 2929
f 2890 2891 2931
f 2890 2931 2930
f 2891 2892 2932
f 2891 2932 2931
f 2892 2893 2933
f 2892 2933 2932
f 2893 2894 2934
f 2893 2934 2933
f 2894 2895 2935
f 2894 2935 2934
f 2895 2896 2936
f 2895 2936 2935
f 2896 2897 2937
f 2896 2937 2936
f 2897 2898 2938
f 2897 2938 2937
f 2898 2899 2939
f 2898 2939 2938
f 2899 2900 2940
f 2899 2940 2939
f 2900 2901 2941
f 2900 2941 2940
f 2901 2902 2942
f 2901 2942 2941
f 2902 2903 2943
f 2902 2943 2942
f 2903 2904 2944
f 2903 2944 2943
f 2904 2905 2945
f 2904 2945 2944
f 2905 2906 2946
f 2905 2946 2945
f 2906 2907 2947
f 2906 2947 2946
f 2907 2908 2948
f 2907 2948 2947
f 2908 2909 2949
f 2908 2949 2948
f 2909 2910 2950
f 2909 2950 2949
f 2910 2911 2951
f 2910 2951 2950
f 2911 2912 2952
f 2911 2952 2951
f 2912 2913 2953
f 2912 2953 2952
f 2913 2914 2954
f 2913 2954 2953
f 2914 2915 2955
f 2914 2955 2954
f 2915 2916 2956
f 2915 2956 2955
f 2916 2917 2957
f 2916 2957 2956
f 2917 2918 2958
f 2917 2958 2957
f 2918 2919 2959
f 2918 2959 2958
f 2919 2920 2960
f 2919 2960 2959
f 2920 2921 2961
f 2920 2961 2960
f 2921 2922 2962
f 2921 2962 2961
f 2922 2883 2923
f 2922 2923 2962
f 2923 2924 2964
f 2923 2964 2963
f 2924 2925 2965
f 2924 2965 2964
f 2925 2926 2966
f 2925 2966 2965
f 2926 2927 2967
f 2926 2967 2966
f 2927 2928 2968
f 2927 2968 2967
f 2928 2929 2969
f 2928 2969 2968
f 2929 2930 2970
f 2929 2970 2969
f 2930 2931 2971
f 2930 2971 2970
f 2931 2932 2972
f 2931 2972 2971
f 2932 2933 2973
f 2932 2973 2972
f 2933 2934 2974
f 2933 2974 2973
f 2934 2935 2975
f 2934 2975 2974
f 2935 2936 2976
f 2935 2976 2975
f 2936 2937 2977
f 2936 2977 2976
f 2937 2938 2978
f 2937 2978 2977
f 2938 2939 2979
f 2938 2979 2978
f 2939 2940 2980
f 2939 2980 2979
f 2940 2941 2981
f 2940 2981 2980
f 2941 2942 2982
f 2941 2982 2981
f 2942 2943 2983
f 2942 2983 2982
f 2943 2944 2984
f 2943 2984 2983
f 2944 2945 2985
f 2944 2985 2984
f 2945 2946 2986
f 2945 2986 2985
f 2946 2947 2987
f 2946 2987 2986
f 2947 2948 2988
f 2947 2988 2987
f 2948 2949 2989
f 2948 2989 2988
f 2949 2950 2990
f 2949 2990 2989
f 2950 2951 2991
f 2950 2991 2990
f 2951 2952 2992
f 2951 2992 2991
f 2952 2953 2993
f 2952 2993 2992
f 2953 2954 2994
f 2953 2994 2993
f 2954 2955 2995
f 2954 2995 2994
f 2955 2956 2996
f 2955 2996 2995
f 2956 2957 2997
f 2956 2997 2996
f 2957 2958 2998
f 2957 2998 2997
f 2958 2959 2999
f 2958 2999 2998
f 2959 2960 3000
f 2959 3000 2999
f 2960 2961 3001
f 2960 3001 3000
f 2961 2962 3002
f 2961 3002 3001
f 2962 2923 2963
f 2962 2963 3002
f 2963 2964 3004
f 2963 3004 3003
f 2964 2965 3005
f 2964 3005 3004
f 2965 2966 3006
f 2965 3006 3005
f 2966 2967 3007
f 2966 3007 3006
f 2967 2968 3008
f 2967 3008 3007
f 2968 2969 3009
f 2968 3009 3008
f 2969 2970 3010
f 2969 3010 3009
f 2970 2971 3011
f 2970 3011 3010
f 2971 2972 3012
f 2971 3012 3011
f 2972 2973 3013
f 2972 3013 3012
f 2973 2974 3014
f 2973 3014 3013
f 2974 2975 3015
f 2974 3015 3014
f 2975 2976 3016
f 2975 3016 3015
f 2976 2977 3017
f 2976 3017 3016
f 2977 2978 3018
f 2977 3018 3017
f 2978 2979 3019
f 2978 3019 3018
f 2979 2980 3020
f 2979 3020 3019
f 2980 2981 3021
f 2980 3021 3020
f 2981 2982 3022
f 2981 3022 3021
f 2982 2983 3023
f 2982 3023 3022
f 2983 2984 3024
f 2983 3024 3023
f 2984 2985 3025
f 2984 3025 3024
f 2985 2986 3026
f 2985 3026 3025
f 2986 2987 3027
f 2986 3027 3026
f 2987 2988 3028
f 2987 3028 3027
f 2988 2989 3029
f 2988 3029 3028
f 2989 2990 3030
f 2989 3030 3029
f 2990 2991 3031
f 2990 3031 3030
f 2991 2992 3032
f 2991 3032 3031
f 2992 2993 3033
f 2992 3033 3032
f 2993 2994 3034
f 2993 3034 3033
f 2994 2995 3035
f 2994 3035 3034
f 2995 2996 3036
f 2995 3036 3035
f 2996 2997 3037
f 2996 3037 3036
f 2997 2998 3038
f 2997 3038 3037
f 2998 2999 3039
f 2998 3039 3038
f 2999 3000 3040
f 2999 3040 3039
f 3000 3001 3041
f 3000 3041 3040
f 3001 3002 3042
f 3001 3042 3041
f 3002 2963 3003
f 3002 3003 3042
f 3003 3004 3044
f 3003 3044 3043
f 3004 3005 3045
f 3004 3045 3044
f 3005 3006 3046
f 3005 3046 3045
f 3006 3007 3047
f 3006 3047 3046
f 3007 3008 3048
f 3007 3048 3047
f 3008 3009 3049
f 3008 3049 3048
f 3009 3010 3050
f 3009 3050 3049
f 3010 3011 3051
f 3010 3051 3050
f 3011 3012 3052
f 3011 3052 3051
f 3012 3013 3053
f 3012 3053 3052
f 3013 3014 3054
f 3013 3054 3053
f 3014 3015 3055
f 3014 3055 3054
f 3015 3016 3056
f 3015 3056 3055
f 3016 3017 3057
f 3016 3057 3056
f 3017 3018 3058
f 3017 3058 3057
f 3018 3019 3059
f 3018 3059 3058
f 3019 3020 3060
f 3019 3060 3059
f 3020 3021 3061
f 3020 3061 3060
f 3021 3022 3062
f 3021 3062 3061
f 3022 3023 3063
f 3022 3063 3062
f 3023 3024 3064
f 3023 3064 3063
f 3024 3025 3065
f 3024 3065 3064
f 3025 3026 3066
f 3025 3066 3065
f 3026 3027 3067
f 3026 3067 3066
f 3027 3028 3068
f 3027 3068 3067
f 3028 3029 3069
f 3028 3069 3068
f 3029 3030 3070
f 3029 3070 3069
f 3030 3031 3071
f 3030 3071 3070
f 3031 3032 3072
f 3031 3072 3071
f 3032 3033 3073
f 3032 3073 3072
f 3033 3034 3074
f 3033 3074 3073
f 3034 3035 3075
f 3034 3075 3074
f 3035 3036 3076
f 3035 3076 3075
f 3036 3037 3077
f 3036 3077 3076
f 3037 3038 3078
f 3037 3078 3077
f 3038 3039 3079
f 3038 3079 3078
f 3039 3040 3080
f 3039 3080 3079
f 3040 3041 3081
f 3040 3081 3080
f 3041 3042 3082
f 3041 3082 3081
f 3042 3003 3043
f 3042 3043 3082
f 3043 3044 3084
f 3043 3084 3083
f 3044 3045 3085
f 3044 3085 3084
f 3045 3046 3086
f 3045 3086 3085
f 3046 3047 3087
f 3046 3087 3086
f 3047 3048 3088
f 3047 3088 3087
f 3048 3049 3089
f 3048 3089 3088
f 3049 3050 3090
f 3049 3090 3089
f 3050 3051 3091
f 3050 3091 3090
f 3051 3052 3092
f 3051 3092 3091
f 3052 3053 3093
f 3052 3093 3092
f 3053 3054 3094
f 3053 3094 3093
f 3054 3055 3095
f 3054 3095 3094
f 3055 3056 3096
f 3055 3096 3095
f 3056 3057 3097
f 3056 3097 3096
f 3057 3058 3098
f 3057 3098 3097
f 3058 3059 3099
f 3058 3099 3098
f 3059 3060 3100
f 3059 3100 3099
f 3060 3061 3101
f 3060 3101 3100
f 3061 3062 3102
f 3061 3102 3101
f 3062 3063 3103
f 3062 3103 3102
f 3063 3064 3104
f 3063 3104 3103
f 3064 3065 3105
f 3064 3105 3104
f 3065 3066 3106
f 3065 3106 3105
f 3066 3067 3107
f 3066 3107 3106
f 3067 3068 3108
f 3067 3108 3107
f 3068 3069 3109
f 3068 3109 3108
f 3069 3070 3110
f 3069 3110 3109
f 3070 3071 3111
f 3070 3111 3110
f 3071 3072 3112
f 3071 3112 3111
f 3072 3073 3113
f 3072 3113 3112
f 3073 3074 3114
f 3073 3114 3113
f 3074 3075 3115
f 3074 3115 3114
f 3075 3076 3116
f 3075 3116 3115
f 3076 3077 3117
f 3076 3117 3116
f 3077 3078 3118
f 3077 3118 3117
f 3078 3079 3119
f 3078 3119 3118
f 3079 3080 3120
f 3079 3120 3119
f 3080 3081 3121
f 3080 3121 3120
f 3081 3082 3122
f 3081 3122 3121
f 3082 3043 3083
f 3082 3083 3122
f 3083 3084 3124
f 3083 3124 3123
f 3084 3085 3125
f 3084 3125 3124
f 3085 3086 3126
f 3085 3126 3125
f 3086 3087 3127
f 3086 3127 3126
f 3087 3088 3128
f 3087 3128 3127
f 3088 3089 3129
f 3088 3129 3128
f 3089 3090 3130
f 3089 3130 3129
f 3090 3091 3131
f 3090 3131 3130
f 3091 3092 3132
f 3091 3132 3131
f 3092 3093 3133
f 3092 3133 3132
f 3093 3094 3134
f 3093 3134 3133
f 3094 3095 3135
f 3094 3135 3134
f 3095 3096 3136
f 3095 3136 3135
f 3096 3097 3137
f 3096 3137 3136
f 3097 3098 3138
f 3097 3138 3137
f 3098 3099 3139
f 3098 3139 3138
f 3099 3100 3140
f 3099 3140 3139
f 3100 3101 3141
f 3100 3141 3140
f 3101 3102 3142
f 3101 3142 3141
f 3102 3103 3143
f 3102 3143 3142
f 3103 3104 3144
f 3103 3144 3143
f 3104 3105 3145
f 3104 3145 3144
f 3105 3106 3146
f 3105 3146 3145
f 3106 3107 3147
f 3106 3147 3146
f 3107 3108 3148
f 3107 3148 3147
f 3108 3109 3149
f 3108 3149 3148
f 3109 3110 3150
f 3109 3150 3149
f 3110 3111 3151
f 3110 3151 3150
f 3111 3112 3152
f 3111 3152 3151
f 3112 3113 3153
f 3112 3153 3152
f 3113 3114 3154
f 3113 3154 3153
f 3114 3115 3155
f 3114 3155 3154
f 3115 3116 3156
f 3115 3156 3155
f 3116 3117 3157
f 3116 3157 3156
f 3117 3118 3158
f 3117 3158 3157
f 3118 3119 3159
f 3118 3159 3158
f 3119 3120 3160
f 3119 3160 3159
f 3120 3121 3161
f 3120 3161 3160
f 3121 3122 3162
f 3121 3162 3161
f 3122 3083 3123
f 3122 3123 3162
f 3123 3124 3164
f 3123 3164 3163
f 3124 3125 3165
f 3124 3165 3164
f 3125 3126 3166
f 3125 3166 3165
f 3126 3127 3167
f 3126 3167 3166
f 3127 3128 3168
f 3127 3168 3167
f 3128 3129 3169
f 3128 3169 3168
f 3129 3130 3170
f 3129 3170 3169
f 3130 3131 3171
f 3130 3171 3170
f 3131 3132 3172
f 3131 3172 3171
f 3132 3133 3173
f 3132 3173 3172
f 3133 3134 3174
f 3133 3174 3173
f 3134 3135 3175
f 3134 3175 3174
f 3135 3136 3176
f 3135 3176 3175
f 3136 3137 3177
f 3136 3177 3176
f 3137 3138 3178
f 3137 3178 3177
f 3138 3139 3179
f 3138 3179 3178
f 3139 3140 3180
f 3139 3180 3179
f 3140 3141 3181
f 3140 3181 3180
f 3141 3142 3182
f 3141 3182 3181
f 3142 3143 3183
f 3142 3183 3182
f 3143 3144 3184
f 3143 3184 3183
f 3144 3145 3185
f 3144 3185 3184
f 3145 3146 3186
f 3145 3186 3185
f 3146 3147 3187
f 3146 3187 3186
f 3147 3148 3188
f 3147 3188 3187
f 3148 3149 3189
f 3148 3189 3188
f 3149 3150 3190
f 3149 3190 3189
f 3150 3151 3191
f 3150 3191 3190
f 3151 3152 3192
f 3151 3192 3191
f 3152 3153 3193
f 3152 3193 3192
f 3153 3154 3194
f 3153 3194 3193
f 3154 3155 3195
f 3154 3195 3194
f 3155 3156 3196
f 3155 3196 3195
f 3156 3157 3197
f 3156 3197 3196
f 3157 3158 3198
f 3157 3198 3197
f 3158 3159 3199
f 3158 3199 3198
f 3159 3160 3200
f 3159 3200 3199
f 3160 3161 3201
f 3160 3201 3200
f 3161 3162 3202
f 3161 3202 3201
f 3162 3123 3163
f 3162 3163 3202
f 3163 3164 3204
f 3163 3204 3203
f 3164 3165 3205
f 3164 3205 3204
f 3165 3166 3206
f 3165 3206 3205
f 3166 3167 3207
f 3166 3207 3206
f 3167 3168 3208
f 3167 3208 3207
f 3168 3169 3209
f 3168 3209 3208
f 3169 3170 3210
f 3169 3210 3209
f 3170 3171 3211
f 3170 3211 3210
f 3171 3172 3212
f 3171 3212 3211
f 3172 3173 3213
f 3172 3213 3212
f 3173 3174 3214
f 3173 3214 3213
f 3174 3175 3215
f 3174 3215 3214
f 3175 3176 3216
f 3175 3216 3215
f 3176 3177 3217
f 3176 3217 3216
f 3177 3178 3218
f 3177 3218 3217
f 3178 3179 3219
f 3178 3219 3218
f 3179 3180 3220
f 3179 3220 3219
f 3180 3181 3221
f 3180 3221 3220
f 3181 3182 3222
f 3181 3222 3221
f 3182 3183 3223
f 3182 3223 3222
f 3183 3184 3224
f 3183 3224 3223
f 3184 3185 3225
f 3184 3225 3224
f 3185 3186 3226
f 3185 3226 3225
f 3186 3187 3227
f 3186 3227 3226
f 3187 3188 3228
f 3187 3228 3227
f 3188 3189 3229
f 3188 3229 3228
f 3189 3190 3230
f 3189 3230 3229
f 3190 3191 3231
f 3190 3231 3230
f 3191 3192 3232
f 3191 3232 3231
f 3192 3193 3233
f 3192 3233 3232
f 3193 3194 3234
f 3193 3234 3233
f 3194 3195 3235
f 3194 3235 3234
f 3195 3196 3236
f 3195 3236 3235
f 3196 3197 3237
f 3196 3237 3236
f 3197 3198 3238
f 3197 3238 3237
f 3198 3199 3239
f 3198 3239 3238
f 3199 3200 3240
f 3199 3240 3239
f 3200 3201 3241
f 3200 3241 3240
f 3201 3202 3242
f 3201 3242 3241
f 3202 3163 3203
f 3202 3203 3242
f 3203 3204 3244
f 3203 3244 3243
f 3204 3205 3245
f 3204 3245 3244
f 3205 3206 3246
f 3205 3246 3245
f 3206 3207 3247
f 3206 3247 3246
f 3207 3208 3248
f 3207 3248 3247
f 3208 3209 3249
f 3208 3249 3248
f 3209 3210 3250
f 3209 3250 3249
f 3210 3211 3251
f 3210 3251 3250
f 3211 3212 3252
f 3211 3252 3251
f 3212 3213 3253
f 3212 3253 3252
f 3213 3214 3254
f 3213 3254 3253
f 3214 3215 3255
f 3214 3255 3254
f 3215 3216 3256
f 3215 3256 3255
f 3216 3217 3257
f 3216 3257 3256
f 3217 3218 3258
f 3217 3258 3257
f 3218 3219 3259
f 3218 3259 3258
f 3219 3220 3260
f 3219 3260 3259
f 3220 3221 3261
f 3220 3261 3260
f 3221 3222 3262
f 3221 3262 3261
f 3222 3223 3263
f 3222 3263 3262
f 3223 3224 3264
f 3223 3264 3263
f 3224 3225 3265
f 3224 3265 3264
f 3225 3226 3266
f 3225 3266 3265
f 3226 3227 3267
f 3226 3267 3266
f 3227 3228 3268
f 3227 3268 3267
f 3228 3229 3269
f 3228 3269 3268
f 3229 3230 3270
f 3229 3270 3269
f 3230 3231 3271
f 3230 3271 3270
f 3231 3232 3272
f 3231 3272 3271
f 3232 3233 3273
f 3232 3273 3272
f 3233 3234 3274
f 3233 3274 3273
f 3234 3235 3275
f 3234 3275 3274
f 3235 3236 3276
f 3235 3276 3275
f 3236 3237 3277
f 3236 3277 3276
f 3237 3238 3278
f 3237 3278 3277
f 3238 3239 3279
f 3238 3279 3278
f 3239 3240 3280
f 3239 3280 3279
f 3240 3241 3281
f 3240 3281 3280
f 3241 3242 3282
f 3241 3282 3281
f 3242 3203 3243
f 3242 3243 3282
f 3283 3284 3285
f 3283 3285 3286
f 3287 3289 3288
f 3287 3290 3289
f 3283 3287 3288
f 3283 3288 3284
f 3284 3288 3289
f 3284 3289 3285
f 3285 3289 3290
f 3285 3290 3286
f 3286 3290 3287
f 3286 3287 3283
f 3291 3292 3293
f 3291 3293 3294
f 3295 3297 3296
f 3295 3298 3297
f 3291 3295 3296
f 3291 3296 3292
f 3292 3296 3297
f 3292 3297 3293
f 3293 3297 3298
f 3293 3298 3294
f 3294 3298 3295
f 3294 3295 3291
f 3299 3300 3301
f 3299 3301 3302
f 3303 3305 3304
f 3303 3306 3305
f 3299 3303 3304
f 3299 3304 3300
f 3300 3304 3305
f 3300 3305 3301
f 3301 3305 3306
f 3301 3306 3302
f 3302 3306 3303
f 3302 3303 3299
f 3307 3308 3309
f 3307 3309 3310
f 3311 3313 3312
f 3311 3314 3313
f 3307 3311 3312
f 3307 3312 3308
f 3308 3312 3313
f 3308 3313 3309
f 3309 3313 3314
f 3309 3314 3310
f 3310 3314 3311
f 3310 3311 3307
f 3315 3317 3318
f 3315 3318 3316
f 3317 3319 3320
f 3317 3320 3318
f 3319 3321 3322
f 3319 3322 3320
f 3321 3323 3324
f 3321 3324 3322
f 3323 3325 3326
f 3323 3326 3324
f 3325 3327 3328
f 3325 3328 3326
f 3327 3329 3330
f 3327 3330 3328
f 3329 3331 3332
f 3329 3332 3330
f 3331 3333 3334
f 3331 3334 3332
f 3333 3335 3336
f 3333 3336 3334
f 3335 3337 3338
f 3335 3338 3336
f 3337 3339 3340
f 3337 3340 3338
f 3339 3341 3342
f 3339 3342 3340
f 3341 3343 3344
f 3341 3344 3342
f 3343 3345 3346
f 3343 3346 3344
f 3345 3347 3348
f 3345 3348 3346
f 3347 3349 3350
f 3347 3350 3348
f 3349 3351 3352
f 3349 3352 3350
f 3351 3353 3354
f 3351 3354 3352
f 3353 3315 3316
f 3353 3316 3354
f 3355 3317 3315
f 3356 3316 3318
f 3355 3319 3317
f 3356 3318 3320
f 3355 3321 3319
f 3356 3320 3322
f 3355 3323 3321
f 3356 3322 3324
f 3355 3325 3323
f 3356 3324 3326
f 3355 3327 3325
f 3356 3326 3328
f 3355 3329 3327
f 3356 3328 3330
f 3355 3331 3329
f 3356 3330 3332
f 3355 3333 3331
f 3356 3332 3334
f 3355 3335 3333
f 3356 3334 3336
f 3355 3337 3335
f 3356 3336 3338
f 3355 3339 3337
f 3356 3338 3340
f 3355 3341 3339
f 3356 3340 3342
f 3355 3343 3341
f 3356 3342 3344
f 3355 3345 3343
f 3356 3344 3346
f 3355 3347 3345
f 3356 3346 3348
f 3355 3349 3347
f 3356 3348 3350
f 3355 3351 3349
f 3356 3350 3352
f 3355 3353 3351
f 3356 3352 3354
f 3355 3315 3353
f 3356 3354 3316
f 3357 3365 3366
f 3357 3366 3358
f 3358 3366 3367
f 3358 3367 3359
f 3359 3367 3368
f 3359 3368 3360
f 3360 3368 3369
f 3360 3369 3361
f 3361 3369 3370
f 3361 3370 3362
f 3362 3370 3371
f 3362 3371 3363
f 3363 3371 3372
f 3363 3372 3364
f 3364 3372 3365
f 3364 3365 3357
f 3365 3373 3374
f 3365 3374 3366
f 3366 3374 3375
f 3366 3375 3367
f 3367 3375 3376
f 3367 3376 3368
f 3368 3376 3377
f 3368 3377 3369
f 3369 3377 3378
f 3369 3378 3370
f 3370 3378 3379
f 3370 3379 3371
f 3371 3379 3380
f 3371 3380 3372
f 3372 3380 3373
f 3372 3373 3365
f 3373 3381 3382
f 3373 3382 3374
f 3374 3382 3383
f 3374 3383 3375
f 3375 3383 3384
f 3375 3384 3376
f 3376 3384 3385
f 3376 3385 3377
f 3377 3385 3386
f 3377 3386 3378
f 3378 3386 3387
f 3378 3387 3379
f 3379 3387 3388
f 3379 3388 3380
f 3380 3388 3381
f 3380 3381 3373
f 3381 3389 3390
f 3381 3390 3382
f 3382 3390 3391
f 3382 3391 3383
f 3383 3391 3392
f 3383 3392 3384
f 3384 3392 3393
f 3384 3393 3385
f 3385 3393 3394
f 3385 3394 3386
f 3386 3394 3395
f 3386 3395 3387
f 3387 3395 3396
f 3387 3396 3388
f 3388 3396 3389
f 3388 3389 3381
f 3389 3397 3398
f 3389 3398 3390
f 3390 3398 3399
f 3390 3399 3391
f 3391 3399 3400
f 3391 3400 3392
f 3392 3400 3401
f 3392 3401 3393
f 3393 3401 3402
f 3393 3402 3394
f 3394 3402 3403
f 3394 3403 3395
f 3395 3403 3404
f 3395 3404 3396
f 3396 3404 3397
f 3396 3397 3389
f 3397 3405 3406
f 3397 3406 3398
f 3398 3406 3407
f 3398 3407 3399
f 3399 3407 3408
f 3399 3408 3400
f 3400 3408 3409
f 3400 3409 3401
f 3401 3409 3410
f 3401 3410 3402
f 3402 3410 3411
f 3402 3411 3403
f 3403 3411 3412
f 3403 3412 3404
f 3404 3412 3405
f 3404 3405 3397
f 3405 3413 3414
f 3405 3414 3406
f 3406 3414 3415
f 3406 3415 3407
f 3407 3415 3416
f 3407 3416 3408
f 3408 3416 3417
f 3408 3417 3409
f 3409 3417 3418
f 3409 3418 3410
f 3410 3418 3419
f 3410 3419 3411
f 3411 3419 3420
f 3411 3420 3412
f 3412 3420 3413
f 3412 3413 3405
f 3413 3421 3422
f 3413 3422 3414
f 3414 3422 3423
f 3414 3423 3415
f 3415 3423 3424
f 3415 3424 3416
f 3416 3424 3425
f 3416 3425 3417
f 3417 3425 3426
f 3417 3426 3418
f 3418 3426 3427
f 3418 3427 3419
f 3419 3427 3428
f 3419 3428 3420
f 3420 3428 3421
f 3420 3421 3413
f 3421 3429 3430
f 3421 3430 3422
f 3422 3430 3431
f 3422 3431 3423
f 3423 3431 3432
f 3423 3432 3424
f 3424 3432 3433
f 3424 3433 3425
f 3425 3433 3434
f 3425 3434 3426
f 3426 3434 3435
f 3426 3435 3427
f 3427 3435 3436
f 3427 3436 3428
f 3428 3436 3429
f 3428 3429 3421
f 3429 3437 3438
f 3429 3438 3430
f 3430 3438 3439
f 3430 3439 3431
f 3431 3439 3440
f 3431 3440 3432
f 3432 3440 3441
f 3432 3441 3433
f 3433 3441 3442
f 3433 3442 3434
f 3434 3442 3443
f 3434 3443 3435
f 3435 3443 3444
f 3435 3444 3436
f 3436 3444 3437
f 3436 3437 3429
f 3437 3445 3446
f 3437 3446 3438
f 3438 3446 3447
f 3438 3447 3439
f 3439 3447 3448
f 3439 3448 3440
f 3440 3448 3449
f 3440 3449 3441
f 3441 3449 3450
f 3441 3450 3442
f 3442 3450 3451
f 3442 3451 3443
f 3443 3451 3452
f 3443 3452 3444
f 3444 3452 3445
f 3444 3445 3437
f 3445 3453 3454
f 3445 3454 3446
f 3446 3454 3455
f 3446 3455 3447
f 3447 3455 3456
f 3447 3456 3448
f 3448 3456 3457
f 3448 3457 3449
f 3449 3457 3458
f 3449 3458 3450
f 3450 3458 3459
f 3450 3459 3451
f 3451 3459 3460
f 3451 3460 3452
f 3452 3460 3453
f 3452 3453 3445
f 3453 3461 3462
f 3453 3462 3454
f 3454 3462 3463
f 3454 3463 3455
f 3455 3463 3464
f 3455 3464 3456
f 3456 3464 3465
f 3456 3465 3457
f 3457 3465 3466
f 3457 3466 3458
f 3458 3466 3467
f 3458 3467 3459
f 3459 3467 3468
f 3459 3468 3460
f 3460 3468 3461
f 3460 3461 3453
f 3461 3469 3470
f 3461 3470 3462
f 3462 3470 3471
f 3462 3471 3463
f 3463 3471 3472
f 3463 3472 3464
f 3464 3472 3473
f 3464 3473 3465
f 3465 3473 3474
f 3465 3474 3466
f 3466 3474 3475
f 3466 3475 3467
f 3467 3475 3476
f 3467 3476 3468
f 3468 3476 3469
f 3468 3469 3461
f 3469 3477 3478
f 3469 3478 3470
f 3470 3478 3479
f 3470 3479 3471
f 3471 3479 3480
f 3471 3480 3472
f 3472 3480 3481
f 3472 3481 3473
f 3473 3481 3482
f 3473 3482 3474
f 3474 3482 3483
f 3474 3483 3475
f 3475 3483 3484
f 3475 3484 3476
f 3476 3484 3477
f 3476 3477 3469
f 3477 3485 3486
f 3477 3486 3478
f 3478 3486 3487
f 3478 3487 3479
f 3479 3487 3488
f 3479 3488 3480
f 3480 3488 3489
f 3480 3489 3481
f 3481 3489 3490
f 3481 3490 3482
f 3482 3490 3491
f 3482 3491 3483
f 3483 3491 3492
f 3483 3492 3484
f 3484 3492 3485
f 3484 3485 3477
f 3485 3493 3494
f 3485 3494 3486
f 3486 3494 3495
f 3486 3495 3487
f 3487 3495 3496
f 3487 3496 3488
f 3488 3496 3497
f 3488 3497 3489
f 3489 3497 3498
f 3489 3498 3490
f 3490 3498 3499
f 3490 3499 3491
f 3491 3499 3500
f 3491 3500 3492
f 3492 3500 3493
f 3492 3493 3485
f 3493 3357 3358
f 3493 3358 3494
f 3494 3358 3359
f 3494 3359 3495
f 3495 3359 3360
f 3495 3360 3496
f 3496 3360 3361
f 3496 3361 3497
f 3497 3361 3362
f 3497 3362 3498
f 3498 3362 3363
f 3498 3363 3499
f 3499 3363 3364
f 3499 3364 3500
f 3500 3364 3357
f 3500 3357 3493
f 3501 3503 3504
f 3501 3504 3502
f 3503 3505 3506
f 3503 3506 3504
f 3505 3507 3508
f 3505 3508 3506
f 3507 3509 3510
f 3507 3510 3508
f 3509 3511 3512
f 3509 3512 3510
f 3511 3513 3514
f 3511 3514 3512
f 3513 3515 3516
f 3513 3516 3514
f 3515 3517 3518
f 3515 3518 3516
f 3517 3519 3520
f 3517 3520 3518
f 3519 3521 3522
f 3519 3522 3520
f 3521 3523 3524
f 3521 3524 3522
f 3523 3525 3526
f 3523 3526 3524
f 3525 3527 3528
f 3525 3528 3526
f 3527 3529 3530
f 3527 3530 3528
f 3529 3531 3532
f 3529 3532 3530
f 3531 3501 3502
f 3531 3502 3532
f 3533 3503 3501
f 3534 3502 3504
f 3533 3505 3503
f 3534 3504 3506
f 3533 3507 3505
f 3534 3506 3508
f 3533 3509 3507
f 3534 3508 3510
f 3533 3511 3509
f 3534 3510 3512
f 3533 3513 3511
f 3534 3512 3514
f 3533 3515 3513
f 3534 3514 3516
f 3533 3517 3515
f 3534 3516 3518
f 3533 3519 3517
f 3534 3518 3520
f 3533 3521 3519
f 3534 3520 3522
f 3533 3523 3521
f 3534 3522 3524
f 3533 3525 3523
f 3534 3524 3526
f 3533 3527 3525
f 3534 3526 3528
f 3533 3529 3527
f 3534 3528 3530
f 3533 3531 3529
f 3534 3530 3532
f 3533 3501 3531
f 3534 3532 3502
f 3535 3537 3538
f 3535 3538 3536
f 3537 3539 3540
f 3537 3540 3538
f 3539 3541 3542
f 3539 3542 3540
f 3541 3543 3544
f 3541 3544 3542
f 3543 3545 3546
f 3543 3546 3544
f 3545 3547 3548
f 3545 3548 3546
f 3547 3549 3550
f 3547 3550 3548
f 3549 3551 3552
f 3549 3552 3550
f 3551 3553 3554
f 3551 3554 3552
f 3553 3555 3556
f 3553 3556 3554
f 3555 3557 3558
f 3555 3558 3556
f 3557 3559 3560
f 3557 3560 3558
f 3559 3561 3562
f 3559 3562 3560
f 3561 3563 3564
f 3561 3564 3562
f 3563 3565 3566
f 3563 3566 3564
f 3565 3535 3536
f 3565 3536 3566
f 3567 3537 3535
f 3568 3536 3538
f 3567 3539 3537
f 3568 3538 3540
f 3567 3541 3539
f 3568 3540 3542
f 3567 3543 3541
f 3568 3542 3544
f 3567 3545 3543
f 3568 3544 3546
f 3567 3547 3545
f 3568 3546 3548
f 3567 3549 3547
f 3568 3548 3550
f 3567 3551 3549
f 3568 3550 3552
f 3567 3553 3551
f 3568 3552 3554
f 3567 3555 3553
f 3568 3554 3556
f 3567 3557 3555
f 3568 3556 3558
f 3567 3559 3557
f 3568 3558 3560
f 3567 3561 3559
f 3568 3560 3562
f 3567 3563 3561
f 3568 3562 3564
f 3567 3565 3563
f 3568 3564 3566
f 3567 3535 3565
f 3568 3566 3536
f 3569 3577 3578
f 3569 3578 3570
f 3570 3578 3579
f 3570 3579 3571
f 3571 3579 3580
f 3571 3580 3572
f 3572 3580 3581
f 3572 3581 3573
f 3573 3581 3582
f 3573 3582 3574
f 3574 3582 3583
f 3574 3583 3575
f 3575 3583 3584
f 3575 3584 3576
f 3576 3584 3577
f 3576 3577 3569
f 3577 3585 3586
f 3577 3586 3578
f 3578 3586 3587
f 3578 3587 3579
f 3579 3587 3588
f 3579 3588 3580
f 3580 3588 3589
f 3580 3589 3581
f 3581 3589 3590
f 3581 3590 3582
f 3582 3590 3591
f 3582 3591 3583
f 3583 3591 3592
f 3583 3592 3584
f 3584 3592 3585
f 3584 3585 3577
f 3585 3593 3594
f 3585 3594 3586
f 3586 3594 3595
f 3586 3595 3587
f 3587 3595 3596
f 3587 3596 3588
f 3588 3596 3597
f 3588 3597 3589
f 3589 3597 3598
f 3589 3598 3590
f 3590 3598 3599
f 3590 3599 3591
f 3591 3599 3600
f 3591 3600 3592
f 3592 3600 3593
f 3592 3593 3585
f 3593 3601 3602
f 3593 3602 3594
f 3594 3602 3603
f 3594 3603 3595
f 3595 3603 3604
f 3595 3604 3596
f 3596 3604 3605
f 3596 3605 3597
f 3597 3605 3606
f 3597 3606 3598
f 3598 3606 3607
f 3598 3607 3599
f 3599 3607 3608
f 3599 3608 3600
f 3600 3608 3601
f 3600 3601 3593
f 3601 3609 3610
f 3601 3610 3602
f 3602 3610 3611
f 3602 3611 3603
f 3603 3611 3612
f 3603 3612 3604
f 3604 3612 3613
f 3604 3613 3605
f 3605 3613 3614
f 3605 3614 3606
f 3606 3614 3615
f 3606 3615 3607
f 3607 3615 3616
f 3607 3616 3608
f 3608 3616 3609
f 3608 3609 3601
f 3609 3617 3618
f 3609 3618 3610
f 3610 3618 3619
f 3610 3619 3611
f 3611 3619 3620
f 3611 3620 3612
f 3612 3620 3621
f 3612 3621 3613
f 3613 3621 3622
f 3613 3622 3614
f 3614 3622 3623
f 3614 3623 3615
f 3615 3623 3624
f 3615 3624 3616
f 3616 3624 3617
f 3616 3617 3609
f 3617 3625 3626
f 3617 3626 3618
f 3618 3626 3627
f 3618 3627 3619
f 3619 3627 3628
f 3619 3628 3620
f 3620 3628 3629
f 3620 3629 3621
f 3621 3629 3630
f 3621 3630 3622
f 3622 3630 3631
f 3622 3631 3623
f 3623 3631 3632
f 3623 3632 3624
f 3624 3632 3625
f 3624 3625 3617
f 3625 3633 3634
f 3625 3634 3626
f 3626 3634 3635
f 3626 3635 3627
f 3627 3635 3636
f 3627 3636 3628
f 3628 3636 3637
f 3628 3637 3629
f 3629 3637 3638
f 3629 3638 3630
f 3630 3638 3639
f 3630 3639 3631
f 3631 3639 3640
f 3631 3640 3632
f 3632 3640 3633
f 3632 3633 3625
f 3633 3641 3642
f 3633 3642 3634
f 3634 3642 3643
f 3634 3643 3635
f 3635 3643 3644
f 3635 3644 3636
f 3636 3644 3645
f 3636 3645 3637
f 3637 3645 3646
f 3637 3646 3638
f 3638 3646 3647
f 3638 3647 3639
f 3639 3647 3648
f 3639 3648 3640
f 3640 3648 3641
f 3640 3641 3633
f 3641 3649 3650
f 3641 3650 3642
f 3642 3650 3651
f 3642 3651 3643
f 3643 3651 3652
f 3643 3652 3644
f 3644 3652 3653
f 3644 3653 3645
f 3645 3653 3654
f 3645 3654 3646
f 3646 3654 3655
f 3646 3655 3647
f 3647 3655 3656
f 3647 3656 3648
f 3648 3656 3649
f 3648 3649 3641
f 3649 3657 3658
f 3649 3658 3650
f 3650 3658 3659
f 3650 3659 3651
f 3651 3659 3660
f 3651 3660 3652
f 3652 3660 3661
f 3652 3661 3653
f 3653 3661 3662
f 3653 3662 3654
f 3654 3662 3663
f 3654 3663 3655
f 3655 3663 3664
f 3655 3664 3656
f 3656 3664 3657
f 3656 3657 3649
f 3657 3665 3666
f 3657 3666 3658
f 3658 3666 3667
f 3658 3667 3659
f 3659 3667 3668
f 3659 3668 3660
f 3660 3668 3669
f 3660 3669 3661
f 3661 3669 3670
f 3661 3670 3662
f 3662 3670 3671
f 3662 3671 3663
f 3663 3671 3672
f 3663 3672 3664
f 3664 3672 3665
f 3664 3665 3657
f 3665 3673 3674
f 3665 3674 3666
f 3666 3674 3675
f 3666 3675 3667
f 3667 3675 3676
f 3667 3676 3668
f 3668 3676 3677
f 3668 3677 3669
f 3669 3677 3678
f 3669 3678 3670
f 3670 3678 3679
f 3670 3679 3671
f 3671 3679 3680
f 3671 3680 3672
f 3672 3680 3673
f 3672 3673 3665
f 3673 3681 3682
f 3673 3682 3674
f 3674 3682 3683
f 3674 3683 3675
f 3675 3683 3684
f 3675 3684 3676
f 3676 3684 3685
f 3676 3685 3677
f 3677 3685 3686
f 3677 3686 3678
f 3678 3686 3687
f 3678 3687 3679
f 3679 3687 3688
f 3679 3688 3680
f 3680 3688 3681
f 3680 3681 3673
f 3681 3689 3690
f 3681 3690 3682
f 3682 3690 3691
f 3682 3691 3683
f 3683 3691 3692
f 3683 3692 3684
f 3684 3692 3693
f 3684 3693 3685
f 3685 3693 3694
f 3685 3694 3686
f 3686 3694 3695
f 3686 3695 3687
f 3687 3695 3696
f 3687 3696 3688
f 3688 3696 3689
f 3688 3689 3681
f 3689 3697 3698
f 3689 3698 3690
f 3690 3698 3699
f 3690 3699 3691
f 3691 3699 3700
f 3691 3700 3692
f 3692 3700 3701
f 3692 3701 3693
f 3693 3701 3702
f 3693 3702 3694
f 3694 3702 3703
f 3694 3703 3695
f 3695 3703 3704
f 3695 3704 3696
f 3696 3704 3697
f 3696 3697 3689
f 3697 3705 3706
f 3697 3706 3698
f 3698 3706 3707
f 3698 3707 3699
f 3699 3707 3708
f 3699 3708 3700
f 3700 3708 3709
f 3700 3709 3701
f 3701 3709 3710
f 3701 3710 3702
f 3702 3710 3711
f 3702 3711 3703
f 3703 3711 3712
f 3703 3712 3704
f 3704 3712 3705
f 3704 3705 3697
f 3705 3713 3714
f 3705 3714 3706
f 3706 3714 3715
f 3706 3715 3707
f 3707 3715 3716
f 3707 3716 3708
f 3708 3716 3717
f 3708 3717 3709
f 3709 3717 3718
f 3709 3718 3710
f 3710 3718 3719
f 3710 3719 3711
f 3711 3719 3720
f 3711 3720 3712
f 3712 3720 3713
f 3712 3713 3705
f 3713 3721 3722
f 3713 3722 3714
f 3714 3722 3723
f 3714 3723 3715
f 3715 3723 3724
f 3715 3724 3716
f 3716 3724 3725
f 3716 3725 3717
f 3717 3725 3726
f 3717 3726 3718
f 3718 3726 3727
f 3718 3727 3719
f 3719 3727 3728
f 3719 3728 3720
f 3720 3728 3721
f 3720 3721 3713
f 3721 3729 3730
f 3721 3730 3722
f 3722 3730 3731
f 3722 3731 3723
f 3723 3731 3732
f 3723 3732 3724
f 3724 3732 3733
f 3724 3733 3725
f 3725 3733 3734
f 3725 3734 3726
f 3726 3734 3735
f 3726 3735 3727
f 3727 3735 3736
f 3727 3736 3728
f 3728 3736 3729
f 3728 3729 3721
f 3729 3737 3738
f 3729 3738 3730
f 3730 3738 3739
f 3730 3739 3731
f 3731 3739 3740
f 3731 3740 3732
f 3732 3740 3741
f 3732 3741 3733
f 3733 3741 3742
f 3733 3742 3734
f 3734 3742 3743
f 3734 3743 3735
f 3735 3743 3744
f 3735 3744 3736
f 3736 3744 3737
f 3736 3737 3729
f 3737 3745 3746
f 3737 3746 3738
f 3738 3746 3747
f 3738 3747 3739
f 3739 3747 3748
f 3739 3748 3740
f 3740 3748 3749
f 3740 3749 3741
f 3741 3749 3750
f 3741 3750 3742
f 3742 3750 3751
f 3742 3751 3743
f 3743 3751 3752
f 3743 3752 3744
f 3744 3752 3745
f 3744 3745 3737
f 3745 3753 3754
f 3745 3754 3746
f 3746 3754 3755
f 3746 3755 3747
f 3747 3755 3756
f 3747 3756 3748
f 3748 3756 3757
f 3748 3757 3749
f 3749 3757 3758
f 3749 3758 3750
f 3750 3758 3759
f 3750 3759 3751
f 3751 3759 3760
f 3751 3760 3752
f 3752 3760 3753
f 3752 3753 3745
f 3753 3761 3762
f 3753 3762 3754
f 3754 3762 3763
f 3754 3763 3755
f 3755 3763 3764
f 3755 3764 3756
f 3756 3764 3765
f 3756 3765 3757
f 3757 3765 3766
f 3757 3766 3758
f 3758 3766 3767
f 3758 3767 3759
f 3759 3767 3768
f 3759 3768 3760
f 3760 3768 3761
f 3760 3761 3753
f 3761 3769 3770
f 3761 3770 3762
f 3762 3770 3771
f 3762 3771 3763
f 3763 3771 3772
f 3763 3772 3764
f 3764 3772 3773
f 3764 3773 3765
f 3765 3773 3774
f 3765 3774 3766
f 3766 3774 3775
f 3766 3775 3767
f 3767 3775 3776
f 3767 3776 3768
f 3768 3776 3769
f 3768 3769 3761
f 3769 3777 3778
f 3769 3778 3770
f 3770 3778 3779
f 3770 3779 3771
f 3771 3779 3780
f 3771 3780 3772
f 3772 3780 3781
f 3772 3781 3773
f 3773 3781 3782
f 3773 3782 3774
f 3774 3782 3783
f 3774 3783 3775
f 3775 3783 3784
f 3775 3784 3776
f 3776 3784 3777
f 3776 3777 3769
f 3777 3785 3786
f 3777 3786 3778
f 3778 3786 3787
f 3778 3787 3779
f 3779 3787 3788
f 3779 3788 3780
f 3780 3788 3789
f 3780 3789 3781
f 3781 3789 3790
f 3781 3790 3782
f 3782 3790 3791
f 3782 3791 3783
f 3783 3791 3792
f 3783 3792 3784
f 3784 3792 3785
f 3784 3785 3777
f 3785 3793 3794
f 3785 3794 3786
f 3786 3794 3795
f 3786 3795 3787
f 3787 3795 3796
f 3787 3796 3788
f 3788 3796 3797
f 3788 3797 3789
f 3789 3797 3798
f 3789 3798 3790
f 3790 3798 3799
f 3790 3799 3791
f 3791 3799 3800
f 3791 3800 3792
f 3792 3800 3793
f 3792 3793 3785
f 3793 3801 3802
f 3793 3802 3794
f 3794 3802 3803
f 3794 3803 3795
f 3795 3803 3804
f 3795 3804 3796
f 3796 3804 3805
f 3796 3805 3797
f 3797 3805 3806
f 3797 3806 3798
f 3798 3806 3807
f 3798 3807 3799
f 3799 3807 3808
f 3799 3808 3800
f 3800 3808 3801
f 3800 3801 3793
f 3801 3809 3810
f 3801 3810 3802
f 3802 3810 3811
f 3802 3811 3803
f 3803 3811 3812
f 3803 3812 3804
f 3804 3812 3813
f 3804 3813 3805
f 3805 3813 3814
f 3805 3814 3806
f 3806 3814 3815
f 3806 3815 3807
f 3807 3815 3816
f 3807 3816 3808
f 3808 3816 3809
f 3808 3809 3801
f 3809 3817 3818
f 3809 3818 3810
f 3810 3818 3819
f 3810 3819 3811
f 3811 3819 3820
f 3811 3820 3812
f 3812 3820 3821
f 3812 3821 3813
f 3813 3821 3822
f 3813 3822 3814
f 3814 3822 3823
f 3814 3823 3815
f 3815 3823 3824
f 3815 3824 3816
f 3816 3824 3817
f 3816 3817 3809
f 3817 3825 3826
f 3817 3826 3818
f 3818 3826 3827
f 3818 3827 3819
f 3819 3827 3828
f 3819 3828 3820
f 3820 3828 3829
f 3820 3829 3821
f 3821 3829 3830
f 3821 3830 3822
f 3822 3830 3831
f 3822 3831 3823
f 3823 3831 3832
f 3823 3832 3824
f 3824 3832 3825
f 3824 3825 3817
f 3825 3833 3834
f 3825 3834 3826
f 3826 3834 3835
f 3826 3835 3827
f 3827 3835 3836
f 3827 3836 3828
f 3828 3836 3837
f 3828 3837 3829
f 3829 3837 3838
f 3829 3838 3830
f 3830 3838 3839
f 3830 3839 3831
f 3831 3839 3840
f 3831 3840 3832
f 3832 3840 3833
f 3832 3833 3825
f 3833 3841 3842
f 3833 3842 3834
f 3834 3842 3843
f 3834 3843 3835
f 3835 3843 3844
f 3835 3844 3836
f 3836 3844 3845
f 3836 3845 3837
f 3837 3845 3846
f 3837 3846 3838
f 3838 3846 3847
f 3838 3847 3839
f 3839 3847 3848
f 3839 3848 3840
f 3840 3848 3841
f 3840 3841 3833
f 3841 3849 3850
f 3841 3850 3842
f 3842 3850 3851
f 3842 3851 3843
f 3843 3851 3852
f 3843 3852 3844
f 3844 3852 3853
f 3844 3853 3845
f 3845 3853 3854
f 3845 3854 3846
f 3846 3854 3855
f 3846 3855 3847
f 3847 3855 3856
f 3847 3856 3848
f 3848 3856 3849
f 3848 3849 3841
f 3849 3857 3858
f 3849 3858 3850
f 3850 3858 3859
f 3850 3859 3851
f 3851 3859 3860
f 3851 3860 3852
f 3852 3860 3861
f 3852 3861 3853
f 3853 3861 3862
f 3853 3862 3854
f 3854 3862 3863
f 3854 3863 3855
f 3855 3863 3864
f 3855 3864 3856
f 3856 3864 3857
f 3856 3857 3849
f 3857 3865 3866
f 3857 3866 3858
f 3858 3866 3867
f 3858 3867 3859
f 3859 3867 3868
f 3859 3868 3860
f 3860 3868 3869
f 3860 3869 3861
f 3861 3869 3870
f 3861 3870 3862
f 3862 3870 3871
f 3862 3871 3863
f 3863 3871 3872
f 3863 3872 3864
f 3864 3872 3865
f 3864 3865 3857
f 3865 3873 3874
f 3865 3874 3866
f 3866 3874 3875
f 3866 3875 3867
f 3867 3875 3876
f 3867 3876 3868
f 3868 3876 3877
f 3868 3877 3869
f 3869 3877 3878
f 3869 3878 3870
f 3870 3878 3879
f 3870 3879 3871
f 3871 3879 3880
f 3871 3880 3872
f 3872 3880 3873
f 3872 3873 3865
f 3873 3881 3882
f 3873 3882 3874
f 3874 3882 3883
f 3874 3883 3875
f 3875 3883 3884
f 3875 3884 3876
f 3876 3884 3885
f 3876 3885 3877
f 3877 3885 3886
f 3877 3886 3878
f 3878 3886 3887
f 3878 3887 3879
f 3879 3887 3888
f 3879 3888 3880
f 3880 3888 3881
f 3880 3881 3873
f 3881 3569 3570
f 3881 3570 3882
f 3882 3570 3571
f 3882 3571 3883
f 3883 3571 3572
f 3883 3572 3884
f 3884 3572 3573
f 3884 3573 3885
f 3885 3573 3574
f 3885 3574 3886
f 3886 3574 3575
f 3886 3575 3887
f 3887 3575 3576
f 3887 3576 3888
f 3888 3576 3569
f 3888 3569 3881
f 3889 3897 3898
f 3889 3898 3890
f 3890 3898 3899
f 3890 3899 3891
f 3891 3899 3900
f 3891 3900 3892
f 3892 3900 3901
f 3892 3901 3893
f 3893 3901 3902
f 3893 3902 3894
f 3894 3902 3903
f 3894 3903 3895
f 3895 3903 3904
f 3895 3904 3896
f 3896 3904 3897
f 3896 3897 3889
f 3897 3905 3906
f 3897 3906 3898
f 3898 3906 3907
f 3898 3907 3899
f 3899 3907 3908
f 3899 3908 3900
f 3900 3908 3909
f 3900 3909 3901
f 3901 3909 3910
f 3901 3910 3902
f 3902 3910 3911
f 3902 3911 3903
f 3903 3911 3912
f 3903 3912 3904
f 3904 3912 3905
f 3904 3905 3897
f 3905 3913 3914
f 3905 3914 3906
f 3906 3914 3915
f 3906 3915 3907
f 3907 3915 3916
f 3907 3916 3908
f 3908 3916 3917
f 3908 3917 3909
f 3909 3917 3918
f 3909 3918 3910
f 3910 3918 3919
f 3910 3919 3911
f 3911 3919 3920
f 3911 3920 3912
f 3912 3920 3913
f 3912 3913 3905
f 3913 3921 3922
f 3913 3922 3914
f 3914 3922 3923
f 3914 3923 3915
f 3915 3923 3924
f 3915 3924 3916
f 3916 3924 3925
f 3916 3925 3917
f 3917 3925 3926
f 3917 3926 3918
f 3918 3926 3927
f 3918 3927 3919
f 3919 3927 3928
f 3919 3928 3920
f 3920 3928 3921
f 3920 3921 3913
f 3921 3929 3930
f 3921 3930 3922
f 3922 3930 3931
f 3922 3931 3923
f 3923 3931 3932
f 3923 3932 3924
f 3924 3932 3933
f 3924 3933 3925
f 3925 3933 3934
f 3925 3934 3926
f 3926 3934 3935
f 3926 3935 3927
f 3927 3935 3936
f 3927 3936 3928
f 3928 3936 3929
f 3928 3929 3921
f 3929 3937 3938
f 3929 3938 3930
f 3930 3938 3939
f 3930 3939 3931
f 3931 3939 3940
f 3931 3940 3932
f 3932 3940 3941
f 3932 3941 3933
f 3933 3941 3942
f 3933 3942 3934
f 3934 3942 3943
f 3934 3943 3935
f 3935 3943 3944
f 3935 3944 3936
f 3936 3944 3937
f 3936 3937 3929
f 3937 3945 3946
f 3937 3946 3938
f 3938 3946 3947
f 3938 3947 3939
f 3939 3947 3948
f 3939 3948 3940
f 3940 3948 3949
f 3940 3949 3941
f 3941 3949 3950
f 3941 3950 3942
f 3942 3950 3951
f 3942 3951 3943
f 3943 3951 3952
f 3943 3952 3944
f 3944 3952 3945
f 3944 3945 3937
f 3945 3953 3954
f 3945 3954 3946
f 3946 3954 3955
f 3946 3955 3947
f 3947 3955 3956
f 3947 3956 3948
f 3948 3956 3957
f 3948 3957 3949
f 3949 3957 3958
f 3949 3958 3950
f 3950 3958 3959
f 3950 3959 3951
f 3951 3959 3960
f 3951 3960 3952
f 3952 3960 3953
f 3952 3953 3945
f 3953 3961 3962
f 3953 3962 3954
f 3954 3962 3963
f 3954 3963 3955
f 3955 3963 3964
f 3955 3964 3956
f 3956 3964 3965
f 3956 3965 3957
f 3957 3965 3966
f 3957 3966 3958
f 3958 3966 3967
f 3958 3967 3959
f 3959 3967 3968
f 3959 3968 3960
f 3960 3968 3961
f 3960 3961 3953
f 3961 3969 3970
f 3961 3970 3962
f 3962 3970 3971
f 3962 3971 3963
f 3963 3971 3972
f 3963 3972 3964
f 3964 3972 3973
f 3964 3973 3965
f 3965 3973 3974
f 3965 3974 3966
f 3966 3974 3975
f 3966 3975 3967
f 3967 3975 3976
f 3967 3976 3968
f 3968 3976 3969
f 3968 3969 3961
f 3969 3977 3978
f 3969 3978 3970
f 3970 3978 3979
f 3970 3979 3971
f 3971 3979 3980
f 3971 3980 3972
f 3972 3980 3981
f 3972 3981 3973
f 3973 3981 3982
f 3973 3982 3974
f 3974 3982 3983
f 3974 3983 3975
f 3975 3983 3984
f 3975 3984 3976
f 3976 3984 3977
f 3976 3977 3969
f 3977 3985 3986
f 3977 3986 3978
f 3978 3986 3987
f 3978 3987 3979
f 3979 3987 3988
f 3979 3988 3980
f 3980 3988 3989
f 3980 3989 3981
f 3981 3989 3990
f 3981 3990 3982
f 3982 3990 3991
f 3982 3991 3983
f 3983 3991 3992
f 3983 3992 3984
f 3984 3992 3985
f 3984 3985 3977
f 3985 3993 3994
f 3985 3994 3986
f 3986 3994 3995
f 3986 3995 3987
f 3987 3995 3996
f 3987 3996 3988
f 3988 3996 3997
f 3988 3997 3989
f 3989 3997 3998
f 3989 3998 3990
f 3990 3998 3999
f 3990 3999 3991
f 3991 3999 4000
f 3991 4000 3992
f 3992 4000 3993
f 3992 3993 3985
f 3993 4001 4002
f 3993 4002 3994
f 3994 4002 4003
f 3994 4003 3995
f 3995 4003 4004
f 3995 4004 3996
f 3996 4004 4005
f 3996 4005 3997
f 3997 4005 4006
f 3997 4006 3998
f 3998 4006 4007
f 3998 4007 3999
f 3999 4007 4008
f 3999 4008 4000
f 4000 4008 4001
f 4000 4001 3993
f 4001 4009 4010
f 4001 4010 4002
f 4002 4010 4011
f 4002 4011 4003
f 4003 4011 4012
f 4003 4012 4004
f 4004 4012 4013
f 4004 4013 4005
f 4005 4013 4014
f 4005 4014 4006
f 4006 4014 4015
f 4006 4015 4007
f 4007 4015 4016
f 4007 4016 4008
f 4008 4016 4009
f 4008 4009 4001
f 4009 4017 4018
f 4009 4018 4010
f 4010 4018 4019
f 4010 4019 4011
f 4011 4019 4020
f 4011 4020 4012
f 4012 4020 4021
f 4012 4021 4013
f 4013 4021 4022
f 4013 4022 4014
f 4014 4022 4023
f 4014 4023 4015
f 4015 4023 4024
f 4015 4024 4016
f 4016 4024 4017
f 4016 4017 4009
f 4017 4025 4026
f 4017 4026 4018
f 4018 4026 4027
f 4018 4027 4019
f 4019 4027 4028
f 4019 4028 4020
f 4020 4028 4029
f 4020 4029 4021
f 4021 4029 4030
f 4021 4030 4022
f 4022 4030 4031
f 4022 4031 4023
f 4023 4031 4032
f 4023 4032 4024
f 4024 4032 4025
f 4024 4025 4017
f 4025 4033 4034
f 4025 4034 4026
f 4026 4034 4035
f 4026 4035 4027
f 4027 4035 4036
f 4027 4036 4028
f 4028 4036 4037
f 4028 4037 4029
f 4029 4037 4038
f 4029 4038 4030
f 4030 4038 4039
f 4030 4039 4031
f 4031 4039 4040
f 4031 4040 4032
f 4032 4040 4033
f 4032 4033 4025
f 4033 4041 4042
f 4033 4042 4034
f 4034 4042 4043
f 4034 4043 4035
f 4035 4043 4044
f 4035 4044 4036
f 4036 4044 4045
f 4036 4045 4037
f 4037 4045 4046
f 4037 4046 4038
f 4038 4046 4047
f 4038 4047 4039
f 4039 4047 4048
f 4039 4048 4040
f 4040 4048 4041
f 4040 4041 4033
f 4041 4049 4050
f 4041 4050 4042
f 4042 4050 4051
f 4042 4051 4043
f 4043 4051 4052
f 4043 4052 4044
f 4044 4052 4053
f 4044 4053 4045
f 4045 4053 4054
f 4045 4054 4046
f 4046 4054 4055
f 4046 4055 4047
f 4047 4055 4056
f 4047 4056 4048
f 4048 4056 4049
f 4048 4049 4041
f 4049 4057 4058
f 4049 4058 4050
f 4050 4058 4059
f 4050 4059 4051
f 4051 4059 4060
f 4051 4060 4052
f 4052 4060 4061
f 4052 4061 4053
f 4053 4061 4062
f 4053 4062 4054
f 4054 4062 4063
f 4054 4063 4055
f 4055 4063 4064
f 4055 4064 4056
f 4056 4064 4057
f 4056 4057 4049
f 4057 4065 4066
f 4057 4066 4058
f 4058 4066 4067
f 4058 4067 4059
f 4059 4067 4068
f 4059 4068 4060
f 4060 4068 4069
f 4060 4069 4061
f 4061 4069 4070
f 4061 4070 4062
f 4062 4070 4071
f 4062 4071 4063
f 4063 4071 4072
f 4063 4072 4064
f 4064 4072 4065
f 4064 4065 4057
f 4065 4073 4074
f 4065 4074 4066
f 4066 4074 4075
f 4066 4075 4067
f 4067 4075 4076
f 4067 4076 4068
f 4068 4076 4077
f 4068 4077 4069
f 4069 4077 4078
f 4069 4078 4070
f 4070 4078 4079
f 4070 4079 4071
f 4071 4079 4080
f 4071 4080 4072
f 4072 4080 4073
f 4072 4073 4065
f 4073 4081 4082
f 4073 4082 4074
f 4074 4082 4083
f 4074 4083 4075
f 4075 4083 4084
f 4075 4084 4076
f 4076 4084 4085
f 4076 4085 4077
f 4077 4085 4086
f 4077 4086 4078
f 4078 4086 4087
f 4078 4087 4079
f 4079 4087 4088
f 4079 4088 4080
f 4080 4088 4081
f 4080 4081 4073
f 4081 4089 4090
f 4081 4090 4082
f 4082 4090 4091
f 4082 4091 4083
f 4083 4091 4092
f 4083 4092 4084
f 4084 4092 4093
f 4084 4093 4085
f 4085 4093 4094
f 4085 4094 4086
f 4086 4094 4095
f 4086 4095 4087
f 4087 4095 4096
f 4087 4096 4088
f 4088 4096 4089
f 4088 4089 4081
f 4089 4097 4098
f 4089 4098 4090
f 4090 4098 4099
f 4090 4099 4091
f 4091 4099 4100
f 4091 4100 4092
f 4092 4100 4101
f 4092 4101 4093
f 4093 4101 4102
f 4093 4102 4094
f 4094 4102 4103
f 4094 4103 4095
f 4095 4103 4104
f 4095 4104 4096
f 4096 4104 4097
f 4096 4097 4089
f 4097 4105 4106
f 4097 4106 4098
f 4098 4106 4107
f 4098 4107 4099
f 4099 4107 4108
f 4099 4108 4100
f 4100 4108 4109
f 4100 4109 4101
f 4101 4109 4110
f 4101 4110 4102
f 4102 4110 4111
f 4102 4111 4103
f 4103 4111 4112
f 4103 4112 4104
f 4104 4112 4105
f 4104 4105 4097
f 4105 4113 4114
f 4105 4114 4106
f 4106 4114 4115
f 4106 4115 4107
f 4107 4115 4116
f 4107 4116 4108
f 4108 4116 4117
f 4108 4117 4109
f 4109 4117 4118
f 4109 4118 4110
f 4110 4118 4119
f 4110 4119 4111
f 4111 4119 4120
f 4111 4120 4112
f 4112 4120 4113
f 4112 4113 4105
f 4113 4121 4122
f 4113 4122 4114
f 4114 4122 4123
f 4114 4123 4115
f 4115 4123 4124
f 4115 4124 4116
f 4116 4124 4125
f 4116 4125 4117
f 4117 4125 4126
f 4117 4126 4118
f 4118 4126 4127
f 4118 4127 4119
f 4119 4127 4128
f 4119 4128 4120
f 4120 4128 4121
f 4120 4121 4113
f 4121 4129 4130
f 4121 4130 4122
f 4122 4130 4131
f 4122 4131 4123
f 4123 4131 4132
f 4123 4132 4124
f 4124 4132 4133
f 4124 4133 4125
f 4125 4133 4134
f 4125 4134 4126
f 4126 4134 4135
f 4126 4135 4127
f 4127 4135 4136
f 4127 4136 4128
f 4128 4136 4129
f 4128 4129 4121
f 4129 4137 4138
f 4129 4138 4130
f 4130 4138 4139
f 4130 4139 4131
f 4131 4139 4140
f 4131 4140 4132
f 4132 4140 4141
f 4132 4141 4133
f 4133 4141 4142
f 4133 4142 4134
f 4134 4142 4143
f 4134 4143 4135
f 4135 4143 4144
f 4135 4144 4136
f 4136 4144 4137
f 4136 4137 4129
f 4137 4145 4146
f 4137 4146 4138
f 4138 4146 4147
f 4138 4147 4139
f 4139 4147 4148
f 4139 4148 4140
f 4140 4148 4149
f 4140 4149 4141
f 4141 4149 4150
f 4141 4150 4142
f 4142 4150 4151
f 4142 4151 4143
f 4143 4151 4152
f 4143 4152 4144
f 4144 4152 4145
f 4144 4145 4137
f 4145 4153 4154
f 4145 4154 4146
f 4146 4154 4155
f 4146 4155 4147
f 4147 4155 4156
f 4147 4156 4148
f 4148 4156 4157
f 4148 4157 4149
f 4149 4157 4158
f 4149 4158 4150
f 4150 4158 4159
f 4150 4159 4151
f 4151 4159 4160
f 4151 4160 4152
f 4152 4160 4153
f 4152 4153 4145
f 4153 4161 4162
f 4153 4162 4154
f 4154 4162 4163
f 4154 4163 4155
f 4155 4163 4164
f 4155 4164 4156
f 4156 4164 4165
f 4156 4165 4157
f 4157 4165 4166
f 4157 4166 4158
f 4158 4166 4167
f 4158 4167 4159
f 4159 4167 4168
f 4159 4168 4160
f 4160 4168 4161
f 4160 4161 4153
f 4161 4169 4170
f 4161 4170 4162
f 4162 4170 4171
f 4162 4171 4163
f 4163 4171 4172
f 4163 4172 4164
f 4164 4172 4173
f 4164 4173 4165
f 4165 4173 4174
f 4165 4174 4166
f 4166 4174 4175
f 4166 4175 4167
f 4167 4175 4176
f 4167 4176 4168
f 4168 4176 4169
f 4168 4169 4161
f 4169 4177 4178
f 4169 4178 4170
f 4170 4178 4179
f 4170 4179 4171
f 4171 4179 4180
f 4171 4180 4172
f 4172 4180 4181
f 4172 4181 4173
f 4173 4181 4182
f 4173 4182 4174
f 4174 4182 4183
f 4174 4183 4175
f 4175 4183 4184
f 4175 4184 4176
f 4176 4184 4177
f 4176 4177 4169
f 4177 4185 4186
f 4177 4186 4178
f 4178 4186 4187
f 4178 4187 4179
f 4179 4187 4188
f 4179 4188 4180
f 4180 4188 4189
f 4180 4189 4181
f 4181 4189 4190
f 4181 4190 4182
f 4182 4190 4191
f 4182 4191 4183
f 4183 4191 4192
f 4183 4192 4184
f 4184 4192 4185
f 4184 4185 4177
f 4185 4193 4194
f 4185 4194 4186
f 4186 4194 4195
f 4186 4195 4187
f 4187 4195 4196
f 4187 4196 4188
f 4188 4196 4197
f 4188 4197 4189
f 4189 4197 4198
f 4189 4198 4190
f 4190 4198 4199
f 4190 4199 4191
f 4191 4199 4200
f 4191 4200 4192
f 4192 4200 4193
f 4192 4193 4185
f 4193 4201 4202
f 4193 4202 4194
f 4194 4202 4203
f 4194 4203 4195
f 4195 4203 4204
f 4195 4204 4196
f 4196 4204 4205
f 4196 4205 4197
f 4197 4205 4206
f 4197 4206 4198
f 4198 4206 4207
f 4198 4207 4199
f 4199 4207 4208
f 4199 4208 4200
f 4200 4208 4201
f 4200 4201 4193
f 4201 3889 3890
f 4201 3890 4202
f 4202 3890 3891
f 4202 3891 4203
f 4203 3891 3892
f 4203 3892 4204
f 4204 3892 3893
f 4204 3893 4205
f 4205 3893 3894
f 4205 3894 4206
f 4206 3894 3895
f 4206 3895 4207
f 4207 3895 3896
f 4207 3896 4208
f 4208 3896 3889
f 4208 3889 4201
f 4209 4217 4218
f 4209 4218 4210
f 4210 4218 4219
f 4210 4219 4211
f 4211 4219 4220
f 4211 4220 4212
f 4212 4220 4221
f 4212 4221 4213
f 4213 4221 4222
f 4213 4222 4214
f 4214 4222 4223
f 4214 4223 4215
f 4215 4223 4224
f 4215 4224 4216
f 4216 4224 4217
f 4216 4217 4209
f 4217 4225 4226
f 4217 4226 4218
f 4218 4226 4227
f 4218 4227 4219
f 4219 4227 4228
f 4219 4228 4220
f 4220 4228 4229
f 4220 4229 4221
f 4221 4229 4230
f 4221 4230 4222
f 4222 4230 4231
f 4222 4231 4223
f 4223 4231 4232
f 4223 4232 4224
f 4224 4232 4225
f 4224 4225 4217
f 4225 4233 4234
f 4225 4234 4226
f 4226 4234 4235
f 4226 4235 4227
f 4227 4235 4236
f 4227 4236 4228
f 4228 4236 4237
f 4228 4237 4229
f 4229 4237 4238
f 4229 4238 4230
f 4230 4238 4239
f 4230 4239 4231
f 4231 4239 4240
f 4231 4240 4232
f 4232 4240 4233
f 4232 4233 4225
f 4233 4241 4242
f 4233 4242 4234
f 4234 4242 4243
f 4234 4243 4235
f 4235 4243 4244
f 4235 4244 4236
f 4236 4244 4245
f 4236 4245 4237
f 4237 4245 4246
f 4237 4246 4238
f 4238 4246 4247
f 4238 4247 4239
f 4239 4247 4248
f 4239 4248 4240
f 4240 4248 4241
f 4240 4241 4233
f 4241 4249 4250
f 4241 4250 4242
f 4242 4250 4251
f 4242 4251 4243
f 4243 4251 4252
f 4243 4252 4244
f 4244 4252 4253
f 4244 4253 4245
f 4245 4253 4254
f 4245 4254 4246
f 4246 4254 4255
f 4246 4255 4247
f 4247 4255 4256
f 4247 4256 4248
f 4248 4256 4249
f 4248 4249 4241
f 4249 4257 4258
f 4249 4258 4250
f 4250 4258 4259
f 4250 4259 4251
f 4251 4259 4260
f 4251 4260 4252
f 4252 4260 4261
f 4252 4261 4253
f 4253 4261 4262
f 4253 4262 4254
f 4254 4262 4263
f 4254 4263 4255
f 4255 4263 4264
f 4255 4264 4256
f 4256 4264 4257
f 4256 4257 4249
f 4257 4265 4266
f 4257 4266 4258
f 4258 4266 4267
f 4258 4267 4259
f 4259 4267 4268
f 4259 4268 4260
f 4260 4268 4269
f 4260 4269 4261
f 4261 4269 4270
f 4261 4270 4262
f 4262 4270 4271
f 4262 4271 4263
f 4263 4271 4272
f 4263 4272 4264
f 4264 4272 4265
f 4264 4265 4257
f 4265 4273 4274
f 4265 4274 4266
f 4266 4274 4275
f 4266 4275 4267
f 4267 4275 4276
f 4267 4276 4268
f 4268 4276 4277
f 4268 4277 4269
f 4269 4277 4278
f 4269 4278 4270
f 4270 4278 4279
f 4270 4279 4271
f 4271 4279 4280
f 4271 4280 4272
f 4272 4280 4273
f 4272 4273 4265
f 4273 4281 4282
f 4273 4282 4274
f 4274 4282 4283
f 4274 4283 4275
f 4275 4283 4284
f 4275 4284 4276
f 4276 4284 4285
f 4276 4285 4277
f 4277 4285 4286
f 4277 4286 4278
f 4278 4286 4287
f 4278 4287 4279
f 4279 4287 4288
f 4279 4288 4280
f 4280 4288 4281
f 4280 4281 4273
f 4281 4289 4290
f 4281 4290 4282
f 4282 4290 4291
f 4282 4291 4283
f 4283 4291 4292
f 4283 4292 4284
f 4284 4292 4293
f 4284 4293 4285
f 4285 4293 4294
f 4285 4294 4286
f 4286 4294 4295
f 4286 4295 4287
f 4287 4295 4296
f 4287 4296 4288
f 4288 4296 4289
f 4288 4289 4281
f 4289 4297 4298
f 4289 4298 4290
f 4290 4298 4299
f 4290 4299 4291
f 4291 4299 4300
f 4291 4300 4292
f 4292 4300 4301
f 4292 4301 4293
f 4293 4301 4302
f 4293 4302 4294
f 4294 4302 4303
f 4294 4303 4295
f 4295 4303 4304
f 4295 4304 4296
f 4296 4304 4297
f 4296 4297 4289
f 4297 4305 4306
f 4297 4306 4298
f 4298 4306 4307
f 4298 4307 4299
f 4299 4307 4308
f 4299 4308 4300
f 4300 4308 4309
f 4300 4309 4301
f 4301 4309 4310
f 4301 4310 4302
f 4302 4310 4311
f 4302 4311 4303
f 4303 4311 4312
f 4303 4312 4304
f 4304 4312 4305
f 4304 4305 4297
f 4305 4313 4314
f 4305 4314 4306
f 4306 4314 4315
f 4306 4315 4307
f 4307 4315 4316
f 4307 4316 4308
f 4308 4316 4317
f 4308 4317 4309
f 4309 4317 4318
f 4309 4318 4310
f 4310 4318 4319
f 4310 4319 4311
f 4311 4319 4320
f 4311 4320 4312
f 4312 4320 4313
f 4312 4313 4305
f 4313 4321 4322
f 4313 4322 4314
f 4314 4322 4323
f 4314 4323 4315
f 4315 4323 4324
f 4315 4324 4316
f 4316 4324 4325
f 4316 4325 4317
f 4317 4325 4326
f 4317 4326 4318
f 4318 4326 4327
f 4318 4327 4319
f 4319 4327 4328
f 4319 4328 4320
f 4320 4328 4321
f 4320 4321 4313
f 4321 4329 4330
f 4321 4330 4322
f 4322 4330 4331
f 4322 4331 4323
f 4323 4331 4332
f 4323 4332 4324
f 4324 4332 4333
f 4324 4333 4325
f 4325 4333 4334
f 4325 4334 4326
f 4326 4334 4335
f 4326 4335 4327
f 4327 4335 4336
f 4327 4336 4328
f 4328 4336 4329
f 4328 4329 4321
f 4329 4337 4338
f 4329 4338 4330
f 4330 4338 4339
f 4330 4339 4331
f 4331 4339 4340
f 4331 4340 4332
f 4332 4340 4341
f 4332 4341 4333
f 4333 4341 4342
f 4333 4342 4334
f 4334 4342 4343
f 4334 4343 4335
f 4335 4343 4344
f 4335 4344 4336
f 4336 4344 4337
f 4336 4337 4329
f 4337 4345 4346
f 4337 4346 4338
f 4338 4346 4347
f 4338 4347 4339
f 4339 4347 4348
f 4339 4348 4340
f 4340 4348 4349
f 4340 4349 4341
f 4341 4349 4350
f 4341 4350 4342
f 4342 4350 4351
f 4342 4351 4343
f 4343 4351 4352
f 4343 4352 4344
f 4344 4352 4345
f 4344 4345 4337
f 4345 4353 4354
f 4345 4354 4346
f 4346 4354 4355
f 4346 4355 4347
f 4347 4355 4356
f 4347 4356 4348
f 4348 4356 4357
f 4348 4357 4349
f 4349 4357 4358
f 4349 4358 4350
f 4350 4358 4359
f 4350 4359 4351
f 4351 4359 4360
f 4351 4360 4352
f 4352 4360 4353
f 4352 4353 4345
f 4353 4361 4362
f 4353 4362 4354
f 4354 4362 4363
f 4354 4363 4355
f 4355 4363 4364
f 4355 4364 4356
f 4356 4364 4365
f 4356 4365 4357
f 4357 4365 4366
f 4357 4366 4358
f 4358 4366 4367
f 4358 4367 4359
f 4359 4367 4368
f 4359 4368 4360
f 4360 4368 4361
f 4360 4361 4353
f 4361 4369 4370
f 4361 4370 4362
f 4362 4370 4371
f 4362 4371 4363
f 4363 4371 4372
f 4363 4372 4364
f 4364 4372 4373
f 4364 4373 4365
f 4365 4373 4374
f 4365 4374 4366
f 4366 4374 4375
f 4366 4375 4367
f 4367 4375 4376
f 4367 4376 4368
f 4368 4376 4369
f 4368 4369 4361
f 4369 4377 4378
f 4369 4378 4370
f 4370 4378 4379
f 4370 4379 4371
f 4371 4379 4380
f 4371 4380 4372
f 4372 4380 4381
f 4372 4381 4373
f 4373 4381 4382
f 4373 4382 4374
f 4374 4382 4383
f 4374 4383 4375
f 4375 4383 4384
f 4375 4384 4376
f 4376 4384 4377
f 4376 4377 4369
f 4377 4385 4386
f 4377 4386 4378
f 4378 4386 4387
f 4378 4387 4379
f 4379 4387 4388
f 4379 4388 4380
f 4380 4388 4389
f 4380 4389 4381
f 4381 4389 4390
f 4381 4390 4382
f 4382 4390 4391
f 4382 4391 4383
f 4383 4391 4392
f 4383 4392 4384
f 4384 4392 4385
f 4384 4385 4377
f 4385 4393 4394
f 4385 4394 4386
f 4386 4394 4395
f 4386 4395 4387
f 4387 4395 4396
f 4387 4396 4388
f 4388 4396 4397
f 4388 4397 4389
f 4389 4397 4398
f 4389 4398 4390
f 4390 4398 4399
f 4390 4399 4391
f 4391 4399 4400
f 4391 4400 4392
f 4392 4400 4393
f 4392 4393 4385
f 4393 4401 4402
f 4393 4402 4394
f 4394 4402 4403
f 4394 4403 4395
f 4395 4403 4404
f 4395 4404 4396
f 4396 4404 4405
f 4396 4405 4397
f 4397 4405 4406
f 4397 4406 4398
f 4398 4406 4407
f 4398 4407 4399
f 4399 4407 4408
f 4399 4408 4400
f 4400 4408 4401
f 4400 4401 4393
f 4401 4409 4410
f 4401 4410 4402
f 4402 4410 4411
f 4402 4411 4403
f 4403 4411 4412
f 4403 4412 4404
f 4404 4412 4413
f 4404 4413 4405
f 4405 4413 4414
f 4405 4414 4406
f 4406 4414 4415
f 4406 4415 4407
f 4407 4415 4416
f 4407 4416 4408
f 4408 4416 4409
f 4408 4409 4401
f 4409 4417 4418
f 4409 4418 4410
f 4410 4418 4419
f 4410 4419 4411
f 4411 4419 4420
f 4411 4420 4412
f 4412 4420 4421
f 4412 4421 4413
f 4413 4421 4422
f 4413 4422 4414
f 4414 4422 4423
f 4414 4423 4415
f 4415 4423 4424
f 4415 4424 4416
f 4416 4424 4417
f 4416 4417 4409
f 4417 4425 4426
f 4417 4426 4418
f 4418 4426 4427
f 4418 4427 4419
f 4419 4427 4428
f 4419 4428 4420
f 4420 4428 4429
f 4420 4429 4421
f 4421 4429 4430
f 4421 4430 4422
f 4422 4430 4431
f 4422 4431 4423
f 4423 4431 4432
f 4423 4432 4424
f 4424 4432 4425
f 4424 4425 4417
f 4425 4433 4434
f 4425 4434 4426
f 4426 4434 4435
f 4426 4435 4427
f 4427 4435 4436
f 4427 4436 4428
f 4428 4436 4437
f 4428 4437 4429
f 4429 4437 4438
f 4429 4438 4430
f 4430 4438 4439
f 4430 4439 4431
f 4431 4439 4440
f 4431 4440 4432
f 4432 4440 4433
f 4432 4433 4425
f 4433 4441 4442
f 4433 4442 4434
f 4434 4442 4443
f 4434 4443 4435
f 4435 4443 4444
f 4435 4444 4436
f 4436 4444 4445
f 4436 4445 4437
f 4437 4445 4446
f 4437 4446 4438
f 4438 4446 4447
f 4438 4447 4439
f 4439 4447 4448
f 4439 4448 4440
f 4440 4448 4441
f 4440 4441 4433
f 4441 4449 4450
f 4441 4450 4442
f 4442 4450 4451
f 4442 4451 4443
f 4443 4451 4452
f 4443 4452 4444
f 4444 4452 4453
f 4444 4453 4445
f 4445 4453 4454
f 4445 4454 4446
f 4446 4454 4455
f 4446 4455 4447
f 4447 4455 4456
f 4447 4456 4448
f 4448 4456 4449
f 4448 4449 4441
f 4449 4457 4458
f 4449 4458 4450
f 4450 4458 4459
f 4450 4459 4451
f 4451 4459 4460
f 4451 4460 4452
f 4452 4460 4461
f 4452 4461 4453
f 4453 4461 4462
f 4453 4462 4454
f 4454 4462 4463
f 4454 4463 4455
f 4455 4463 4464
f 4455 4464 4456
f 4456 4464 4457
f 4456 4457 4449
f 4457 4465 4466
f 4457 4466 4458
f 4458 4466 4467
f 4458 4467 4459
f 4459 4467 4468
f 4459 4468 4460
f 4460 4468 4469
f 4460 4469 4461
f 4461 4469 4470
f 4461 4470 4462
f 4462 4470 4471
f 4462 4471 4463
f 4463 4471 4472
f 4463 4472 4464
f 4464 4472 4465
f 4464 4465 4457
f 4465 4473 4474
f 4465 4474 4466
f 4466 4474 4475
f 4466 4475 4467
f 4467 4475 4476
f 4467 4476 4468
f 4468 4476 4477
f 4468 4477 4469
f 4469 4477 4478
f 4469 4478 4470
f 4470 4478 4479
f 4470 4479 4471
f 4471 4479 4480
f 4471 4480 4472
f 4472 4480 4473
f 4472 4473 4465
f 4473 4481 4482
f 4473 4482 4474
f 4474 4482 4483
f 4474 4483 4475
f 4475 4483 4484
f 4475 4484 4476
f 4476 4484 4485
f 4476 4485 4477
f 4477 4485 4486
f 4477 4486 4478
f 4478 4486 4487
f 4478 4487 4479
f 4479 4487 4488
f 4479 4488 4480
f 4480 4488 4481
f 4480 4481 4473
f 4481 4489 4490
f 4481 4490 4482
f 4482 4490 4491
f 4482 4491 4483
f 4483 4491 4492
f 4483 4492 4484
f 4484 4492 4493
f 4484 4493 4485
f 4485 4493 4494
f 4485 4494 4486
f 4486 4494 4495
f 4486 4495 4487
f 4487 4495 4496
f 4487 4496 4488
f 4488 4496 4489
f 4488 4489 4481
f 4489 4497 4498
f 4489 4498 4490
f 4490 4498 4499
f 4490 4499 4491
f 4491 4499 4500
f 4491 4500 4492
f 4492 4500 4501
f 4492 4501 4493
f 4493 4501 4502
f 4493 4502 4494
f 4494 4502 4503
f 4494 4503 4495
f 4495 4503 4504
f 4495 4504 4496
f 4496 4504 4497
f 4496 4497 4489
f 4497 4505 4506
f 4497 4506 4498
f 4498 4506 4507
f 4498 4507 4499
f 4499 4507 4508
f 4499 4508 4500
f 4500 4508 4509
f 4500 4509 4501
f 4501 4509 4510
f 4501 4510 4502
f 4502 4510 4511
f 4502 4511 4503
f 4503 4511 4512
f 4503 4512 4504
f 4504 4512 4505
f 4504 4505 4497
f 4505 4513 4514
f 4505 4514 4506
f 4506 4514 4515
f 4506 4515 4507
f 4507 4515 4516
f 4507 4516 4508
f 4508 4516 4517
f 4508 4517 4509
f 4509 4517 4518
f 4509 4518 4510
f 4510 4518 4519
f 4510 4519 4511
f 4511 4519 4520
f 4511 4520 4512
f 4512 4520 4513
f 4512 4513 4505
f 4513 4521 4522
f 4513 4522 4514
f 4514 4522 4523
f 4514 4523 4515
f 4515 4523 4524
f 4515 4524 4516
f 4516 4524 4525
f 4516 4525 4517
f 4517 4525 4526
f 4517 4526 4518
f 4518 4526 4527
f 4518 4527 4519
f 4519 4527 4528
f 4519 4528 4520
f 4520 4528 4521
f 4520 4521 4513
f 4521 4209 4210
f 4521 4210 4522
f 4522 4210 4211
f 4522 4211 4523
f 4523 4211 4212
f 4523 4212 4524
f 4524 4212 4213
f 4524 4213 4525
f 4525 4213 4214
f 4525 4214 4526
f 4526 4214 4215
f 4526 4215 4527
f 4527 4215 4216
f 4527 4216 4528
f 4528 4216 4209
f 4528 4209 4521
f 4529 4530 4531
f 4529 4531 4532
f 4533 4535 4534
f 4533 4536 4535
f 4529 4533 4534
f 4529 4534 4530
f 4530 4534 4535
f 4530 4535 4531
f 4531 4535 4536
f 4531 4536 4532
f 4532 4536 4533
f 4532 4533 4529
o 21-PA-2001A
usemtl pump
f 4537 4538 4539
f 4537 4539 4540
f 4541 4543 4542
f 4541 4544 4543
f 4537 4541 4542
f 4537 4542 4538
f 4538 4542 4543
f 4538 4543 4539
f 4539 4543 4544
f 4539 4544 4540
f 4540 4544 4541
f 4540 4541 4537
f 4545 4546 4547
f 4545 4547 4548
f 4549 4551 4550
f 4549 4552 4551
f 4545 4549 4550
f 4545 4550 4546
f 4546 4550 4551
f 4546 4551 4547
f 4547 4551 4552
f 4547 4552 4548
f 4548 4552 4549
f 4548 4549 4545
f 4553 4555 4556
f 4553 4556 4554
f 4555 4557 4558
f 4555 4558 4556
f 4557 4559 4560
f 4557 4560 4558
f 4559 4561 4562
f 4559 4562 4560
f 4561 4563 4564
f 4561 4564 4562
f 4563 4565 4566
f 4563 4566 4564
f 4565 4567 4568
f 4565 4568 4566
f 4567 4553 4554
f 4567 4554 4568
f 4569 4555 4553
f 4570 4554 4556
f 4569 4557 4555
f 4570 4556 4558
f 4569 4559 4557
f 4570 4558 4560
f 4569 4561 4559
f 4570 4560 4562
f 4569 4563 4561
f 4570 4562 4564
f 4569 4565 4563
f 4570 4564 4566
f 4569 4567 4565
f 4570 4566 4568
f 4569 4553 4567
f 4570 4568 4554
f 4571 4573 4574
f 4571 4574 4572
f 4573 4575 4576
f 4573 4576 4574
f 4575 4577 4578
f 4575 4578 4576
f 4577 4579 4580
f 4577 4580 4578
f 4579 4581 4582
f 4579 4582 4580
f 4581 4583 4584
f 4581 4584 4582
f 4583 4585 4586
f 4583 4586 4584
f 4585 4571 4572
f 4585 4572 4586
f 4587 4573 4571
f 4588 4572 4574
f 4587 4575 4573
f 4588 4574 4576
f 4587 4577 4575
f 4588 4576 4578
f 4587 4579 4577
f 4588 4578 4580
f 4587 4581 4579
f 4588 4580 4582
f 4587 4583 4581
f 4588 4582 4584
f 4587 4585 4583
f 4588 4584 4586
f 4587 4571 4585
f 4588 4586 4572
f 4589 4591 4592
f 4589 4592 4590
f 4591 4593 4594
f 4591 4594 4592
f 4593 4595 4596
f 4593 4596 4594
f 4595 4597 4598
f 4595 4598 4596
f 4597 4599 4600
f 4597 4600 4598
f 4599 4601 4602
f 4599 4602 4600
f 4601 4603 4604
f 4601 4604 4602
f 4603 4589 4590
f 4603 4590 4604
f 4605 4591 4589
f 4606 4590 4592
f 4605 4593 4591
f 4606 4592 4594
f 4605 4595 4593
f 4606 4594 4596
f 4605 4597 4595
f 4606 4596 4598
f 4605 4599 4597
f 4606 4598 4600
f 4605 4601 4599
f 4606 4600 4602
f 4605 4603 4601
f 4606 4602 4604
f 4605 4589 4603
f 4606 4604 4590
f 4607 4609 4610
f 4607 4610 4608
f 4609 4611 4612
f 4609 4612 4610
f 4611 4613 4614
f 4611 4614 4612
f 4613 4615 4616
f 4613 4616 4614
f 4615 4617 4618
f 4615 4618 4616
f 4617 4619 4620
f 4617 4620 4618
f 4619 4621 4622
f 4619 4622 4620
f 4621 4607 4608
f 4621 4608 4622
f 4623 4609 4607
f 4624 4608 4610
f 4623 4611 4609
f 4624 4610 4612
f 4623 4613 4611
f 4624 4612 4614
f 4623 4615 4613
f 4624 4614 4616
f 4623 4617 4615
f 4624 4616 4618
f 4623 4619 4617
f 4624 4618 4620
f 4623 4621 4619
f 4624 4620 4622
f 4623 4607 4621
f 4624 4622 4608
f 4625 4627 4628
f 4625 4628 4626
f 4627 4629 4630
f 4627 4630 4628
f 4629 4631 4632
f 4629 4632 4630
f 4631 4633 4634
f 4631 4634 4632
f 4633 4635 4636
f 4633 4636 4634
f 4635 4637 4638
f 4635 4638 4636
f 4637 4639 4640
f 4637 4640 4638
f 4639 4641 4642
f 4639 4642 4640
f 4641 4643 4644
f 4641 4644 4642
f 4643 4645 4646
f 4643 4646 4644
f 4645 4647 4648
f 4645 4648 4646
f 4647 4649 4650
f 4647 4650 4648
f 4649 4651 4652
f 4649 4652 4650
f 4651 4653 4654
f 4651 4654 4652
f 4653 4655 4656
f 4653 4656 4654
f 4655 4657 4658
f 4655 4658 4656
f 4657 4659 4660
f 4657 4660 4658
f 4659 4661 4662
f 4659 4662 4660
f 4661 4663 4664
f 4661 4664 4662
f 4663 4665 4666
f 4663 4666 4664
f 4665 4667 4668
f 4665 4668 4666
f 4667 4669 4670
f 4667 4670 4668
f 4669 4671 4672
f 4669 4672 4670
f 4671 4673 4674
f 4671 4674 4672
f 4673 4675 4676
f 4673 4676 4674
f 4675 4677 4678
f 4675 4678 4676
f 4677 4679 4680
f 4677 4680 4678
f 4679 4625 4626
f 4679 4626 4680
f 4681 4627 4625
f 4682 4626 4628
f 4681 4629 4627
f 4682 4628 4630
f 4681 4631 4629
f 4682 4630 4632
f 4681 4633 4631
f 4682 4632 4634
f 4681 4635 4633
f 4682 4634 4636
f 4681 4637 4635
f 4682 4636 4638
f 4681 4639 4637
f 4682 4638 4640
f 4681 4641 4639
f 4682 4640 4642
f 4681 4643 4641
f 4682 4642 4644
f 4681 4645 4643
f 4682 4644 4646
f 4681 4647 4645
f 4682 4646 4648
f 4681 4649 4647
f 4682 4648 4650
f 4681 4651 4649
f 4682 4650 4652
f 4681 4653 4651
f 4682 4652 4654
f 4681 4655 4653
f 4682 4654 4656
f 4681 4657 4655
f 4682 4656 4658
f 4681 4659 4657
f 4682 4658 4660
f 4681 4661 4659
f 4682 4660 4662
f 4681 4663 4661
f 4682 4662 4664
f 4681 4665 4663
f 4682 4664 4666
f 4681 4667 4665
f 4682 4666 4668
f 4681 4669 4667
f 4682 4668 4670
f 4681 4671 4669
f 4682 4670 4672
f 4681 4673 4671
f 4682 4672 4674
f 4681 4675 4673
f 4682 4674 4676
f 4681 4677 4675
f 4682 4676 4678
f 4681 4679 4677
f 4682 4678 4680
f 4681 4625 4679
f 4682 4680 4626
f 4683 4684 4685
f 4683 4685 4686
f 4687 4689 4688
f 4687 4690 4689
f 4683 4687 4688
f 4683 4688 4684
f 4684 4688 4689
f 4684 4689 4685
f 4685 4689 4690
f 4685 4690 4686
f 4686 4690 4687
f 4686 4687 4683
f 4691 4693 4694
f 4691 4694 4692
f 4693 4695 4696
f 4693 4696 4694
f 4695 4697 4698
f 4695 4698 4696
f 4697 4699 4700
f 4697 4700 4698
f 4699 4701 4702
f 4699 4702 4700
f 4701 4703 4704
f 4701 4704 4702
f 4703 4705 4706
f 4703 4706 4704
f 4705 4707 4708
f 4705 4708 4706
f 4707 4709 4710
f 4707 4710 4708
f 4709 4711 4712
f 4709 4712 4710
f 4711 4713 4714
f 4711 4714 4712
f 4713 4715 4716
f 4713 4716 4714
f 4715 4717 4718
f 4715 4718 4716
f 4717 4719 4720
f 4717 4720 4718
f 4719 4721 4722
f 4719 4722 4720
f 4721 4691 4692
f 4721 4692 4722
f 4723 4693 4691
f 4724 4692 4694
f 4723 4695 4693
f 4724 4694 4696
f 4723 4697 4695
f 4724 4696 4698
f 4723 4699 4697
f 4724 4698 4700
f 4723 4701 4699
f 4724 4700 4702
f 4723 4703 4701
f 4724 4702 4704
f 4723 4705 4703
f 4724 4704 4706
f 4723 4707 4705
f 4724 4706 4708
f 4723 4709 4707
f 4724 4708 4710
f 4723 4711 4709
f 4724 4710 4712
f 4723 4713 4711
f 4724 4712 4714
f 4723 4715 4713
f 4724 4714 4716
f 4723 4717 4715
f 4724 4716 4718
f 4723 4719 4717
f 4724 4718 4720
f 4723 4721 4719
f 4724 4720 4722
f 4723 4691 4721
f 4724 4722 4692
f 4725 4727 4728
f 4725 4728 4726
f 4727 4729 4730
f 4727 4730 4728
f 4729 4731 4732
f 4729 4732 4730
f 4731 4733 4734
f 4731 4734 4732
f 4733 4735 4736
f 4733 4736 4734
f 4735 4737 4738
f 4735 4738 4736
f 4737 4739 4740
f 4737 4740 4738
f 4739 4741 4742
f 4739 4742 4740
f 4741 4743 4744
f 4741 4744 4742
f 4743 4745 4746
f 4743 4746 4744
f 4745 4747 4748
f 4745 4748 4746
f 4747 4749 4750
f 4747 4750 4748
f 4749 4751 4752
f 4749 4752 4750
f 4751 4753 4754
f 4751 4754 4752
f 4753 4755 4756
f 4753 4756 4754
f 4755 4757 4758
f 4755 4758 4756
f 4757 4759 4760
f 4757 4760 4758
f 4759 4725 4726
f 4759 4726 4760
f 4761 4727 4725
f 4762 4726 4728
f 4761 4729 4727
f 4762 4728 4730
f 4761 4731 4729
f 4762 4730 4732
f 4761 4733 4731
f 4762 4732 4734
f 4761 4735 4733
f 4762 4734 4736
f 4761 4737 4735
f 4762 4736 4738
f 4761 4739 4737
f 4762 4738 4740
f 4761 4741 4739
f 4762 4740 4742
f 4761 4743 4741
f 4762 4742 4744
f 4761 4745 4743
f 4762 4744 4746
f 4761 4747 4745
f 4762 4746 4748
f 4761 4749 4747
f 4762 4748 4750
f 4761 4751 4749
f 4762 4750 4752
f 4761 4753 4751
f 4762 4752 4754
f 4761 4755 4753
f 4762 4754 4756
f 4761 4757 4755
f 4762 4756 4758
f 4761 4759 4757
f 4762 4758 4760
f 4761 4725 4759
f 4762 4760 4726
f 4763 4765 4766
f 4763 4766 4764
f 4765 4767 4768
f 4765 4768 4766
f 4767 4769 4770
f 4767 4770 4768
f 4769 4771 4772
f 4769 4772 4770
f 4771 4773 4774
f 4771 4774 4772
f 4773 4775 4776
f 4773 4776 4774
f 4775 4777 4778
f 4775 4778 4776
f 4777 4779 4780
f 4777 4780 4778
f 4779 4781 4782
f 4779 4782 4780
f 4781 4783 4784
f 4781 4784 4782
f 4783 4785 4786
f 4783 4786 4784
f 4785 4787 4788
f 4785 4788 4786
f 4787 4789 4790
f 4787 4790 4788
f 4789 4791 4792
f 4789 4792 4790
f 4791 4793 4794
f 4791 4794 4792
f 4793 4795 4796
f 4793 4796 4794
f 4795 4797 4798
f 4795 4798 4796
f 4797 4799 4800
f 4797 4800 4798
f 4799 4801 4802
f 4799 4802 4800
f 4801 4803 4804
f 4801 4804 4802
f 4803 4805 4806
f 4803 4806 4804
f 4805 4807 4808
f 4805 4808 4806
f 4807 4809 4810
f 4807 4810 4808
f 4809 4811 4812
f 4809 4812 4810
f 4811 4813 4814
f 4811 4814 4812
f 4813 4815 4816
f 4813 4816 4814
f 4815 4817 4818
f 4815 4818 4816
f 4817 4763 4764
f 4817 4764 4818
f 4819 4765 4763
f 4820 4764 4766
f 4819 4767 4765
f 4820 4766 4768
f 4819 4769 4767
f 4820 4768 4770
f 4819 4771 4769
f 4820 4770 4772
f 4819 4773 4771
f 4820 4772 4774
f 4819 4775 4773
f 4820 4774 4776
f 4819 4777 4775
f 4820 4776 4778
f 4819 4779 4777
f 4820 4778 4780
f 4819 4781 4779
f 4820 4780 4782
f 4819 4783 4781
f 4820 4782 4784
f 4819 4785 4783
f 4820 4784 4786
f 4819 4787 4785
f 4820 4786 4788
f 4819 4789 4787
f 4820 4788 4790
f 4819 4791 4789
f 4820 4790 4792
f 4819 4793 4791
f 4820 4792 4794
f 4819 4795 4793
f 4820 4794 4796
f 4819 4797 4795
f 4820 4796 4798
f 4819 4799 4797
f 4820 4798 4800
f 4819 4801 4799
f 4820 4800 4802
f 4819 4803 4801
f 4820 4802 4804
f 4819 4805 4803
f 4820 4804 4806
f 4819 4807 4805
f 4820 4806 4808
f 4819 4809 4807
f 4820 4808 4810
f 4819 4811 4809
f 4820 4810 4812
f 4819 4813 4811
f 4820 4812 4814
f 4819 4815 4813
f 4820 4814 4816
f 4819 4817 4815
f 4820 4816 4818
f 4819 4763 4817
f 4820 4818 4764
f 4821 4823 4824
f 4821 4824 4822
f 4823 4825 4826
f 4823 4826 4824
f 4825 4827 4828
f 4825 4828 4826
f 4827 4829 4830
f 4827 4830 4828
f 4829 4831 4832
f 4829 4832 4830
f 4831 4833 4834
f 4831 4834 4832
f 4833 4835 4836
f 4833 4836 4834
f 4835 4837 4838
f 4835 4838 4836
f 4837 4839 4840
f 4837 4840 4838
f 4839 4841 4842
f 4839 4842 4840
f 4841 4843 4844
f 4841 4844 4842
f 4843 4845 4846
f 4843 4846 4844
f 4845 4847 4848
f 4845 4848 4846
f 4847 4849 4850
f 4847 4850 4848
f 4849 4851 4852
f 4849 4852 4850
f 4851 4821 4822
f 4851 4822 4852
f 4853 4823 4821
f 4854 4822 4824
f 4853 4825 4823
f 4854 4824 4826
f 4853 4827 4825
f 4854 4826 4828
f 4853 4829 4827
f 4854 4828 4830
f 4853 4831 4829
f 4854 4830 4832
f 4853 4833 4831
f 4854 4832 4834
f 4853 4835 4833
f 4854 4834 4836
f 4853 4837 4835
f 4854 4836 4838
f 4853 4839 4837
f 4854 4838 4840
f 4853 4841 4839
f 4854 4840 4842
f 4853 4843 4841
f 4854 4842 4844
f 4853 4845 4843
f 4854 4844 4846
f 4853 4847 4845
f 4854 4846 4848
f 4853 4849 4847
f 4854 4848 4850
f 4853 4851 4849
f 4854 4850 4852
f 4853 4821 4851
f 4854 4852 4822
f 4855 4857 4858
f 4855 4858 4856
f 4857 4859 4860
f 4857 4860 4858
f 4859 4861 4862
f 4859 4862 4860
f 4861 4863 4864
f 4861 4864 4862
f 4863 4865 4866
f 4863 4866 4864
f 4865 4867 4868
f 4865 4868 4866
f 4867 4869 4870
f 4867 4870 4868
f 4869 4871 4872
f 4869 4872 4870
f 4871 4873 4874
f 4871 4874 4872
f 4873 4875 4876
f 4873 4876 4874
f 4875 4877 4878
f 4875 4878 4876
f 4877 4879 4880
f 4877 4880 4878
f 4879 4881 4882
f 4879 4882 4880
f 4881 4883 4884
f 4881 4884 4882
f 4883 4885 4886
f 4883 4886 4884
f 4885 4855 4856
f 4885 4856 4886
f 4887 4857 4855
f 4888 4856 4858
f 4887 4859 4857
f 4888 4858 4860
f 4887 4861 4859
f 4888 4860 4862
f 4887 4863 4861
f 4888 4862 4864
f 4887 4865 4863
f 4888 4864 4866
f 4887 4867 4865
f 4888 4866 4868
f 4887 4869 4867
f 4888 4868 4870
f 4887 4871 4869
f 4888 4870 4872
f 4887 4873 4871
f 4888 4872 4874
f 4887 4875 4873
f 4888 4874 4876
f 4887 4877 4875
f 4888 4876 4878
f 4887 4879 4877
f 4888 4878 4880
f 4887 4881 4879
f 4888 4880 4882
f 4887 4883 4881
f 4888 4882 4884
f 4887 4885 4883
f 4888 4884 4886
f 4887 4855 4885
f 4888 4886 4856
f 4889 4897 4898
f 4889 4898 4890
f 4890 4898 4899
f 4890 4899 4891
f 4891 4899 4900
f 4891 4900 4892
f 4892 4900 4901
f 4892 4901 4893
f 4893 4901 4902
f 4893 4902 4894
f 4894 4902 4903
f 4894 4903 4895
f 4895 4903 4904
f 4895 4904 4896
f 4896 4904 4897
f 4896 4897 4889
f 4897 4905 4906
f 4897 4906 4898
f 4898 4906 4907
f 4898 4907 4899
f 4899 4907 4908
f 4899 4908 4900
f 4900 4908 4909
f 4900 4909 4901
f 4901 4909 4910
f 4901 4910 4902
f 4902 4910 4911
f 4902 4911 4903
f 4903 4911 4912
f 4903 4912 4904
f 4904 4912 4905
f 4904 4905 4897
f 4905 4913 4914
f 4905 4914 4906
f 4906 4914 4915
f 4906 4915 4907
f 4907 4915 4916
f 4907 4916 4908
f 4908 4916 4917
f 4908 4917 4909
f 4909 4917 4918
f 4909 4918 4910
f 4910 4918 4919
f 4910 4919 4911
f 4911 4919 4920
f 4911 4920 4912
f 4912 4920 4913
f 4912 4913 4905
f 4913 4921 4922
f 4913 4922 4914
f 4914 4922 4923
f 4914 4923 4915
f 4915 4923 4924
f 4915 4924 4916
f 4916 4924 4925
f 4916 4925 4917
f 4917 4925 4926
f 4917 4926 4918
f 4918 4926 4927
f 4918 4927 4919
f 4919 4927 4928
f 4919 4928 4920
f 4920 4928 4921
f 4920 4921 4913
f 4921 4929 4930
f 4921 4930 4922
f 4922 4930 4931
f 4922 4931 4923
f 4923 4931 4932
f 4923 4932 4924
f 4924 4932 4933
f 4924 4933 4925
f 4925 4933 4934
f 4925 4934 4926
f 4926 4934 4935
f 4926 4935 4927
f 4927 4935 4936
f 4927 4936 4928
f 4928 4936 4929
f 4928 4929 4921
f 4929 4937 4938
f 4929 4938 4930
f 4930 4938 4939
f 4930 4939 4931
f 4931 4939 4940
f 4931 4940 4932
f 4932 4940 4941
f 4932 4941 4933
f 4933 4941 4942
f 4933 4942 4934
f 4934 4942 4943
f 4934 4943 4935
f 4935 4943 4944
f 4935 4944 4936
f 4936 4944 4937
f 4936 4937 4929
f 4937 4945 4946
f 4937 4946 4938
f 4938 4946 4947
f 4938 4947 4939
f 4939 4947 4948
f 4939 4948 4940
f 4940 4948 4949
f 4940 4949 4941
f 4941 4949 4950
f 4941 4950 4942
f 4942 4950 4951
f 4942 4951 4943
f 4943 4951 4952
f 4943 4952 4944
f 4944 4952 4945
f 4944 4945 4937
f 4945 4953 4954
f 4945 4954 4946
f 4946 4954 4955
f 4946 4955 4947
f 4947 4955 4956
f 4947 4956 4948
f 4948 4956 4957
f 4948 4957 4949
f 4949 4957 4958
f 4949 4958 4950
f 4950 4958 4959
f 4950 4959 4951
f 4951 4959 4960
f 4951 4960 4952
f 4952 4960 4953
f 4952 4953 4945
f 4953 4961 4962
f 4953 4962 4954
f 4954 4962 4963
f 4954 4963 4955
f 4955 4963 4964
f 4955 4964 4956
f 4956 4964 4965
f 4956 4965 4957
f 4957 4965 4966
f 4957 4966 4958
f 4958 4966 4967
f 4958 4967 4959
f 4959 4967 4968
f 4959 4968 4960
f 4960 4968 4961
f 4960 4961 4953
f 4961 4969 4970
f 4961 4970 4962
f 4962 4970 4971
f 4962 4971 4963
f 4963 4971 4972
f 4963 4972 4964
f 4964 4972 4973
f 4964 4973 4965
f 4965 4973 4974
f 4965 4974 4966
f 4966 4974 4975
f 4966 4975 4967
f 4967 4975 4976
f 4967 4976 4968
f 4968 4976 4969
f 4968 4969 4961
f 4969 4977 4978
f 4969 4978 4970
f 4970 4978 4979
f 4970 4979 4971
f 4971 4979 4980
f 4971 4980 4972
f 4972 4980 4981
f 4972 4981 4973
f 4973 4981 4982
f 4973 4982 4974
f 4974 4982 4983
f 4974 4983 4975
f 4975 4983 4984
f 4975 4984 4976
f 4976 4984 4977
f 4976 4977 4969
f 4977 4985 4986
f 4977 4986 4978
f 4978 4986 4987
f 4978 4987 4979
f 4979 4987 4988
f 4979 4988 4980
f 4980 4988 4989
f 4980 4989 4981
f 4981 4989 4990
f 4981 4990 4982
f 4982 4990 4991
f 4982 4991 4983
f 4983 4991 4992
f 4983 4992 4984
f 4984 4992 4985
f 4984 4985 4977
f 4985 4993 4994
f 4985 4994 4986
f 4986 4994 4995
f 4986 4995 4987
f 4987 4995 4996
f 4987 4996 4988
f 4988 4996 4997
f 4988 4997 4989
f 4989 4997 4998
f 4989 4998 4990
f 4990 4998 4999
f 4990 4999 4991
f 4991 4999 5000
f 4991 5000 4992
f 4992 5000 4993
f 4992 4993 4985
f 4993 5001 5002
f 4993 5002 4994
f 4994 5002 5003
f 4994 5003 4995
f 4995 5003 5004
f 4995 5004 4996
f 4996 5004 5005
f 4996 5005 4997
f 4997 5005 5006
f 4997 5006 4998
f 4998 5006 5007
f 4998 5007 4999
f 4999 5007 5008
f 4999 5008 5000
f 5000 5008 5001
f 5000 5001 4993
f 5001 5009 5010
f 5001 5010 5002
f 5002 5010 5011
f 5002 5011 5003
f 5003 5011 5012
f 5003 5012 5004
f 5004 5012 5013
f 5004 5013 5005
f 5005 5013 5014
f 5005 5014 5006
f 5006 5014 5015
f 5006 5015 5007
f 5007 5015 5016
f 5007 5016 5008
f 5008 5016 5009
f 5008 5009 5001
f 5009 4889 4890
f 5009 4890 5010
f 5010 4890 4891
f 5010 4891 5011
f 5011 4891 4892
f 5011 4892 5012
f 5012 4892 4893
f 5012 4893 5013
f 5013 4893 4894
f 5013 4894 5014
f 5014 4894 4895
f 5014 4895 5015
f 5015 4895 4896
f 5015 4896 5016
f 5016 4896 4889
f 5016 4889 5009
f 5017 5025 5026
f 5017 5026 5018
f 5018 5026 5027
f 5018 5027 5019
f 5019 5027 5028
f 5019 5028 5020
f 5020 5028 5029
f 5020 5029 5021
f 5021 5029 5030
f 5021 5030 5022
f 5022 5030 5031
f 5022 5031 5023
f 5023 5031 5032
f 5023 5032 5024
f 5024 5032 5025
f 5024 5025 5017
f 5025 5033 5034
f 5025 5034 5026
f 5026 5034 5035
f 5026 5035 5027
f 5027 5035 5036
f 5027 5036 5028
f 5028 5036 5037
f 5028 5037 5029
f 5029 5037 5038
f 5029 5038 5030
f 5030 5038 5039
f 5030 5039 5031
f 5031 5039 5040
f 5031 5040 5032
f 5032 5040 5033
f 5032 5033 5025
f 5033 5041 5042
f 5033 5042 5034
f 5034 5042 5043
f 5034 5043 5035
f 5035 5043 5044
f 5035 5044 5036
f 5036 5044 5045
f 5036 5045 5037
f 5037 5045 5046
f 5037 5046 5038
f 5038 5046 5047
f 5038 5047 5039
f 5039 5047 5048
f 5039 5048 5040
f 5040 5048 5041
f 5040 5041 5033
f 5041 5049 5050
f 5041 5050 5042
f 5042 5050 5051
f 5042 5051 5043
f 5043 5051 5052
f 5043 5052 5044
f 5044 5052 5053
f 5044 5053 5045
f 5045 5053 5054
f 5045 5054 5046
f 5046 5054 5055
f 5046 5055 5047
f 5047 5055 5056
f 5047 5056 5048
f 5048 5056 5049
f 5048 5049 5041
f 5049 5057 5058
f 5049 5058 5050
f 5050 5058 5059
f 5050 5059 5051
f 5051 5059 5060
f 5051 5060 5052
f 5052 5060 5061
f 5052 5061 5053
f 5053 5061 5062
f 5053 5062 5054
f 5054 5062 5063
f 5054 5063 5055
f 5055 5063 5064
f 5055 5064 5056
f 5056 5064 5057
f 5056 5057 5049
f 5057 5065 5066
f 5057 5066 5058
f 5058 5066 5067
f 5058 5067 5059
f 5059 5067 5068
f 5059 5068 5060
f 5060 5068 5069
f 5060 5069 5061
f 5061 5069 5070
f 5061 5070 5062
f 5062 5070 5071
f 5062 5071 5063
f 5063 5071 5072
f 5063 5072 5064
f 5064 5072 5065
f 5064 5065 5057
f 5065 5073 5074
f 5065 5074 5066
f 5066 5074 5075
f 5066 5075 5067
f 5067 5075 5076
f 5067 5076 5068
f 5068 5076 5077
f 5068 5077 5069
f 5069 5077 5078
f 5069 5078 5070
f 5070 5078 5079
f 5070 5079 5071
f 5071 5079 5080
f 5071 5080 5072
f 5072 5080 5073
f 5072 5073 5065
f 5073 5081 5082
f 5073 5082 5074
f 5074 5082 5083
f 5074 5083 5075
f 5075 5083 5084
f 5075 5084 5076
f 5076 5084 5085
f 5076 5085 5077
f 5077 5085 5086
f 5077 5086 5078
f 5078 5086 5087
f 5078 5087 5079
f 5079 5087 5088
f 5079 5088 5080
f 5080 5088 5081
f 5080 5081 5073
f 5081 5089 5090
f 5081 5090 5082
f 5082 5090 5091
f 5082 5091 5083
f 5083 5091 5092
f 5083 5092 5084
f 5084 5092 5093
f 5084 5093 5085
f 5085 5093 5094
f 5085 5094 5086
f 5086 5094 5095
f 5086 5095 5087
f 5087 5095 5096
f 5087 5096 5088
f 5088 5096 5089
f 5088 5089 5081
f 5089 5097 5098
f 5089 5098 5090
f 5090 5098 5099
f 5090 5099 5091
f 5091 5099 5100
f 5091 5100 5092
f 5092 5100 5101
f 5092 5101 5093
f 5093 5101 5102
f 5093 5102 5094
f 5094 5102 5103
f 5094 5103 5095
f 5095 5103 5104
f 5095 5104 5096
f 5096 5104 5097
f 5096 5097 5089
f 5097 5105 5106
f 5097 5106 5098
f 5098 5106 5107
f 5098 5107 5099
f 5099 5107 5108
f 5099 5108 5100
f 5100 5108 5109
f 5100 5109 5101
f 5101 5109 5110
f 5101 5110 5102
f 5102 5110 5111
f 5102 5111 5103
f 5103 5111 5112
f 5103 5112 5104
f 5104 5112 5105
f 5104 5105 5097
f 5105 5113 5114
f 5105 5114 5106
f 5106 5114 5115
f 5106 5115 5107
f 5107 5115 5116
f 5107 5116 5108
f 5108 5116 5117
f 5108 5117 5109
f 5109 5117 5118
f 5109 5118 5110
f 5110 5118 5119
f 5110 5119 5111
f 5111 5119 5120
f 5111 5120 5112
f 5112 5120 5113
f 5112 5113 5105
f 5113 5121 5122
f 5113 5122 5114
f 5114 5122 5123
f 5114 5123 5115
f 5115 5123 5124
f 5115 5124 5116
f 5116 5124 5125
f 5116 5125 5117
f 5117 5125 5126
f 5117 5126 5118
f 5118 5126 5127
f 5118 5127 5119
f 5119 5127 5128
f 5119 5128 5120
f 5120 5128 5121
f 5120 5121 5113
f 5121 5017 5018
f 5121 5018 5122
f 5122 5018 5019
f 5122 5019 5123
f 5123 5019 5020
f 5123 5020 5124
f 5124 5020 5021
f 5124 5021 5125
f 5125 5021 5022
f 5125 5022 5126
f 5126 5022 5023
f 5126 5023 5127
f 5127 5023 5024
f 5127 5024 5128
f 5128 5024 5017
f 5128 5017 5121
f 5129 5130 5131
f 5129 5131 5132
f 5133 5135 5134
f 5133 5136 5135
f 5129 5133 5134
f 5129 5134 5130
f 5130 5134 5135
f 5130 5135 5131
f 5131 5135 5136
f 5131 5136 5132
f 5132 5136 5133
f 5132 5133 5129
o 21-PA-2001B
usemtl pump
f 5137 5138 5139
f 5137 5139 5140
f 5141 5143 5142
f 5141 5144 5143
f 5137 5141 5142
f 5137 5142 5138
f 5138 5142 5143
f 5138 5143 5139
f 5139 5143 5144
f 5139 5144 5140
f 5140 5144 5141
f 5140 5141 5137
f 5145 5146 5147
f 5145 5147 5148
f 5149 5151 5150
f 5149 5152 5151
f 5145 5149 5150
f 5145 5150 5146
f 5146 5150 5151
f 5146 5151 5147
f 5147 5151 5152
f 5147 5152 5148
f 5148 5152 5149
f 5148 5149 5145
f 5153 5155 5156
f 5153 5156 5154
f 5155 5157 5158
f 5155 5158 5156
f 5157 5159 5160
f 5157 5160 5158
f 5159 5161 5162
f 5159 5162 5160
f 5161 5163 5164
f 5161 5164 5162
f 5163 5165 5166
f 5163 5166 5164
f 5165 5167 5168
f 5165 5168 5166
f 5167 5153 5154
f 5167 5154 5168
f 5169 5155 5153
f 5170 5154 5156
f 5169 5157 5155
f 5170 5156 5158
f 5169 5159 5157
f 5170 5158 5160
f 5169 5161 5159
f 5170 5160 5162
f 5169 5163 5161
f 5170 5162 5164
f 5169 5165 5163
f 5170 5164 5166
f 5169 5167 5165
f 5170 5166 5168
f 5169 5153 5167
f 5170 5168 5154
f 5171 5173 5174
f 5171 5174 5172
f 5173 5175 5176
f 5173 5176 5174
f 5175 5177 5178
f 5175 5178 5176
f 5177 5179 5180
f 5177 5180 5178
f 5179 5181 5182
f 5179 5182 5180
f 5181 5183 5184
f 5181 5184 5182
f 5183 5185 5186
f 5183 5186 5184
f 5185 5171 5172
f 5185 5172 5186
f 5187 5173 5171
f 5188 5172 5174
f 5187 5175 5173
f 5188 5174 5176
f 5187 5177 5175
f 5188 5176 5178
f 5187 5179 5177
f 5188 5178 5180
f 5187 5181 5179
f 5188 5180 5182
f 5187 5183 5181
f 5188 5182 5184
f 5187 5185 5183
f 5188 5184 5186
f 5187 5171 5185
f 5188 5186 5172
f 5189 5191 5192
f 5189 5192 5190
f 5191 5193 5194
f 5191 5194 5192
f 5193 5195 5196
f 5193 5196 5194
f 5195 5197 5198
f 5195 5198 5196
f 5197 5199 5200
f 5197 5200 5198
f 5199 5201 5202
f 5199 5202 5200
f 5201 5203 5204
f 5201 5204 5202
f 5203 5189 5190
f 5203 5190 5204
f 5205 5191 5189
f 5206 5190 5192
f 5205 5193 5191
f 5206 5192 5194
f 5205 5195 5193
f 5206 5194 5196
f 5205 5197 5195
f 5206 5196 5198
f 5205 5199 5197
f 5206 5198 5200
f 5205 5201 5199
f 5206 5200 5202
f 5205 5203 5201
f 5206 5202 5204
f 5205 5189 5203
f 5206 5204 5190
f 5207 5209 5210
f 5207 5210 5208
f 5209 5211 5212
f 5209 5212 5210
f 5211 5213 5214
f 5211 5214 5212
f 5213 5215 5216
f 5213 5216 5214
f 5215 5217 5218
f 5215 5218 5216
f 5217 5219 5220
f 5217 5220 5218
f 5219 5221 5222
f 5219 5222 5220
f 5221 5207 5208
f 5221 5208 5222
f 5223 5209 5207
f 5224 5208 5210
f 5223 5211 5209
f 5224 5210 5212
f 5223 5213 5211
f 5224 5212 5214
f 5223 5215 5213
f 5224 5214 5216
f 5223 5217 5215
f 5224 5216 5218
f 5223 5219 5217
f 5224 5218 5220
f 5223 5221 5219
f 5224 5220 5222
f 5223 5207 5221
f 5224 5222 5208
f 5225 5227 5228
f 5225 5228 5226
f 5227 5229 5230
f 5227 5230 5228
f 5229 5231 5232
f 5229 5232 5230
f 5231 5233 5234
f 5231 5234 5232
f 5233 5235 5236
f 5233 5236 5234
f 5235 5237 5238
f 5235 5238 5236
f 5237 5239 5240
f 5237 5240 5238
f 5239 5241 5242
f 5239 5242 5240
f 5241 5243 5244
f 5241 5244 5242
f 5243 5245 5246
f 5243 5246 5244
f 5245 5247 5248
f 5245 5248 5246
f 5247 5249 5250
f 5247 5250 5248
f 5249 5251 5252
f 5249 5252 5250
f 5251 5253 5254
f 5251 5254 5252
f 5253 5255 5256
f 5253 5256 5254
f 5255 5257 5258
f 5255 5258 5256
f 5257 5259 5260
f 5257 5260 5258
f 5259 5261 5262
f 5259 5262 5260
f 5261 5263 5264
f 5261 5264 5262
f 5263 5265 5266
f 5263 5266 5264
f 5265 5267 5268
f 5265 5268 5266
f 5267 5269 5270
f 5267 5270 5268
f 5269 5271 5272
f 5269 5272 5270
f 5271 5273 5274
f 5271 5274 5272
f 5273 5275 5276
f 5273 5276 5274
f 5275 5277 5278
f 5275 5278 5276
f 5277 5279 5280
f 5277 5280 5278
f 5279 5225 5226
f 5279 5226 5280
f 5281 5227 5225
f 5282 5226 5228
f 5281 5229 5227
f 5282 5228 5230
f 5281 5231 5229
f 5282 5230 5232
f 5281 5233 5231
f 5282 5232 5234
f 5281 5235 5233
f 5282 5234 5236
f 5281 5237 5235
f 5282 5236 5238
f 5281 5239 5237
f 5282 5238 5240
f 5281 5241 5239
f 5282 5240 5242
f 5281 5243 5241
f 5282 5242 5244
f 5281 5245 5243
f 5282 5244 5246
f 5281 5247 5245
f 5282 5246 5248
f 5281 5249 5247
f 5282 5248 5250
f 5281 5251 5249
f 5282 5250 5252
f 5281 5253 5251
f 5282 5252 5254
f 5281 5255 5253
f 5282 5254 5256
f 5281 5257 5255
f 5282 5256 5258
f 5281 5259 5257
f 5282 5258 5260
f 5281 5261 5259
f 5282 5260 5262
f 5281 5263 5261
f 5282 5262 5264
f 5281 5265 5263
f 5282 5264 5266
f 5281 5267 5265
f 5282 5266 5268
f 5281 5269 5267
f 5282 5268 5270
f 5281 5271 5269
f 5282 5270 5272
f 5281 5273 5271
f 5282 5272 5274
f 5281 5275 5273
f 5282 5274 5276
f 5281 5277 5275
f 5282 5276 5278
f 5281 5279 5277
f 5282 5278 5280
f 5281 5225 5279
f 5282 5280 5226
f 5283 5284 5285
f 5283 5285 5286
f 5287 5289 5288
f 5287 5290 5289
f 5283 5287 5288
f 5283 5288 5284
f 5284 5288 5289
f 5284 5289 5285
f 5285 5289 5290
f 5285 5290 5286
f 5286 5290 5287
f 5286 5287 5283
f 5291 5293 5294
f 5291 5294 5292
f 5293 5295 5296
f 5293 5296 5294
f 5295 5297 5298
f 5295 5298 5296
f 5297 5299 5300
f 5297 5300 5298
f 5299 5301 5302
f 5299 5302 5300
f 5301 5303 5304
f 5301 5304 5302
f 5303 5305 5306
f 5303 5306 5304
f 5305 5307 5308
f 5305 5308 5306
f 5307 5309 5310
f 5307 5310 5308
f 5309 5311 5312
f 5309 5312 5310
f 5311 5313 5314
f 5311 5314 5312
f 5313 5315 5316
f 5313 5316 5314
f 5315 5317 5318
f 5315 5318 5316
f 5317 5319 5320
f 5317 5320 5318
f 5319 5321 5322
f 5319 5322 5320
f 5321 5291 5292
f 5321 5292 5322
f 5323 5293 5291
f 5324 5292 5294
f 5323 5295 5293
f 5324 5294 5296
f 5323 5297 5295
f 5324 5296 5298
f 5323 5299 5297
f 5324 5298 5300
f 5323 5301 5299
f 5324 5300 5302
f 5323 5303 5301
f 5324 5302 5304
f 5323 5305 5303
f 5324 5304 5306
f 5323 5307 5305
f 5324 5306 5308
f 5323 5309 5307
f 5324 5308 5310
f 5323 5311 5309
f 5324 5310 5312
f 5323 5313 5311
f 5324 5312 5314
f 5323 5315 5313
f 5324 5314 5316
f 5323 5317 5315
f 5324 5316 5318
f 5323 5319 5317
f 5324 5318 5320
f 5323 5321 5319
f 5324 5320 5322
f 5323 5291 5321
f 5324 5322 5292
f 5325 5327 5328
f 5325 5328 5326
f 5327 5329 5330
f 5327 5330 5328
f 5329 5331 5332
f 5329 5332 5330
f 5331 5333 5334
f 5331 5334 5332
f 5333 5335 5336
f 5333 5336 5334
f 5335 5337 5338
f 5335 5338 5336
f 5337 5339 5340
f 5337 5340 5338
f 5339 5341 5342
f 5339 5342 5340
f 5341 5343 5344
f 5341 5344 5342
f 5343 5345 5346
f 5343 5346 5344
f 5345 5347 5348
f 5345 5348 5346
f 5347 5349 5350
f 5347 5350 5348
f 5349 5351 5352
f 5349 5352 5350
f 5351 5353 5354
f 5351 5354 5352
f 5353 5355 5356
f 5353 5356 5354
f 5355 5357 5358
f 5355 5358 5356
f 5357 5359 5360
f 5357 5360 5358
f 5359 5325 5326
f 5359 5326 5360
f 5361 5327 5325
f 5362 5326 5328
f 5361 5329 5327
f 5362 5328 5330
f 5361 5331 5329
f 5362 5330 5332
f 5361 5333 5331
f 5362 5332 5334
f 5361 5335 5333
f 5362 5334 5336
f 5361 5337 5335
f 5362 5336 5338
f 5361 5339 5337
f 5362 5338 5340
f 5361 5341 5339
f 5362 5340 5342
f 5361 5343 5341
f 5362 5342 5344
f 5361 5345 5343
f 5362 5344 5346
f 5361 5347 5345
f 5362 5346 5348
f 5361 5349 5347
f 5362 5348 5350
f 5361 5351 5349
f 5362 5350 5352
f 5361 5353 5351
f 5362 5352 5354
f 5361 5355 5353
f 5362 5354 5356
f 5361 5357 5355
f 5362 5356 5358
f 5361 5359 5357
f 5362 5358 5360
f 5361 5325 5359
f 5362 5360 5326
f 5363 5365 5366
f 5363 5366 5364
f 5365 5367 5368
f 5365 5368 5366
f 5367 5369 5370
f 5367 5370 5368
f 5369 5371 5372
f 5369 5372 5370
f 5371 5373 5374
f 5371 5374 5372
f 5373 5375 5376
f 5373 5376 5374
f 5375 5377 5378
f 5375 5378 5376
f 5377 5379 5380
f 5377 5380 5378
f 5379 5381 5382
f 5379 5382 5380
f 5381 5383 5384
f 5381 5384 5382
f 5383 5385 5386
f 5383 5386 5384
f 5385 5387 5388
f 5385 5388 5386
f 5387 5389 5390
f 5387 5390 5388
f 5389 5391 5392
f 5389 5392 5390
f 5391 5393 5394
f 5391 5394 5392
f 5393 5395 5396
f 5393 5396 5394
f 5395 5397 5398
f 5395 5398 5396
f 5397 5399 5400
f 5397 5400 5398
f 5399 5401 5402
f 5399 5402 5400
f 5401 5403 5404
f 5401 5404 5402
f 5403 5405 5406
f 5403 5406 5404
f 5405 5407 5408
f 5405 5408 5406
f 5407 5409 5410
f 5407 5410 5408
f 5409 5411 5412
f 5409 5412 5410
f 5411 5413 5414
f 5411 5414 5412
f 5413 5415 5416
f 5413 5416 5414
f 5415 5417 5418
f 5415 5418 5416
f 5417 5363 5364
f 5417 5364 5418
f 5419 5365 5363
f 5420 5364 5366
f 5419 5367 5365
f 5420 5366 5368
f 5419 5369 5367
f 5420 5368 5370
f 5419 5371 5369
f 5420 5370 5372
f 5419 5373 5371
f 5420 5372 5374
f 5419 5375 5373
f 5420 5374 5376
f 5419 5377 5375
f 5420 5376 5378
f 5419 5379 5377
f 5420 5378 5380
f 5419 5381 5379
f 5420 5380 5382
f 5419 5383 5381
f 5420 5382 5384
f 5419 5385 5383
f 5420 5384 5386
f 5419 5387 5385
f 5420 5386 5388
f 5419 5389 5387
f 5420 5388 5390
f 5419 5391 5389
f 5420 5390 5392
f 5419 5393 5391
f 5420 5392 5394
f 5419 5395 5393
f 5420 5394 5396
f 5419 5397 5395
f 5420 5396 5398
f 5419 5399 5397
f 5420 5398 5400
f 5419 5401 5399
f 5420 5400 5402
f 5419 5403 5401
f 5420 5402 5404
f 5419 5405 5403
f 5420 5404 5406
f 5419 5407 5405
f 5420 5406 5408
f 5419 5409 5407
f 5420 5408 5410
f 5419 5411 5409
f 5420 5410 5412
f 5419 5413 5411
f 5420 5412 5414
f 5419 5415 5413
f 5420 5414 5416
f 5419 5417 5415
f 5420 5416 5418
f 5419 5363 5417
f 5420 5418 5364
f 5421 5423 5424
f 5421 5424 5422
f 5423 5425 5426
f 5423 5426 5424
f 5425 5427 5428
f 5425 5428 5426
f 5427 5429 5430
f 5427 5430 5428
f 5429 5431 5432
f 5429 5432 5430
f 5431 5433 5434
f 5431 5434 5432
f 5433 5435 5436
f 5433 5436 5434
f 5435 5437 5438
f 5435 5438 5436
f 5437 5439 5440
f 5437 5440 5438
f 5439 5441 5442
f 5439 5442 5440
f 5441 5443 5444
f 5441 5444 5442
f 5443 5445 5446
f 5443 5446 5444
f 5445 5447 5448
f 5445 5448 5446
f 5447 5449 5450
f 5447 5450 5448
f 5449 5451 5452
f 5449 5452 5450
f 5451 5421 5422
f 5451 5422 5452
f 5453 5423 5421
f 5454 5422 5424
f 5453 5425 5423
f 5454 5424 5426
f 5453 5427 5425
f 5454 5426 5428
f 5453 5429 5427
f 5454 5428 5430
f 5453 5431 5429
f 5454 5430 5432
f 5453 5433 5431
f 5454 5432 5434
f 5453 5435 5433
f 5454 5434 5436
f 5453 5437 5435
f 5454 5436 5438
f 5453 5439 5437
f 5454 5438 5440
f 5453 5441 5439
f 5454 5440 5442
f 5453 5443 5441
f 5454 5442 5444
f 5453 5445 5443
f 5454 5444 5446
f 5453 5447 5445
f 5454 5446 5448
f 5453 5449 5447
f 5454 5448 5450
f 5453 5451 5449
f 5454 5450 5452
f 5453 5421 5451
f 5454 5452 5422
f 5455 5457 5458
f 5455 5458 5456
f 5457 5459 5460
f 5457 5460 5458
f 5459 5461 5462
f 5459 5462 5460
f 5461 5463 5464
f 5461 5464 5462
f 5463 5465 5466
f 5463 5466 5464
f 5465 5467 5468
f 5465 5468 5466
f 5467 5469 5470
f 5467 5470 5468
f 5469 5471 5472
f 5469 5472 5470
f 5471 5473 5474
f 5471 5474 5472
f 5473 5475 5476
f 5473 5476 5474
f 5475 5477 5478
f 5475 5478 5476
f 5477 5479 5480
f 5477 5480 5478
f 5479 5481 5482
f 5479 5482 5480
f 5481 5483 5484
f 5481 5484 5482
f 5483 5485 5486
f 5483 5486 5484
f 5485 5455 5456
f 5485 5456 5486
f 5487 5457 5455
f 5488 5456 5458
f 5487 5459 5457
f 5488 5458 5460
f 5487 5461 5459
f 5488 5460 5462
f 5487 5463 5461
f 5488 5462 5464
f 5487 5465 5463
f 5488 5464 5466
f 5487 5467 5465
f 5488 5466 5468
f 5487 5469 5467
f 5488 5468 5470
f 5487 5471 5469
f 5488 5470 5472
f 5487 5473 5471
f 5488 5472 5474
f 5487 5475 5473
f 5488 5474 5476
f 5487 5477 5475
f 5488 5476 5478
f 5487 5479 5477
f 5488 5478 5480
f 5487 5481 5479
f 5488 5480 5482
f 5487 5483 5481
f 5488 5482 5484
f 5487 5485 5483
f 5488 5484 5486
f 5487 5455 5485
f 5488 5486 5456
f 5489 5497 5498
f 5489 5498 5490
f 5490 5498 5499
f 5490 5499 5491
f 5491 5499 5500
f 5491 5500 5492
f 5492 5500 5501
f 5492 5501 5493
f 5493 5501 5502
f 5493 5502 5494
f 5494 5502 5503
f 5494 5503 5495
f 5495 5503 5504
f 5495 5504 5496
f 5496 5504 5497
f 5496 5497 5489
f 5497 5505 5506
f 5497 5506 5498
f 5498 5506 5507
f 5498 5507 5499
f 5499 5507 5508
f 5499 5508 5500
f 5500 5508 5509
f 5500 5509 5501
f 5501 5509 5510
f 5501 5510 5502
f 5502 5510 5511
f 5502 5511 5503
f 5503 5511 5512
f 5503 5512 5504
f 5504 5512 5505
f 5504 5505 5497
f 5505 5513 5514
f 5505 5514 5506
f 5506 5514 5515
f 5506 5515 5507
f 5507 5515 5516
f 5507 5516 5508
f 5508 5516 5517
f 5508 5517 5509
f 5509 5517 5518
f 5509 5518 5510
f 5510 5518 5519
f 5510 5519 5511
f 5511 5519 5520
f 5511 5520 5512
f 5512 5520 5513
f 5512 5513 5505
f 5513 5521 5522
f 5513 5522 5514
f 5514 5522 5523
f 5514 5523 5515
f 5515 5523 5524
f 5515 5524 5516
f 5516 5524 5525
f 5516 5525 5517
f 5517 5525 5526
f 5517 5526 5518
f 5518 5526 5527
f 5518 5527 5519
f 5519 5527 5528
f 5519 5528 5520
f 5520 5528 5521
f 5520 5521 5513
f 5521 5529 5530
f 5521 5530 5522
f 5522 5530 5531
f 5522 5531 5523
f 5523 5531 5532
f 5523 5532 5524
f 5524 5532 5533
f 5524 5533 5525
f 5525 5533 5534
f 5525 5534 5526
f 5526 5534 5535
f 5526 5535 5527
f 5527 5535 5536
f 5527 5536 5528
f 5528 5536 5529
f 5528 5529 5521
f 5529 5537 5538
f 5529 5538 5530
f 5530 5538 5539
f 5530 5539 5531
f 5531 5539 5540
f 5531 5540 5532
f 5532 5540 5541
f 5532 5541 5533
f 5533 5541 5542
f 5533 5542 5534
f 5534 5542 5543
f 5534 5543 5535
f 5535 5543 5544
f 5535 5544 5536
f 5536 5544 5537
f 5536 5537 5529
f 5537 5545 5546
f 5537 5546 5538
f 5538 5546 5547
f 5538 5547 5539
f 5539 5547 5548
f 5539 5548 5540
f 5540 5548 5549
f 5540 5549 5541
f 5541 5549 5550
f 5541 5550 5542
f 5542 5550 5551
f 5542 5551 5543
f 5543 5551 5552
f 5543 5552 5544
f 5544 5552 5545
f 5544 5545 5537
f 5545 5553 5554
f 5545 5554 5546
f 5546 5554 5555
f 5546 5555 5547
f 5547 5555 5556
f 5547 5556 5548
f 5548 5556 5557
f 5548 5557 5549
f 5549 5557 5558
f 5549 5558 5550
f 5550 5558 5559
f 5550 5559 5551
f 5551 5559 5560
f 5551 5560 5552
f 5552 5560 5553
f 5552 5553 5545
f 5553 5561 5562
f 5553 5562 5554
f 5554 5562 5563
f 5554 5563 5555
f 5555 5563 5564
f 5555 5564 5556
f 5556 5564 5565
f 5556 5565 5557
f 5557 5565 5566
f 5557 5566 5558
f 5558 5566 5567
f 5558 5567 5559
f 5559 5567 5568
f 5559 5568 5560
f 5560 5568 5561
f 5560 5561 5553
f 5561 5569 5570
f 5561 5570 5562
f 5562 5570 5571
f 5562 5571 5563
f 5563 5571 5572
f 5563 5572 5564
f 5564 5572 5573
f 5564 5573 5565
f 5565 5573 5574
f 5565 5574 5566
f 5566 5574 5575
f 5566 5575 5567
f 5567 5575 5576
f 5567 5576 5568
f 5568 5576 5569
f 5568 5569 5561
f 5569 5577 5578
f 5569 5578 5570
f 5570 5578 5579
f 5570 5579 5571
f 5571 5579 5580
f 5571 5580 5572
f 5572 5580 5581
f 5572 5581 5573
f 5573 5581 5582
f 5573 5582 5574
f 5574 5582 5583
f 5574 5583 5575
f 5575 5583 5584
f 5575 5584 5576
f 5576 5584 5577
f 5576 5577 5569
f 5577 5585 5586
f 5577 5586 5578
f 5578 5586 5587
f 5578 5587 5579
f 5579 5587 5588
f 5579 5588 5580
f 5580 5588 5589
f 5580 5589 5581
f 5581 5589 5590
f 5581 5590 5582
f 5582 5590 5591
f 5582 5591 5583
f 5583 5591 5592
f 5583 5592 5584
f 5584 5592 5585
f 5584 5585 5577
f 5585 5593 5594
f 5585 5594 5586
f 5586 5594 5595
f 5586 5595 5587
f 5587 5595 5596
f 5587 5596 5588
f 5588 5596 5597
f 5588 5597 5589
f 5589 5597 5598
f 5589 5598 5590
f 5590 5598 5599
f 5590 5599 5591
f 5591 5599 5600
f 5591 5600 5592
f 5592 5600 5593
f 5592 5593 5585
f 5593 5601 5602
f 5593 5602 5594
f 5594 5602 5603
f 5594 5603 5595
f 5595 5603 5604
f 5595 5604 5596
f 5596 5604 5605
f 5596 5605 5597
f 5597 5605 5606
f 5597 5606 5598
f 5598 5606 5607
f 5598 5607 5599
f 5599 5607 5608
f 5599 5608 5600
f 5600 5608 5601
f 5600 5601 5593
f 5601 5609 5610
f 5601 5610 5602
f 5602 5610 5611
f 5602 5611 5603
f 5603 5611 5612
f 5603 5612 5604
f 5604 5612 5613
f 5604 5613 5605
f 5605 5613 5614
f 5605 5614 5606
f 5606 5614 5615
f 5606 5615 5607
f 5607 5615 5616
f 5607 5616 5608
f 5608 5616 5609
f 5608 5609 5601
f 5609 5489 5490
f 5609 5490 5610
f 5610 5490 5491
f 5610 5491 5611
f 5611 5491 5492
f 5611 5492 5612
f 5612 5492 5493
f 5612 5493 5613
f 5613 5493 5494
f 5613 5494 5614
f 5614 5494 5495
f 5614 5495 5615
f 5615 5495 5496
f 5615 5496 5616
f 5616 5496 5489
f 5616 5489 5609
f 5617 5625 5626
f 5617 5626 5618
f 5618 5626 5627
f 5618 5627 5619
f 5619 5627 5628
f 5619 5628 5620
f 5620 5628 5629
f 5620 5629 5621
f 5621 5629 5630
f 5621 5630 5622
f 5622 5630 5631
f 5622 5631 5623
f 5623 5631 5632
f 5623 5632 5624
f 5624 5632 5625
f 5624 5625 5617
f 5625 5633 5634
f 5625 5634 5626
f 5626 5634 5635
f 5626 5635 5627
f 5627 5635 5636
f 5627 5636 5628
f 5628 5636 5637
f 5628 5637 5629
f 5629 5637 5638
f 5629 5638 5630
f 5630 5638 5639
f 5630 5639 5631
f 5631 5639 5640
f 5631 5640 5632
f 5632 5640 5633
f 5632 5633 5625
f 5633 5641 5642
f 5633 5642 5634
f 5634 5642 5643
f 5634 5643 5635
f 5635 5643 5644
f 5635 5644 5636
f 5636 5644 5645
f 5636 5645 5637
f 5637 5645 5646
f 5637 5646 5638
f 5638 5646 5647
f 5638 5647 5639
f 5639 5647 5648
f 5639 5648 5640
f 5640 5648 5641
f 5640 5641 5633
f 5641 5649 5650
f 5641 5650 5642
f 5642 5650 5651
f 5642 5651 5643
f 5643 5651 5652
f 5643 5652 5644
f 5644 5652 5653
f 5644 5653 5645
f 5645 5653 5654
f 5645 5654 5646
f 5646 5654 5655
f 5646 5655 5647
f 5647 5655 5656
f 5647 5656 5648
f 5648 5656 5649
f 5648 5649 5641
f 5649 5657 5658
f 5649 5658 5650
f 5650 5658 5659
f 5650 5659 5651
f 5651 5659 5660
f 5651 5660 5652
f 5652 5660 5661
f 5652 5661 5653
f 5653 5661 5662
f 5653 5662 5654
f 5654 5662 5663
f 5654 5663 5655
f 5655 5663 5664
f 5655 5664 5656
f 5656 5664 5657
f 5656 5657 5649
f 5657 5665 5666
f 5657 5666 5658
f 5658 5666 5667
f 5658 5667 5659
f 5659 5667 5668
f 5659 5668 5660
f 5660 5668 5669
f 5660 5669 5661
f 5661 5669 5670
f 5661 5670 5662
f 5662 5670 5671
f 5662 5671 5663
f 5663 5671 5672
f 5663 5672 5664
f 5664 5672 5665
f 5664 5665 5657
f 5665 5673 5674
f 5665 5674 5666
f 5666 5674 5675
f 5666 5675 5667
f 5667 5675 5676
f 5667 5676 5668
f 5668 5676 5677
f 5668 5677 5669
f 5669 5677 5678
f 5669 5678 5670
f 5670 5678 5679
f 5670 5679 5671
f 5671 5679 5680
f 5671 5680 5672
f 5672 5680 5673
f 5672 5673 5665
f 5673 5681 5682
f 5673 5682 5674
f 5674 5682 5683
f 5674 5683 5675
f 5675 5683 5684
f 5675 5684 5676
f 5676 5684 5685
f 5676 5685 5677
f 5677 5685 5686
f 5677 5686 5678
f 5678 5686 5687
f 5678 5687 5679
f 5679 5687 5688
f 5679 5688 5680
f 5680 5688 5681
f 5680 5681 5673
f 5681 5689 5690
f 5681 5690 5682
f 5682 5690 5691
f 5682 5691 5683
f 5683 5691 5692
f 5683 5692 5684
f 5684 5692 5693
f 5684 5693 5685
f 5685 5693 5694
f 5685 5694 5686
f 5686 5694 5695
f 5686 5695 5687
f 5687 5695 5696
f 5687 5696 5688
f 5688 5696 5689
f 5688 5689 5681
f 5689 5697 5698
f 5689 5698 5690
f 5690 5698 5699
f 5690 5699 5691
f 5691 5699 5700
f 5691 5700 5692
f 5692 5700 5701
f 5692 5701 5693
f 5693 5701 5702
f 5693 5702 5694
f 5694 5702 5703
f 5694 5703 5695
f 5695 5703 5704
f 5695 5704 5696
f 5696 5704 5697
f 5696 5697 5689
f 5697 5705 5706
f 5697 5706 5698
f 5698 5706 5707
f 5698 5707 5699
f 5699 5707 5708
f 5699 5708 5700
f 5700 5708 5709
f 5700 5709 5701
f 5701 5709 5710
f 5701 5710 5702
f 5702 5710 5711
f 5702 5711 5703
f 5703 5711 5712
f 5703 5712 5704
f 5704 5712 5705
f 5704 5705 5697
f 5705 5713 5714
f 5705 5714 5706
f 5706 5714 5715
f 5706 5715 5707
f 5707 5715 5716
f 5707 5716 5708
f 5708 5716 5717
f 5708 5717 5709
f 5709 5717 5718
f 5709 5718 5710
f 5710 5718 5719
f 5710 5719 5711
f 5711 5719 5720
f 5711 5720 5712
f 5712 5720 5713
f 5712 5713 5705
f 5713 5721 5722
f 5713 5722 5714
f 5714 5722 5723
f 5714 5723 5715
f 5715 5723 5724
f 5715 5724 5716
f 5716 5724 5725
f 5716 5725 5717
f 5717 5725 5726
f 5717 5726 5718
f 5718 5726 5727
f 5718 5727 5719
f 5719 5727 5728
f 5719 5728 5720
f 5720 5728 5721
f 5720 5721 5713
f 5721 5617 5618
f 5721 5618 5722
f 5722 5618 5619
f 5722 5619 5723
f 5723 5619 5620
f 5723 5620 5724
f 5724 5620 5621
f 5724 5621 5725
f 5725 5621 5622
f 5725 5622 5726
f 5726 5622 5623
f 5726 5623 5727
f 5727 5623 5624
f 5727 5624 5728
f 5728 5624 5617
f 5728 5617 5721
f 5729 5730 5731
f 5729 5731 5732
f 5733 5735 5734
f 5733 5736 5735
f 5729 5733 5734
f 5729 5734 5730
f 5730 5734 5735
f 5730 5735 5731
f 5731 5735 5736
f 5731 5736 5732
f 5732 5736 5733
f 5732 5733 5729
o 21-HA-2001
usemtl heater
f 5737 5739 5740
f 5737 5740 5738
f 5739 5741 5742
f 5739 5742 5740
f 5741 5743 5744
f 5741 5744 5742
f 5743 5745 5746
f 5743 5746 5744
f 5745 5747 5748
f 5745 5748 5746
f 5747 5749 5750
f 5747 5750 5748
f 5749 5751 5752
f 5749 5752 5750
f 5751 5753 5754
f 5751 5754 5752
f 5753 5755 5756
f 5753 5756 5754
f 5755 5757 5758
f 5755 5758 5756
f 5757 5759 5760
f 5757 5760 5758
f 5759 5761 5762
f 5759 5762 5760
f 5761 5763 5764
f 5761 5764 5762
f 5763 5765 5766
f 5763 5766 5764
f 5765 5767 5768
f 5765 5768 5766
f 5767 5769 5770
f 5767 5770 5768
f 5769 5771 5772
f 5769 5772 5770
f 5771 5773 5774
f 5771 5774 5772
f 5773 5775 5776
f 5773 5776 5774
f 5775 5777 5778
f 5775 5778 5776
f 5777 5779 5780
f 5777 5780 5778
f 5779 5781 5782
f 5779 5782 5780
f 5781 5783 5784
f 5781 5784 5782
f 5783 5785 5786
f 5783 5786 5784
f 5785 5787 5788
f 5785 5788 5786
f 5787 5789 5790
f 5787 5790 5788
f 5789 5791 5792
f 5789 5792 5790
f 5791 5793 5794
f 5791 5794 5792
f 5793 5795 5796
f 5793 5796 5794
f 5795 5797 5798
f 5795 5798 5796
f 5797 5799 5800
f 5797 5800 5798
f 5799 5801 5802
f 5799 5802 5800
f 5801 5803 5804
f 5801 5804 5802
f 5803 5805 5806
f 5803 5806 5804
f 5805 5807 5808
f 5805 5808 5806
f 5807 5737 5738
f 5807 5738 5808
f 5809 5739 5737
f 5810 5738 5740
f 5809 5741 5739
f 5810 5740 5742
f 5809 5743 5741
f 5810 5742 5744
f 5809 5745 5743
f 5810 5744 5746
f 5809 5747 5745
f 5810 5746 5748
f 5809 5749 5747
f 5810 5748 5750
f 5809 5751 5749
f 5810 5750 5752
f 5809 5753 5751
f 5810 5752 5754
f 5809 5755 5753
f 5810 5754 5756
f 5809 5757 5755
f 5810 5756 5758
f 5809 5759 5757
f 5810 5758 5760
f 5809 5761 5759
f 5810 5760 5762
f 5809 5763 5761
f 5810 5762 5764
f 5809 5765 5763
f 5810 5764 5766
f 5809 5767 5765
f 5810 5766 5768
f 5809 5769 5767
f 5810 5768 5770
f 5809 5771 5769
f 5810 5770 5772
f 5809 5773 5771
f 5810 5772 5774
f 5809 5775 5773
f 5810 5774 5776
f 5809 5777 5775
f 5810 5776 5778
f 5809 5779 5777
f 5810 5778 5780
f 5809 5781 5779
f 5810 5780 5782
f 5809 5783 5781
f 5810 5782 5784
f 5809 5785 5783
f 5810 5784 5786
f 5809 5787 5785
f 5810 5786 5788
f 5809 5789 5787
f 5810 5788 5790
f 5809 5791 5789
f 5810 5790 5792
f 5809 5793 5791
f 5810 5792 5794
f 5809 5795 5793
f 5810 5794 5796
f 5809 5797 5795
f 5810 5796 5798
f 5809 5799 5797
f 5810 5798 5800
f 5809 5801 5799
f 5810 5800 5802
f 5809 5803 5801
f 5810 5802 5804
f 5809 5805 5803
f 5810 5804 5806
f 5809 5807 5805
f 5810 5806 5808
f 5809 5737 5807
f 5810 5808 5738
f 5811 5848 5847
f 5812 5849 5848
f 5813 5850 5849
f 5814 5851 5850
f 5815 5852 5851
f 5816 5853 5852
f 5817 5854 5853
f 5818 5855 5854
f 5819 5856 5855
f 5820 5857 5856
f 5821 5858 5857
f 5822 5859 5858
f 5823 5860 5859
f 5824 5861 5860
f 5825 5862 5861
f 5826 5863 5862
f 5827 5864 5863
f 5828 5865 5864
f 5829 5866 5865
f 5830 5867 5866
f 5831 5868 5867
f 5832 5869 5868
f 5833 5870 5869
f 5834 5871 5870
f 5835 5872 5871
f 5836 5873 5872
f 5837 5874 5873
f 5838 5875 5874
f 5839 5876 5875
f 5840 5877 5876
f 5841 5878 5877
f 5842 5879 5878
f 5843 5880 5879
f 5844 5881 5880
f 5845 5882 5881
f 5846 5847 5882
f 5847 5848 5884
f 5847 5884 5883
f 5848 5849 5885
f 5848 5885 5884
f 5849 5850 5886
f 5849 5886 5885
f 5850 5851 5887
f 5850 5887 5886
f 5851 5852 5888
f 5851 5888 5887
f 5852 5853 5889
f 5852 5889 5888
f 5853 5854 5890
f 5853 5890 5889
f 5854 5855 5891
f 5854 5891 5890
f 5855 5856 5892
f 5855 5892 5891
f 5856 5857 5893
f 5856 5893 5892
f 5857 5858 5894
f 5857 5894 5893
f 5858 5859 5895
f 5858 5895 5894
f 5859 5860 5896
f 5859 5896 5895
f 5860 5861 5897
f 5860 5897 5896
f 5861 5862 5898
f 5861 5898 5897
f 5862 5863 5899
f 5862 5899 5898
f 5863 5864 5900
f 5863 5900 5899
f 5864 5865 5901
f 5864 5901 5900
f 5865 5866 5902
f 5865 5902 5901
f 5866 5867 5903
f 5866 5903 5902
f 5867 5868 5904
f 5867 5904 5903
f 5868 5869 5905
f 5868 5905 5904
f 5869 5870 5906
f 5869 5906 5905
f 5870 5871 5907
f 5870 5907 5906
f 5871 5872 5908
f 5871 5908 5907
f 5872 5873 5909
f 5872 5909 5908
f 5873 5874 5910
f 5873 5910 5909
f 5874 5875 5911
f 5874 5911 5910
f 5875 5876 5912
f 5875 5912 5911
f 5876 5877 5913
f 5876 5913 5912
f 5877 5878 5914
f 5877 5914 5913
f 5878 5879 5915
f 5878 5915 5914
f 5879 5880 5916
f 5879 5916 5915
f 5880 5881 5917
f 5880 5917 5916
f 5881 5882 5918
f 5881 5918 5917
f 5882 5847 5883
f 5882 5883 5918
f 5883 5884 5920
f 5883 5920 5919
f 5884 5885 5921
f 5884 5921 5920
f 5885 5886 5922
f 5885 5922 5921
f 5886 5887 5923
f 5886 5923 5922
f 5887 5888 5924
f 5887 5924 5923
f 5888 5889 5925
f 5888 5925 5924
f 5889 5890 5926
f 5889 5926 5925
f 5890 5891 5927
f 5890 5927 5926
f 5891 5892 5928
f 5891 5928 5927
f 5892 5893 5929
f 5892 5929 5928
f 5893 5894 5930
f 5893 5930 5929
f 5894 5895 5931
f 5894 5931 5930
f 5895 5896 5932
f 5895 5932 5931
f 5896 5897 5933
f 5896 5933 5932
f 5897 5898 5934
f 5897 5934 5933
f 5898 5899 5935
f 5898 5935 5934
f 5899 5900 5936
f 5899 5936 5935
f 5900 5901 5937
f 5900 5937 5936
f 5901 5902 5938
f 5901 5938 5937
f 5902 5903 5939
f 5902 5939 5938
f 5903 5904 5940
f 5903 5940 5939
f 5904 5905 5941
f 5904 5941 5940
f 5905 5906 5942
f 5905 5942 5941
f 5906 5907 5943
f 5906 5943 5942
f 5907 5908 5944
f 5907 5944 5943
f 5908 5909 5945
f 5908 5945 5944
f 5909 5910 5946
f 5909 5946 5945
f 5910 5911 5947
f 5910 5947 5946
f 5911 5912 5948
f 5911 5948 5947
f 5912 5913 5949
f 5912 5949 5948
f 5913 5914 5950
f 5913 5950 5949
f 5914 5915 5951
f 5914 5951 5950
f 5915 5916 5952
f 5915 5952 5951
f 5916 5917 5953
f 5916 5953 5952
f 5917 5918 5954
f 5917 5954 5953
f 5918 5883 5919
f 5918 5919 5954
f 5919 5920 5956
f 5919 5956 5955
f 5920 5921 5957
f 5920 5957 5956
f 5921 5922 5958
f 5921 5958 5957
f 5922 5923 5959
f 5922 5959 5958
f 5923 5924 5960
f 5923 5960 5959
f 5924 5925 5961
f 5924 5961 5960
f 5925 5926 5962
f 5925 5962 5961
f 5926 5927 5963
f 5926 5963 5962
f 5927 5928 5964
f 5927 5964 5963
f 5928 5929 5965
f 5928 5965 5964
f 5929 5930 5966
f 5929 5966 5965
f 5930 5931 5967
f 5930 5967 5966
f 5931 5932 5968
f 5931 5968 5967
f 5932 5933 5969
f 5932 5969 5968
f 5933 5934 5970
f 5933 5970 5969
f 5934 5935 5971
f 5934 5971 5970
f 5935 5936 5972
f 5935 5972 5971
f 5936 5937 5973
f 5936 5973 5972
f 5937 5938 5974
f 5937 5974 5973
f 5938 5939 5975
f 5938 5975 5974
f 5939 5940 5976
f 5939 5976 5975
f 5940 5941 5977
f 5940 5977 5976
f 5941 5942 5978
f 5941 5978 5977
f 5942 5943 5979
f 5942 5979 5978
f 5943 5944 5980
f 5943 5980 5979
f 5944 5945 5981
f 5944 5981 5980
f 5945 5946 5982
f 5945 5982 5981
f 5946 5947 5983
f 5946 5983 5982
f 5947 5948 5984
f 5947 5984 5983
f 5948 5949 5985
f 5948 5985 5984
f 5949 5950 5986
f 5949 5986 5985
f 5950 5951 5987
f 5950 5987 5986
f 5951 5952 5988
f 5951 5988 5987
f 5952 5953 5989
f 5952 5989 5988
f 5953 5954 5990
f 5953 5990 5989
f 5954 5919 5955
f 5954 5955 5990
f 5955 5956 5992
f 5955 5992 5991
f 5956 5957 5993
f 5956 5993 5992
f 5957 5958 5994
f 5957 5994 5993
f 5958 5959 5995
f 5958 5995 5994
f 5959 5960 5996
f 5959 5996 5995
f 5960 5961 5997
f 5960 5997 5996
f 5961 5962 5998
f 5961 5998 5997
f 5962 5963 5999
f 5962 5999 5998
f 5963 5964 6000
f 5963 6000 5999
f 5964 5965 6001
f 5964 6001 6000
f 5965 5966 6002
f 5965 6002 6001
f 5966 5967 6003
f 5966 6003 6002
f 5967 5968 6004
f 5967 6004 6003
f 5968 5969 6005
f 5968 6005 6004
f 5969 5970 6006
f 5969 6006 6005
f 5970 5971 6007
f 5970 6007 6006
f 5971 5972 6008
f 5971 6008 6007
f 5972 5973 6009
f 5972 6009 6008
f 5973 5974 6010
f 5973 6010 6009
f 5974 5975 6011
f 5974 6011 6010
f 5975 5976 6012
f 5975 6012 6011
f 5976 5977 6013
f 5976 6013 6012
f 5977 5978 6014
f 5977 6014 6013
f 5978 5979 6015
f 5978 6015 6014
f 5979 5980 6016
f 5979 6016 6015
f 5980 5981 6017
f 5980 6017 6016
f 5981 5982 6018
f 5981 6018 6017
f 5982 5983 6019
f 5982 6019 6018
f 5983 5984 6020
f 5983 6020 6019
f 5984 5985 6021
f 5984 6021 6020
f 5985 5986 6022
f 5985 6022 6021
f 5986 5987 6023
f 5986 6023 6022
f 5987 5988 6024
f 5987 6024 6023
f 5988 5989 6025
f 5988 6025 6024
f 5989 5990 6026
f 5989 6026 6025
f 5990 5955 5991
f 5990 5991 6026
f 5991 5992 6028
f 5991 6028 6027
f 5992 5993 6029
f 5992 6029 6028
f 5993 5994 6030
f 5993 6030 6029
f 5994 5995 6031
f 5994 6031 6030
f 5995 5996 6032
f 5995 6032 6031
f 5996 5997 6033
f 5996 6033 6032
f 5997 5998 6034
f 5997 6034 6033
f 5998 5999 6035
f 5998 6035 6034
f 5999 6000 6036
f 5999 6036 6035
f 6000 6001 6037
f 6000 6037 6036
f 6001 6002 6038
f 6001 6038 6037
f 6002 6003 6039
f 6002 6039 6038
f 6003 6004 6040
f 6003 6040 6039
f 6004 6005 6041
f 6004 6041 6040
f 6005 6006 6042
f 6005 6042 6041
f 6006 6007 6043
f 6006 6043 6042
f 6007 6008 6044
f 6007 6044 6043
f 6008 6009 6045
f 6008 6045 6044
f 6009 6010 6046
f 6009 6046 6045
f 6010 6011 6047
f 6010 6047 6046
f 6011 6012 6048
f 6011 6048 6047
f 6012 6013 6049
f 6012 6049 6048
f 6013 6014 6050
f 6013 6050 6049
f 6014 6015 6051
f 6014 6051 6050
f 6015 6016 6052
f 6015 6052 6051
f 6016 6017 6053
f 6016 6053 6052
f 6017 6018 6054
f 6017 6054 6053
f 6018 6019 6055
f 6018 6055 6054
f 6019 6020 6056
f 6019 6056 6055
f 6020 6021 6057
f 6020 6057 6056
f 6021 6022 6058
f 6021 6058 6057
f 6022 6023 6059
f 6022 6059 6058
f 6023 6024 6060
f 6023 6060 6059
f 6024 6025 6061
f 6024 6061 6060
f 6025 6026 6062
f 6025 6062 6061
f 6026 5991 6027
f 6026 6027 6062
f 6027 6028 6064
f 6027 6064 6063
f 6028 6029 6065
f 6028 6065 6064
f 6029 6030 6066
f 6029 6066 6065
f 6030 6031 6067
f 6030 6067 6066
f 6031 6032 6068
f 6031 6068 6067
f 6032 6033 6069
f 6032 6069 6068
f 6033 6034 6070
f 6033 6070 6069
f 6034 6035 6071
f 6034 6071 6070
f 6035 6036 6072
f 6035 6072 6071
f 6036 6037 6073
f 6036 6073 6072
f 6037 6038 6074
f 6037 6074 6073
f 6038 6039 6075
f 6038 6075 6074
f 6039 6040 6076
f 6039 6076 6075
f 6040 6041 6077
f 6040 6077 6076
f 6041 6042 6078
f 6041 6078 6077
f 6042 6043 6079
f 6042 6079 6078
f 6043 6044 6080
f 6043 6080 6079
f 6044 6045 6081
f 6044 6081 6080
f 6045 6046 6082
f 6045 6082 6081
f 6046 6047 6083
f 6046 6083 6082
f 6047 6048 6084
f 6047 6084 6083
f 6048 6049 6085
f 6048 6085 6084
f 6049 6050 6086
f 6049 6086 6085
f 6050 6051 6087
f 6050 6087 6086
f 6051 6052 6088
f 6051 6088 6087
f 6052 6053 6089
f 6052 6089 6088
f 6053 6054 6090
f 6053 6090 6089
f 6054 6055 6091
f 6054 6091 6090
f 6055 6056 6092
f 6055 6092 6091
f 6056 6057 6093
f 6056 6093 6092
f 6057 6058 6094
f 6057 6094 6093
f 6058 6059 6095
f 6058 6095 6094
f 6059 6060 6096
f 6059 6096 6095
f 6060 6061 6097
f 6060 6097 6096
f 6061 6062 6098
f 6061 6098 6097
f 6062 6027 6063
f 6062 6063 6098
f 6063 6064 6100
f 6063 6100 6099
f 6064 6065 6101
f 6064 6101 6100
f 6065 6066 6102
f 6065 6102 6101
f 6066 6067 6103
f 6066 6103 6102
f 6067 6068 6104
f 6067 6104 6103
f 6068 6069 6105
f 6068 6105 6104
f 6069 6070 6106
f 6069 6106 6105
f 6070 6071 6107
f 6070 6107 6106
f 6071 6072 6108
f 6071 6108 6107
f 6072 6073 6109
f 6072 6109 6108
f 6073 6074 6110
f 6073 6110 6109
f 6074 6075 6111
f 6074 6111 6110
f 6075 6076 6112
f 6075 6112 6111
f 6076 6077 6113
f 6076 6113 6112
f 6077 6078 6114
f 6077 6114 6113
f 6078 6079 6115
f 6078 6115 6114
f 6079 6080 6116
f 6079 6116 6115
f 6080 6081 6117
f 6080 6117 6116
f 6081 6082 6118
f 6081 6118 6117
f 6082 6083 6119
f 6082 6119 6118
f 6083 6084 6120
f 6083 6120 6119
f 6084 6085 6121
f 6084 6121 6120
f 6085 6086 6122
f 6085 6122 6121
f 6086 6087 6123
f 6086 6123 6122
f 6087 6088 6124
f 6087 6124 6123
f 6088 6089 6125
f 6088 6125 6124
f 6089 6090 6126
f 6089 6126 6125
f 6090 6091 6127
f 6090 6127 6126
f 6091 6092 6128
f 6091 6128 6127
f 6092 6093 6129
f 6092 6129 6128
f 6093 6094 6130
f 6093 6130 6129
f 6094 6095 6131
f 6094 6131 6130
f 6095 6096 6132
f 6095 6132 6131
f 6096 6097 6133
f 6096 6133 6132
f 6097 6098 6134
f 6097 6134 6133
f 6098 6063 6099
f 6098 6099 6134
f 6099 6100 6136
f 6099 6136 6135
f 6100 6101 6137
f 6100 6137 6136
f 6101 6102 6138
f 6101 6138 6137
f 6102 6103 6139
f 6102 6139 6138
f 6103 6104 6140
f 6103 6140 6139
f 6104 6105 6141
f 6104 6141 6140
f 6105 6106 6142
f 6105 6142 6141
f 6106 6107 6143
f 6106 6143 6142
f 6107 6108 6144
f 6107 6144 6143
f 6108 6109 6145
f 6108 6145 6144
f 6109 6110 6146
f 6109 6146 6145
f 6110 6111 6147
f 6110 6147 6146
f 6111 6112 6148
f 6111 6148 6147
f 6112 6113 6149
f 6112 6149 6148
f 6113 6114 6150
f 6113 6150 6149
f 6114 6115 6151
f 6114 6151 6150
f 6115 6116 6152
f 6115 6152 6151
f 6116 6117 6153
f 6116 6153 6152
f 6117 6118 6154
f 6117 6154 6153
f 6118 6119 6155
f 6118 6155 6154
f 6119 6120 6156
f 6119 6156 6155
f 6120 6121 6157
f 6120 6157 6156
f 6121 6122 6158
f 6121 6158 6157
f 6122 6123 6159
f 6122 6159 6158
f 6123 6124 6160
f 6123 6160 6159
f 6124 6125 6161
f 6124 6161 6160
f 6125 6126 6162
f 6125 6162 6161
f 6126 6127 6163
f 6126 6163 6162
f 6127 6128 6164
f 6127 6164 6163
f 6128 6129 6165
f 6128 6165 6164
f 6129 6130 6166
f 6129 6166 6165
f 6130 6131 6167
f 6130 6167 6166
f 6131 6132 6168
f 6131 6168 6167
f 6132 6133 6169
f 6132 6169 6168
f 6133 6134 6170
f 6133 6170 6169
f 6134 6099 6135
f 6134 6135 6170
f 6171 6208 6207
f 6172 6209 6208
f 6173 6210 6209
f 6174 6211 6210
f 6175 6212 6211
f 6176 6213 6212
f 6177 6214 6213
f 6178 6215 6214
f 6179 6216 6215
f 6180 6217 6216
f 6181 6218 6217
f 6182 6219 6218
f 6183 6220 6219
f 6184 6221 6220
f 6185 6222 6221
f 6186 6223 6222
f 6187 6224 6223
f 6188 6225 6224
f 6189 6226 6225
f 6190 6227 6226
f 6191 6228 6227
f 6192 6229 6228
f 6193 6230 6229
f 6194 6231 6230
f 6195 6232 6231
f 6196 6233 6232
f 6197 6234 6233
f 6198 6235 6234
f 6199 6236 6235
f 6200 6237 6236
f 6201 6238 6237
f 6202 6239 6238
f 6203 6240 6239
f 6204 6241 6240
f 6205 6242 6241
f 6206 6207 6242
f 6207 6208 6244
f 6207 6244 6243
f 6208 6209 6245
f 6208 6245 6244
f 6209 6210 6246
f 6209 6246 6245
f 6210 6211 6247
f 6210 6247 6246
f 6211 6212 6248
f 6211 6248 6247
f 6212 6213 6249
f 6212 6249 6248
f 6213 6214 6250
f 6213 6250 6249
f 6214 6215 6251
f 6214 6251 6250
f 6215 6216 6252
f 6215 6252 6251
f 6216 6217 6253
f 6216 6253 6252
f 6217 6218 6254
f 6217 6254 6253
f 6218 6219 6255
f 6218 6255 6254
f 6219 6220 6256
f 6219 6256 6255
f 6220 6221 6257
f 6220 6257 6256
f 6221 6222 6258
f 6221 6258 6257
f 6222 6223 6259
f 6222 6259 6258
f 6223 6224 6260
f 6223 6260 6259
f 6224 6225 6261
f 6224 6261 6260
f 6225 6226 6262
f 6225 6262 6261
f 6226 6227 6263
f 6226 6263 6262
f 6227 6228 6264
f 6227 6264 6263
f 6228 6229 6265
f 6228 6265 6264
f 6229 6230 6266
f 6229 6266 6265
f 6230 6231 6267
f 6230 6267 6266
f 6231 6232 6268
f 6231 6268 6267
f 6232 6233 6269
f 6232 6269 6268
f 6233 6234 6270
f 6233 6270 6269
f 6234 6235 6271
f 6234 6271 6270
f 6235 6236 6272
f 6235 6272 6271
f 6236 6237 6273
f 6236 6273 6272
f 6237 6238 6274
f 6237 6274 6273
f 6238 6239 6275
f 6238 6275 6274
f 6239 6240 6276
f 6239 6276 6275
f 6240 6241 6277
f 6240 6277 6276
f 6241 6242 6278
f 6241 6278 6277
f 6242 6207 6243
f 6242 6243 6278
f 6243 6244 6280
f 6243 6280 6279
f 6244 6245 6281
f 6244 6281 6280
f 6245 6246 6282
f 6245 6282 6281
f 6246 6247 6283
f 6246 6283 6282
f 6247 6248 6284
f 6247 6284 6283
f 6248 6249 6285
f 6248 6285 6284
f 6249 6250 6286
f 6249 6286 6285
f 6250 6251 6287
f 6250 6287 6286
f 6251 6252 6288
f 6251 6288 6287
f 6252 6253 6289
f 6252 6289 6288
f 6253 6254 6290
f 6253 6290 6289
f 6254 6255 6291
f 6254 6291 6290
f 6255 6256 6292
f 6255 6292 6291
f 6256 6257 6293
f 6256 6293 6292
f 6257 6258 6294
f 6257 6294 6293
f 6258 6259 6295
f 6258 6295 6294
f 6259 6260 6296
f 6259 6296 6295
f 6260 6261 6297
f 6260 6297 6296
f 6261 6262 6298
f 6261 6298 6297
f 6262 6263 6299
f 6262 6299 6298
f 6263 6264 6300
f 6263 6300 6299
f 6264 6265 6301
f 6264 6301 6300
f 6265 6266 6302
f 6265 6302 6301
f 6266 6267 6303
f 6266 6303 6302
f 6267 6268 6304
f 6267 6304 6303
f 6268 6269 6305
f 6268 6305 6304
f 6269 6270 6306
f 6269 6306 6305
f 6270 6271 6307
f 6270 6307 6306
f 6271 6272 6308
f 6271 6308 6307
f 6272 6273 6309
f 6272 6309 6308
f 6273 6274 6310
f 6273 6310 6309
f 6274 6275 6311
f 6274 6311 6310
f 6275 6276 6312
f 6275 6312 6311
f 6276 6277 6313
f 6276 6313 6312
f 6277 6278 6314
f 6277 6314 6313
f 6278 6243 6279
f 6278 6279 6314
f 6279 6280 6316
f 6279 6316 6315
f 6280 6281 6317
f 6280 6317 6316
f 6281 6282 6318
f 6281 6318 6317
f 6282 6283 6319
f 6282 6319 6318
f 6283 6284 6320
f 6283 6320 6319
f 6284 6285 6321
f 6284 6321 6320
f 6285 6286 6322
f 6285 6322 6321
f 6286 6287 6323
f 6286 6323 6322
f 6287 6288 6324
f 6287 6324 6323
f 6288 6289 6325
f 6288 6325 6324
f 6289 6290 6326
f 6289 6326 6325
f 6290 6291 6327
f 6290 6327 6326
f 6291 6292 6328
f 6291 6328 6327
f 6292 6293 6329
f 6292 6329 6328
f 6293 6294 6330
f 6293 6330 6329
f 6294 6295 6331
f 6294 6331 6330
f 6295 6296 6332
f 6295 6332 6331
f 6296 6297 6333
f 6296 6333 6332
f 6297 6298 6334
f 6297 6334 6333
f 6298 6299 6335
f 6298 6335 6334
f 6299 6300 6336
f 6299 6336 6335
f 6300 6301 6337
f 6300 6337 6336
f 6301 6302 6338
f 6301 6338 6337
f 6302 6303 6339
f 6302 6339 6338
f 6303 6304 6340
f 6303 6340 6339
f 6304 6305 6341
f 6304 6341 6340
f 6305 6306 6342
f 6305 6342 6341
f 6306 6307 6343
f 6306 6343 6342
f 6307 6308 6344
f 6307 6344 6343
f 6308 6309 6345
f 6308 6345 6344
f 6309 6310 6346
f 6309 6346 6345
f 6310 6311 6347
f 6310 6347 6346
f 6311 6312 6348
f 6311 6348 6347
f 6312 6313 6349
f 6312 6349 6348
f 6313 6314 6350
f 6313 6350 6349
f 6314 6279 6315
f 6314 6315 6350
f 6315 6316 6352
f 6315 6352 6351
f 6316 6317 6353
f 6316 6353 6352
f 6317 6318 6354
f 6317 6354 6353
f 6318 6319 6355
f 6318 6355 6354
f 6319 6320 6356
f 6319 6356 6355
f 6320 6321 6357
f 6320 6357 6356
f 6321 6322 6358
f 6321 6358 6357
f 6322 6323 6359
f 6322 6359 6358
f 6323 6324 6360
f 6323 6360 6359
f 6324 6325 6361
f 6324 6361 6360
f 6325 6326 6362
f 6325 6362 6361
f 6326 6327 6363
f 6326 6363 6362
f 6327 6328 6364
f 6327 6364 6363
f 6328 6329 6365
f 6328 6365 6364
f 6329 6330 6366
f 6329 6366 6365
f 6330 6331 6367
f 6330 6367 6366
f 6331 6332 6368
f 6331 6368 6367
f 6332 6333 6369
f 6332 6369 6368
f 6333 6334 6370
f 6333 6370 6369
f 6334 6335 6371
f 6334 6371 6370
f 6335 6336 6372
f 6335 6372 6371
f 6336 6337 6373
f 6336 6373 6372
f 6337 6338 6374
f 6337 6374 6373
f 6338 6339 6375
f 6338 6375 6374
f 6339 6340 6376
f 6339 6376 6375
f 6340 6341 6377
f 6340 6377 6376
f 6341 6342 6378
f 6341 6378 6377
f 6342 6343 6379
f 6342 6379 6378
f 6343 6344 6380
f 6343 6380 6379
f 6344 6345 6381
f 6344 6381 6380
f 6345 6346 6382
f 6345 6382 6381
f 6346 6347 6383
f 6346 6383 6382
f 6347 6348 6384
f 6347 6384 6383
f 6348 6349 6385
f 6348 6385 6384
f 6349 6350 6386
f 6349 6386 6385
f 6350 6315 6351
f 6350 6351 6386
f 6351 6352 6388
f 6351 6388 6387
f 6352 6353 6389
f 6352 6389 6388
f 6353 6354 6390
f 6353 6390 6389
f 6354 6355 6391
f 6354 6391 6390
f 6355 6356 6392
f 6355 6392 6391
f 6356 6357 6393
f 6356 6393 6392
f 6357 6358 6394
f 6357 6394 6393
f 6358 6359 6395
f 6358 6395 6394
f 6359 6360 6396
f 6359 6396 6395
f 6360 6361 6397
f 6360 6397 6396
f 6361 6362 6398
f 6361 6398 6397
f 6362 6363 6399
f 6362 6399 6398
f 6363 6364 6400
f 6363 6400 6399
f 6364 6365 6401
f 6364 6401 6400
f 6365 6366 6402
f 6365 6402 6401
f 6366 6367 6403
f 6366 6403 6402
f 6367 6368 6404
f 6367 6404 6403
f 6368 6369 6405
f 6368 6405 6404
f 6369 6370 6406
f 6369 6406 6405
f 6370 6371 6407
f 6370 6407 6406
f 6371 6372 6408
f 6371 6408 6407
f 6372 6373 6409
f 6372 6409 6408
f 6373 6374 6410
f 6373 6410 6409
f 6374 6375 6411
f 6374 6411 6410
f 6375 6376 6412
f 6375 6412 6411
f 6376 6377 6413
f 6376 6413 6412
f 6377 6378 6414
f 6377 6414 6413
f 6378 6379 6415
f 6378 6415 6414
f 6379 6380 6416
f 6379 6416 6415
f 6380 6381 6417
f 6380 6417 6416
f 6381 6382 6418
f 6381 6418 6417
f 6382 6383 6419
f 6382 6419 6418
f 6383 6384 6420
f 6383 6420 6419
f 6384 6385 6421
f 6384 6421 6420
f 6385 6386 6422
f 6385 6422 6421
f 6386 6351 6387
f 6386 6387 6422
f 6387 6388 6424
f 6387 6424 6423
f 6388 6389 6425
f 6388 6425 6424
f 6389 6390 6426
f 6389 6426 6425
f 6390 6391 6427
f 6390 6427 6426
f 6391 6392 6428
f 6391 6428 6427
f 6392 6393 6429
f 6392 6429 6428
f 6393 6394 6430
f 6393 6430 6429
f 6394 6395 6431
f 6394 6431 6430
f 6395 6396 6432
f 6395 6432 6431
f 6396 6397 6433
f 6396 6433 6432
f 6397 6398 6434
f 6397 6434 6433
f 6398 6399 6435
f 6398 6435 6434
f 6399 6400 6436
f 6399 6436 6435
f 6400 6401 6437
f 6400 6437 6436
f 6401 6402 6438
f 6401 6438 6437
f 6402 6403 6439
f 6402 6439 6438
f 6403 6404 6440
f 6403 6440 6439
f 6404 6405 6441
f 6404 6441 6440
f 6405 6406 6442
f 6405 6442 6441
f 6406 6407 6443
f 6406 6443 6442
f 6407 6408 6444
f 6407 6444 6443
f 6408 6409 6445
f 6408 6445 6444
f 6409 6410 6446
f 6409 6446 6445
f 6410 6411 6447
f 6410 6447 6446
f 6411 6412 6448
f 6411 6448 6447
f 6412 6413 6449
f 6412 6449 6448
f 6413 6414 6450
f 6413 6450 6449
f 6414 6415 6451
f 6414 6451 6450
f 6415 6416 6452
f 6415 6452 6451
f 6416 6417 6453
f 6416 6453 6452
f 6417 6418 6454
f 6417 6454 6453
f 6418 6419 6455
f 6418 6455 6454
f 6419 6420 6456
f 6419 6456 6455
f 6420 6421 6457
f 6420 6457 6456
f 6421 6422 6458
f 6421 6458 6457
f 6422 6387 6423
f 6422 6423 6458
f 6423 6424 6460
f 6423 6460 6459
f 6424 6425 6461
f 6424 6461 6460
f 6425 6426 6462
f 6425 6462 6461
f 6426 6427 6463
f 6426 6463 6462
f 6427 6428 6464
f 6427 6464 6463
f 6428 6429 6465
f 6428 6465 6464
f 6429 6430 6466
f 6429 6466 6465
f 6430 6431 6467
f 6430 6467 6466
f 6431 6432 6468
f 6431 6468 6467
f 6432 6433 6469
f 6432 6469 6468
f 6433 6434 6470
f 6433 6470 6469
f 6434 6435 6471
f 6434 6471 6470
f 6435 6436 6472
f 6435 6472 6471
f 6436 6437 6473
f 6436 6473 6472
f 6437 6438 6474
f 6437 6474 6473
f 6438 6439 6475
f 6438 6475 6474
f 6439 6440 6476
f 6439 6476 6475
f 6440 6441 6477
f 6440 6477 6476
f 6441 6442 6478
f 6441 6478 6477
f 6442 6443 6479
f 6442 6479 6478
f 6443 6444 6480
f 6443 6480 6479
f 6444 6445 6481
f 6444 6481 6480
f 6445 6446 6482
f 6445 6482 6481
f 6446 6447 6483
f 6446 6483 6482
f 6447 6448 6484
f 6447 6484 6483
f 6448 6449 6485
f 6448 6485 6484
f 6449 6450 6486
f 6449 6486 6485
f 6450 6451 6487
f 6450 6487 6486
f 6451 6452 6488
f 6451 6488 6487
f 6452 6453 6489
f 6452 6489 6488
f 6453 6454 6490
f 6453 6490 6489
f 6454 6455 6491
f 6454 6491 6490
f 6455 6456 6492
f 6455 6492 6491
f 6456 6457 6493
f 6456 6493 6492
f 6457 6458 6494
f 6457 6494 6493
f 6458 6423 6459
f 6458 6459 6494
f 6459 6460 6496
f 6459 6496 6495
f 6460 6461 6497
f 6460 6497 6496
f 6461 6462 6498
f 6461 6498 6497
f 6462 6463 6499
f 6462 6499 6498
f 6463 6464 6500
f 6463 6500 6499
f 6464 6465 6501
f 6464 6501 6500
f 6465 6466 6502
f 6465 6502 6501
f 6466 6467 6503
f 6466 6503 6502
f 6467 6468 6504
f 6467 6504 6503
f 6468 6469 6505
f 6468 6505 6504
f 6469 6470 6506
f 6469 6506 6505
f 6470 6471 6507
f 6470 6507 6506
f 6471 6472 6508
f 6471 6508 6507
f 6472 6473 6509
f 6472 6509 6508
f 6473 6474 6510
f 6473 6510 6509
f 6474 6475 6511
f 6474 6511 6510
f 6475 6476 6512
f 6475 6512 6511
f 6476 6477 6513
f 6476 6513 6512
f 6477 6478 6514
f 6477 6514 6513
f 6478 6479 6515
f 6478 6515 6514
f 6479 6480 6516
f 6479 6516 6515
f 6480 6481 6517
f 6480 6517 6516
f 6481 6482 6518
f 6481 6518 6517
f 6482 6483 6519
f 6482 6519 6518
f 6483 6484 6520
f 6483 6520 6519
f 6484 6485 6521
f 6484 6521 6520
f 6485 6486 6522
f 6485 6522 6521
f 6486 6487 6523
f 6486 6523 6522
f 6487 6488 6524
f 6487 6524 6523
f 6488 6489 6525
f 6488 6525 6524
f 6489 6490 6526
f 6489 6526 6525
f 6490 6491 6527
f 6490 6527 6526
f 6491 6492 6528
f 6491 6528 6527
f 6492 6493 6529
f 6492 6529 6528
f 6493 6494 6530
f 6493 6530 6529
f 6494 6459 6495
f 6494 6495 6530
f 6531 6533 6534
f 6531 6534 6532
f 6533 6535 6536
f 6533 6536 6534
f 6535 6537 6538
f 6535 6538 6536
f 6537 6539 6540
f 6537 6540 6538
f 6539 6541 6542
f 6539 6542 6540
f 6541 6543 6544
f 6541 6544 6542
f 6543 6545 6546
f 6543 6546 6544
f 6545 6547 6548
f 6545 6548 6546
f 6547 6549 6550
f 6547 6550 6548
f 6549 6551 6552
f 6549 6552 6550
f 6551 6553 6554
f 6551 6554 6552
f 6553 6555 6556
f 6553 6556 6554
f 6555 6557 6558
f 6555 6558 6556
f 6557 6559 6560
f 6557 6560 6558
f 6559 6561 6562
f 6559 6562 6560
f 6561 6563 6564
f 6561 6564 6562
f 6563 6565 6566
f 6563 6566 6564
f 6565 6567 6568
f 6565 6568 6566
f 6567 6569 6570
f 6567 6570 6568
f 6569 6571 6572
f 6569 6572 6570
f 6571 6573 6574
f 6571 6574 6572
f 6573 6575 6576
f 6573 6576 6574
f 6575 6577 6578
f 6575 6578 6576
f 6577 6579 6580
f 6577 6580 6578
f 6579 6581 6582
f 6579 6582 6580
f 6581 6583 6584
f 6581 6584 6582
f 6583 6585 6586
f 6583 6586 6584
f 6585 6531 6532
f 6585 6532 6586
f 6587 6588 6589
f 6587 6589 6590
f 6591 6593 6592
f 6591 6594 6593
f 6587 6591 6592
f 6587 6592 6588
f 6588 6592 6593
f 6588 6593 6589
f 6589 6593 6594
f 6589 6594 6590
f 6590 6594 6591
f 6590 6591 6587
f 6595 6597 6598
f 6595 6598 6596
f 6597 6599 6600
f 6597 6600 6598
f 6599 6601 6602
f 6599 6602 6600
f 6601 6603 6604
f 6601 6604 6602
f 6603 6605 6606
f 6603 6606 6604
f 6605 6607 6608
f 6605 6608 6606
f 6607 6609 6610
f 6607 6610 6608
f 6609 6611 6612
f 6609 6612 6610
f 6611 6613 6614
f 6611 6614 6612
f 6613 6615 6616
f 6613 6616 6614
f 6615 6617 6618
f 6615 6618 6616
f 6617 6619 6620
f 6617 6620 6618
f 6619 6621 6622
f 6619 6622 6620
f 6621 6595 6596
f 6621 6596 6622
f 6623 6597 6595
f 6624 6596 6598
f 6623 6599 6597
f 6624 6598 6600
f 6623 6601 6599
f 6624 6600 6602
f 6623 6603 6601
f 6624 6602 6604
f 6623 6605 6603
f 6624 6604 6606
f 6623 6607 6605
f 6624 6606 6608
f 6623 6609 6607
f 6624 6608 6610
f 6623 6611 6609
f 6624 6610 6612
f 6623 6613 6611
f 6624 6612 6614
f 6623 6615 6613
f 6624 6614 6616
f 6623 6617 6615
f 6624 6616 6618
f 6623 6619 6617
f 6624 6618 6620
f 6623 6621 6619
f 6624 6620 6622
f 6623 6595 6621
f 6624 6622 6596
f 6625 6627 6628
f 6625 6628 6626
f 6627 6629 6630
f 6627 6630 6628
f 6629 6631 6632
f 6629 6632 6630
f 6631 6633 6634
f 6631 6634 6632
f 6633 6635 6636
f 6633 6636 6634
f 6635 6637 6638
f 6635 6638 6636
f 6637 6639 6640
f 6637 6640 6638
f 6639 6641 6642
f 6639 6642 6640
f 6641 6643 6644
f 6641 6644 6642
f 6643 6645 6646
f 6643 6646 6644
f 6645 6647 6648
f 6645 6648 6646
f 6647 6649 6650
f 6647 6650 6648
f 6649 6651 6652
f 6649 6652 6650
f 6651 6625 6626
f 6651 6626 6652
f 6653 6627 6625
f 6654 6626 6628
f 6653 6629 6627
f 6654 6628 6630
f 6653 6631 6629
f 6654 6630 6632
f 6653 6633 6631
f 6654 6632 6634
f 6653 6635 6633
f 6654 6634 6636
f 6653 6637 6635
f 6654 6636 6638
f 6653 6639 6637
f 6654 6638 6640
f 6653 6641 6639
f 6654 6640 6642
f 6653 6643 6641
f 6654 6642 6644
f 6653 6645 6643
f 6654 6644 6646
f 6653 6647 6645
f 6654 6646 6648
f 6653 6649 6647
f 6654 6648 6650
f 6653 6651 6649
f 6654 6650 6652
f 6653 6625 6651
f 6654 6652 6626
f 6655 6657 6658
f 6655 6658 6656
f 6657 6659 6660
f 6657 6660 6658
f 6659 6661 6662
f 6659 6662 6660
f 6661 6663 6664
f 6661 6664 6662
f 6663 6665 6666
f 6663 6666 6664
f 6665 6667 6668
f 6665 6668 6666
f 6667 6669 6670
f 6667 6670 6668
f 6669 6671 6672
f 6669 6672 6670
f 6671 6673 6674
f 6671 6674 6672
f 6673 6675 6676
f 6673 6676 6674
f 6675 6677 6678
f 6675 6678 6676
f 6677 6679 6680
f 6677 6680 6678
f 6679 6681 6682
f 6679 6682 6680
f 6681 6655 6656
f 6681 6656 6682
f 6683 6657 6655
f 6684 6656 6658
f 6683 6659 6657
f 6684 6658 6660
f 6683 6661 6659
f 6684 6660 6662
f 6683 6663 6661
f 6684 6662 6664
f 6683 6665 6663
f 6684 6664 6666
f 6683 6667 6665
f 6684 6666 6668
f 6683 6669 6667
f 6684 6668 6670
f 6683 6671 6669
f 6684 6670 6672
f 6683 6673 6671
f 6684 6672 6674
f 6683 6675 6673
f 6684 6674 6676
f 6683 6677 6675
f 6684 6676 6678
f 6683 6679 6677
f 6684 6678 6680
f 6683 6681 6679
f 6684 6680 6682
f 6683 6655 6681
f 6684 6682 6656
f 6685 6687 6688
f 6685 6688 6686
f 6687 6689 6690
f 6687 6690 6688
f 6689 6691 6692
f 6689 6692 6690
f 6691 6693 6694
f 6691 6694 6692
f 6693 6695 6696
f 6693 6696 6694
f 6695 6697 6698
f 6695 6698 6696
f 6697 6699 6700
f 6697 6700 6698
f 6699 6685 6686
f 6699 6686 6700
f 6701 6687 6685
f 6702 6686 6688
f 6701 6689 6687
f 6702 6688 6690
f 6701 6691 6689
f 6702 6690 6692
f 6701 6693 6691
f 6702 6692 6694
f 6701 6695 6693
f 6702 6694 6696
f 6701 6697 6695
f 6702 6696 6698
f 6701 6699 6697
f 6702 6698 6700
f 6701 6685 6699
f 6702 6700 6686
f 6703 6704 6705
f 6703 6705 6706
f 6707 6709 6708
f 6707 6710 6709
f 6703 6707 6708
f 6703 6708 6704
f 6704 6708 6709
f 6704 6709 6705
f 6705 6709 6710
f 6705 6710 6706
f 6706 6710 6707
f 6706 6707 6703
f 6711 6712 6713
f 6711 6713 6714
f 6715 6717 6716
f 6715 6718 6717
f 6711 6715 6716
f 6711 6716 6712
f 6712 6716 6717
f 6712 6717 6713
f 6713 6717 6718
f 6713 6718 6714
f 6714 6718 6715
f 6714 6715 6711
f 6719 6720 6721
f 6719 6721 6722
f 6723 6725 6724
f 6723 6726 6725
f 6719 6723 6724
f 6719 6724 6720
f 6720 6724 6725
f 6720 6725 6721
f 6721 6725 6726
f 6721 6726 6722
f 6722 6726 6723
f 6722 6723 6719
f 6727 6728 6729
f 6727 6729 6730
f 6731 6733 6732
f 6731 6734 6733
f 6727 6731 6732
f 6727 6732 6728
f 6728 6732 6733
f 6728 6733 6729
f 6729 6733 6734
f 6729 6734 6730
f 6730 6734 6731
f 6730 6731 6727
f 6735 6743 6744
f 6735 6744 6736
f 6736 6744 6745
f 6736 6745 6737
f 6737 6745 6746
f 6737 6746 6738
f 6738 6746 6747
f 6738 6747 6739
f 6739 6747 6748
f 6739 6748 6740
f 6740 6748 6749
f 6740 6749 6741
f 6741 6749 6750
f 6741 6750 6742
f 6742 6750 6743
f 6742 6743 6735
f 6743 6751 6752
f 6743 6752 6744
f 6744 6752 6753
f 6744 6753 6745
f 6745 6753 6754
f 6745 6754 6746
f 6746 6754 6755
f 6746 6755 6747
f 6747 6755 6756
f 6747 6756 6748
f 6748 6756 6757
f 6748 6757 6749
f 6749 6757 6758
f 6749 6758 6750
f 6750 6758 6751
f 6750 6751 6743
f 6751 6759 6760
f 6751 6760 6752
f 6752 6760 6761
f 6752 6761 6753
f 6753 6761 6762
f 6753 6762 6754
f 6754 6762 6763
f 6754 6763 6755
f 6755 6763 6764
f 6755 6764 6756
f 6756 6764 6765
f 6756 6765 6757
f 6757 6765 6766
f 6757 6766 6758
f 6758 6766 6759
f 6758 6759 6751
f 6759 6767 6768
f 6759 6768 6760
f 6760 6768 6769
f 6760 6769 6761
f 6761 6769 6770
f 6761 6770 6762
f 6762 6770 6771
f 6762 6771 6763
f 6763 6771 6772
f 6763 6772 6764
f 6764 6772 6773
f 6764 6773 6765
f 6765 6773 6774
f 6765 6774 6766
f 6766 6774 6767
f 6766 6767 6759
f 6767 6775 6776
f 6767 6776 6768
f 6768 6776 6777
f 6768 6777 6769
f 6769 6777 6778
f 6769 6778 6770
f 6770 6778 6779
f 6770 6779 6771
f 6771 6779 6780
f 6771 6780 6772
f 6772 6780 6781
f 6772 6781 6773
f 6773 6781 6782
f 6773 6782 6774
f 6774 6782 6775
f 6774 6775 6767
f 6775 6783 6784
f 6775 6784 6776
f 6776 6784 6785
f 6776 6785 6777
f 6777 6785 6786
f 6777 6786 6778
f 6778 6786 6787
f 6778 6787 6779
f 6779 6787 6788
f 6779 6788 6780
f 6780 6788 6789
f 6780 6789 6781
f 6781 6789 6790
f 6781 6790 6782
f 6782 6790 6783
f 6782 6783 6775
f 6783 6791 6792
f 6783 6792 6784
f 6784 6792 6793
f 6784 6793 6785
f 6785 6793 6794
f 6785 6794 6786
f 6786 6794 6795
f 6786 6795 6787
f 6787 6795 6796
f 6787 6796 6788
f 6788 6796 6797
f 6788 6797 6789
f 6789 6797 6798
f 6789 6798 6790
f 6790 6798 6791
f 6790 6791 6783
f 6791 6799 6800
f 6791 6800 6792
f 6792 6800 6801
f 6792 6801 6793
f 6793 6801 6802
f 6793 6802 6794
f 6794 6802 6803
f 6794 6803 6795
f 6795 6803 6804
f 6795 6804 6796
f 6796 6804 6805
f 6796 6805 6797
f 6797 6805 6806
f 6797 6806 6798
f 6798 6806 6799
f 6798 6799 6791
f 6799 6807 6808
f 6799 6808 6800
f 6800 6808 6809
f 6800 6809 6801
f 6801 6809 6810
f 6801 6810 6802
f 6802 6810 6811
f 6802 6811 6803
f 6803 6811 6812
f 6803 6812 6804
f 6804 6812 6813
f 6804 6813 6805
f 6805 6813 6814
f 6805 6814 6806
f 6806 6814 6807
f 6806 6807 6799
f 6807 6815 6816
f 6807 6816 6808
f 6808 6816 6817
f 6808 6817 6809
f 6809 6817 6818
f 6809 6818 6810
f 6810 6818 6819
f 6810 6819 6811
f 6811 6819 6820
f 6811 6820 6812
f 6812 6820 6821
f 6812 6821 6813
f 6813 6821 6822
f 6813 6822 6814
f 6814 6822 6815
f 6814 6815 6807
f 6815 6823 6824
f 6815 6824 6816
f 6816 6824 6825
f 6816 6825 6817
f 6817 6825 6826
f 6817 6826 6818
f 6818 6826 6827
f 6818 6827 6819
f 6819 6827 6828
f 6819 6828 6820
f 6820 6828 6829
f 6820 6829 6821
f 6821 6829 6830
f 6821 6830 6822
f 6822 6830 6823
f 6822 6823 6815
f 6823 6831 6832
f 6823 6832 6824
f 6824 6832 6833
f 6824 6833 6825
f 6825 6833 6834
f 6825 6834 6826
f 6826 6834 6835
f 6826 6835 6827
f 6827 6835 6836
f 6827 6836 6828
f 6828 6836 6837
f 6828 6837 6829
f 6829 6837 6838
f 6829 6838 6830
f 6830 6838 6831
f 6830 6831 6823
f 6831 6839 6840
f 6831 6840 6832
f 6832 6840 6841
f 6832 6841 6833
f 6833 6841 6842
f 6833 6842 6834
f 6834 6842 6843
f 6834 6843 6835
f 6835 6843 6844
f 6835 6844 6836
f 6836 6844 6845
f 6836 6845 6837
f 6837 6845 6846
f 6837 6846 6838
f 6838 6846 6839
f 6838 6839 6831
f 6839 6847 6848
f 6839 6848 6840
f 6840 6848 6849
f 6840 6849 6841
f 6841 6849 6850
f 6841 6850 6842
f 6842 6850 6851
f 6842 6851 6843
f 6843 6851 6852
f 6843 6852 6844
f 6844 6852 6853
f 6844 6853 6845
f 6845 6853 6854
f 6845 6854 6846
f 6846 6854 6847
f 6846 6847 6839
f 6847 6855 6856
f 6847 6856 6848
f 6848 6856 6857
f 6848 6857 6849
f 6849 6857 6858
f 6849 6858 6850
f 6850 6858 6859
f 6850 6859 6851
f 6851 6859 6860
f 6851 6860 6852
f 6852 6860 6861
f 6852 6861 6853
f 6853 6861 6862
f 6853 6862 6854
f 6854 6862 6855
f 6854 6855 6847
f 6855 6863 6864
f 6855 6864 6856
f 6856 6864 6865
f 6856 6865 6857
f 6857 6865 6866
f 6857 6866 6858
f 6858 6866 6867
f 6858 6867 6859
f 6859 6867 6868
f 6859 6868 6860
f 6860 6868 6869
f 6860 6869 6861
f 6861 6869 6870
f 6861 6870 6862
f 6862 6870 6863
f 6862 6863 6855
f 6863 6871 6872
f 6863 6872 6864
f 6864 6872 6873
f 6864 6873 6865
f 6865 6873 6874
f 6865 6874 6866
f 6866 6874 6875
f 6866 6875 6867
f 6867 6875 6876
f 6867 6876 6868
f 6868 6876 6877
f 6868 6877 6869
f 6869 6877 6878
f 6869 6878 6870
f 6870 6878 6871
f 6870 6871 6863
f 6871 6879 6880
f 6871 6880 6872
f 6872 6880 6881
f 6872 6881 6873
f 6873 6881 6882
f 6873 6882 6874
f 6874 6882 6883
f 6874 6883 6875
f 6875 6883 6884
f 6875 6884 6876
f 6876 6884 6885
f 6876 6885 6877
f 6877 6885 6886
f 6877 6886 6878
f 6878 6886 6879
f 6878 6879 6871
f 6879 6887 6888
f 6879 6888 6880
f 6880 6888 6889
f 6880 6889 6881
f 6881 6889 6890
f 6881 6890 6882
f 6882 6890 6891
f 6882 6891 6883
f 6883 6891 6892
f 6883 6892 6884
f 6884 6892 6893
f 6884 6893 6885
f 6885 6893 6894
f 6885 6894 6886
f 6886 6894 6887
f 6886 6887 6879
f 6887 6895 6896
f 6887 6896 6888
f 6888 6896 6897
f 6888 6897 6889
f 6889 6897 6898
f 6889 6898 6890
f 6890 6898 6899
f 6890 6899 6891
f 6891 6899 6900
f 6891 6900 6892
f 6892 6900 6901
f 6892 6901 6893
f 6893 6901 6902
f 6893 6902 6894
f 6894 6902 6895
f 6894 6895 6887
f 6895 6903 6904
f 6895 6904 6896
f 6896 6904 6905
f 6896 6905 6897
f 6897 6905 6906
f 6897 6906 6898
f 6898 6906 6907
f 6898 6907 6899
f 6899 6907 6908
f 6899 6908 6900
f 6900 6908 6909
f 6900 6909 6901
f 6901 6909 6910
f 6901 6910 6902
f 6902 6910 6903
f 6902 6903 6895
f 6903 6911 6912
f 6903 6912 6904
f 6904 6912 6913
f 6904 6913 6905
f 6905 6913 6914
f 6905 6914 6906
f 6906 6914 6915
f 6906 6915 6907
f 6907 6915 6916
f 6907 6916 6908
f 6908 6916 6917
f 6908 6917 6909
f 6909 6917 6918
f 6909 6918 6910
f 6910 6918 6911
f 6910 6911 6903
f 6911 6919 6920
f 6911 6920 6912
f 6912 6920 6921
f 6912 6921 6913
f 6913 6921 6922
f 6913 6922 6914
f 6914 6922 6923
f 6914 6923 6915
f 6915 6923 6924
f 6915 6924 6916
f 6916 6924 6925
f 6916 6925 6917
f 6917 6925 6926
f 6917 6926 6918
f 6918 6926 6919
f 6918 6919 6911
f 6919 6927 6928
f 6919 6928 6920
f 6920 6928 6929
f 6920 6929 6921
f 6921 6929 6930
f 6921 6930 6922
f 6922 6930 6931
f 6922 6931 6923
f 6923 6931 6932
f 6923 6932 6924
f 6924 6932 6933
f 6924 6933 6925
f 6925 6933 6934
f 6925 6934 6926
f 6926 6934 6927
f 6926 6927 6919
f 6927 6935 6936
f 6927 6936 6928
f 6928 6936 6937
f 6928 6937 6929
f 6929 6937 6938
f 6929 6938 6930
f 6930 6938 6939
f 6930 6939 6931
f 6931 6939 6940
f 6931 6940 6932
f 6932 6940 6941
f 6932 6941 6933
f 6933 6941 6942
f 6933 6942 6934
f 6934 6942 6935
f 6934 6935 6927
f 6935 6943 6944
f 6935 6944 6936
f 6936 6944 6945
f 6936 6945 6937
f 6937 6945 6946
f 6937 6946 6938
f 6938 6946 6947
f 6938 6947 6939
f 6939 6947 6948
f 6939 6948 6940
f 6940 6948 6949
f 6940 6949 6941
f 6941 6949 6950
f 6941 6950 6942
f 6942 6950 6943
f 6942 6943 6935
f 6943 6951 6952
f 6943 6952 6944
f 6944 6952 6953
f 6944 6953 6945
f 6945 6953 6954
f 6945 6954 6946
f 6946 6954 6955
f 6946 6955 6947
f 6947 6955 6956
f 6947 6956 6948
f 6948 6956 6957
f 6948 6957 6949
f 6949 6957 6958
f 6949 6958 6950
f 6950 6958 6951
f 6950 6951 6943
f 6951 6959 6960
f 6951 6960 6952
f 6952 6960 6961
f 6952 6961 6953
f 6953 6961 6962
f 6953 6962 6954
f 6954 6962 6963
f 6954 6963 6955
f 6955 6963 6964
f 6955 6964 6956
f 6956 6964 6965
f 6956 6965 6957
f 6957 6965 6966
f 6957 6966 6958
f 6958 6966 6959
f 6958 6959 6951
f 6959 6967 6968
f 6959 6968 6960
f 6960 6968 6969
f 6960 6969 6961
f 6961 6969 6970
f 6961 6970 6962
f 6962 6970 6971
f 6962 6971 6963
f 6963 6971 6972
f 6963 6972 6964
f 6964 6972 6973
f 6964 6973 6965
f 6965 6973 6974
f 6965 6974 6966
f 6966 6974 6967
f 6966 6967 6959
f 6967 6975 6976
f 6967 6976 6968
f 6968 6976 6977
f 6968 6977 6969
f 6969 6977 6978
f 6969 6978 6970
f 6970 6978 6979
f 6970 6979 6971
f 6971 6979 6980
f 6971 6980 6972
f 6972 6980 6981
f 6972 6981 6973
f 6973 6981 6982
f 6973 6982 6974
f 6974 6982 6975
f 6974 6975 6967
f 6975 6983 6984
f 6975 6984 6976
f 6976 6984 6985
f 6976 6985 6977
f 6977 6985 6986
f 6977 6986 6978
f 6978 6986 6987
f 6978 6987 6979
f 6979 6987 6988
f 6979 6988 6980
f 6980 6988 6989
f 6980 6989 6981
f 6981 6989 6990
f 6981 6990 6982
f 6982 6990 6983
f 6982 6983 6975
f 6983 6991 6992
f 6983 6992 6984
f 6984 6992 6993
f 6984 6993 6985
f 6985 6993 6994
f 6985 6994 6986
f 6986 6994 6995
f 6986 6995 6987
f 6987 6995 6996
f 6987 6996 6988
f 6988 6996 6997
f 6988 6997 6989
f 6989 6997 6998
f 6989 6998 6990
f 6990 6998 6991
f 6990 6991 6983
f 6991 6999 7000
f 6991 7000 6992
f 6992 7000 7001
f 6992 7001 6993
f 6993 7001 7002
f 6993 7002 6994
f 6994 7002 7003
f 6994 7003 6995
f 6995 7003 7004
f 6995 7004 6996
f 6996 7004 7005
f 6996 7005 6997
f 6997 7005 7006
f 6997 7006 6998
f 6998 7006 6999
f 6998 6999 6991
f 6999 7007 7008
f 6999 7008 7000
f 7000 7008 7009
f 7000 7009 7001
f 7001 7009 7010
f 7001 7010 7002
f 7002 7010 7011
f 7002 7011 7003
f 7003 7011 7012
f 7003 7012 7004
f 7004 7012 7013
f 7004 7013 7005
f 7005 7013 7014
f 7005 7014 7006
f 7006 7014 7007
f 7006 7007 6999
f 7007 7015 7016
f 7007 7016 7008
f 7008 7016 7017
f 7008 7017 7009
f 7009 7017 7018
f 7009 7018 7010
f 7010 7018 7019
f 7010 7019 7011
f 7011 7019 7020
f 7011 7020 7012
f 7012 7020 7021
f 7012 7021 7013
f 7013 7021 7022
f 7013 7022 7014
f 7014 7022 7015
f 7014 7015 7007
f 7015 6735 6736
f 7015 6736 7016
f 7016 6736 6737
f 7016 6737 7017
f 7017 6737 6738
f 7017 6738 7018
f 7018 6738 6739
f 7018 6739 7019
f 7019 6739 6740
f 7019 6740 7020
f 7020 6740 6741
f 7020 6741 7021
f 7021 6741 6742
f 7021 6742 7022
f 7022 6742 6735
f 7022 6735 7015
f 7023 7031 7032
f 7023 7032 7024
f 7024 7032 7033
f 7024 7033 7025
f 7025 7033 7034
f 7025 7034 7026
f 7026 7034 7035
f 7026 7035 7027
f 7027 7035 7036
f 7027 7036 7028
f 7028 7036 7037
f 7028 7037 7029
f 7029 7037 7038
f 7029 7038 7030
f 7030 7038 7031
f 7030 7031 7023
f 7031 7039 7040
f 7031 7040 7032
f 7032 7040 7041
f 7032 7041 7033
f 7033 7041 7042
f 7033 7042 7034
f 7034 7042 7043
f 7034 7043 7035
f 7035 7043 7044
f 7035 7044 7036
f 7036 7044 7045
f 7036 7045 7037
f 7037 7045 7046
f 7037 7046 7038
f 7038 7046 7039
f 7038 7039 7031
f 7039 7047 7048
f 7039 7048 7040
f 7040 7048 7049
f 7040 7049 7041
f 7041 7049 7050
f 7041 7050 7042
f 7042 7050 7051
f 7042 7051 7043
f 7043 7051 7052
f 7043 7052 7044
f 7044 7052 7053
f 7044 7053 7045
f 7045 7053 7054
f 7045 7054 7046
f 7046 7054 7047
f 7046 7047 7039
f 7047 7055 7056
f 7047 7056 7048
f 7048 7056 7057
f 7048 7057 7049
f 7049 7057 7058
f 7049 7058 7050
f 7050 7058 7059
f 7050 7059 7051
f 7051 7059 7060
f 7051 7060 7052
f 7052 7060 7061
f 7052 7061 7053
f 7053 7061 7062
f 7053 7062 7054
f 7054 7062 7055
f 7054 7055 7047
f 7055 7063 7064
f 7055 7064 7056
f 7056 7064 7065
f 7056 7065 7057
f 7057 7065 7066
f 7057 7066 7058
f 7058 7066 7067
f 7058 7067 7059
f 7059 7067 7068
f 7059 7068 7060
f 7060 7068 7069
f 7060 7069 7061
f 7061 7069 7070
f 7061 7070 7062
f 7062 7070 7063
f 7062 7063 7055
f 7063 7071 7072
f 7063 7072 7064
f 7064 7072 7073
f 7064 7073 7065
f 7065 7073 7074
f 7065 7074 7066
f 7066 7074 7075
f 7066 7075 7067
f 7067 7075 7076
f 7067 7076 7068
f 7068 7076 7077
f 7068 7077 7069
f 7069 7077 7078
f 7069 7078 7070
f 7070 7078 7071
f 7070 7071 7063
f 7071 7079 7080
f 7071 7080 7072
f 7072 7080 7081
f 7072 7081 7073
f 7073 7081 7082
f 7073 7082 7074
f 7074 7082 7083
f 7074 7083 7075
f 7075 7083 7084
f 7075 7084 7076
f 7076 7084 7085
f 7076 7085 7077
f 7077 7085 7086
f 7077 7086 7078
f 7078 7086 7079
f 7078 7079 7071
f 7079 7087 7088
f 7079 7088 7080
f 7080 7088 7089
f 7080 7089 7081
f 7081 7089 7090
f 7081 7090 7082
f 7082 7090 7091
f 7082 7091 7083
f 7083 7091 7092
f 7083 7092 7084
f 7084 7092 7093
f 7084 7093 7085
f 7085 7093 7094
f 7085 7094 7086
f 7086 7094 7087
f 7086 7087 7079
f 7087 7095 7096
f 7087 7096 7088
f 7088 7096 7097
f 7088 7097 7089
f 7089 7097 7098
f 7089 7098 7090
f 7090 7098 7099
f 7090 7099 7091
f 7091 7099 7100
f 7091 7100 7092
f 7092 7100 7101
f 7092 7101 7093
f 7093 7101 7102
f 7093 7102 7094
f 7094 7102 7095
f 7094 7095 7087
f 7095 7103 7104
f 7095 7104 7096
f 7096 7104 7105
f 7096 7105 7097
f 7097 7105 7106
f 7097 7106 7098
f 7098 7106 7107
f 7098 7107 7099
f 7099 7107 7108
f 7099 7108 7100
f 7100 7108 7109
f 7100 7109 7101
f 7101 7109 7110
f 7101 7110 7102
f 7102 7110 7103
f 7102 7103 7095
f 7103 7111 7112
f 7103 7112 7104
f 7104 7112 7113
f 7104 7113 7105
f 7105 7113 7114
f 7105 7114 7106
f 7106 7114 7115
f 7106 7115 7107
f 7107 7115 7116
f 7107 7116 7108
f 7108 7116 7117
f 7108 7117 7109
f 7109 7117 7118
f 7109 7118 7110
f 7110 7118 7111
f 7110 7111 7103
f 7111 7119 7120
f 7111 7120 7112
f 7112 7120 7121
f 7112 7121 7113
f 7113 7121 7122
f 7113 7122 7114
f 7114 7122 7123
f 7114 7123 7115
f 7115 7123 7124
f 7115 7124 7116
f 7116 7124 7125
f 7116 7125 7117
f 7117 7125 7126
f 7117 7126 7118
f 7118 7126 7119
f 7118 7119 7111
f 7119 7127 7128
f 7119 7128 7120
f 7120 7128 7129
f 7120 7129 7121
f 7121 7129 7130
f 7121 7130 7122
f 7122 7130 7131
f 7122 7131 7123
f 7123 7131 7132
f 7123 7132 7124
f 7124 7132 7133
f 7124 7133 7125
f 7125 7133 7134
f 7125 7134 7126
f 7126 7134 7127
f 7126 7127 7119
f 7127 7135 7136
f 7127 7136 7128
f 7128 7136 7137
f 7128 7137 7129
f 7129 7137 7138
f 7129 7138 7130
f 7130 7138 7139
f 7130 7139 7131
f 7131 7139 7140
f 7131 7140 7132
f 7132 7140 7141
f 7132 7141 7133
f 7133 7141 7142
f 7133 7142 7134
f 7134 7142 7135
f 7134 7135 7127
f 7135 7143 7144
f 7135 7144 7136
f 7136 7144 7145
f 7136 7145 7137
f 7137 7145 7146
f 7137 7146 7138
f 7138 7146 7147
f 7138 7147 7139
f 7139 7147 7148
f 7139 7148 7140
f 7140 7148 7149
f 7140 7149 7141
f 7141 7149 7150
f 7141 7150 7142
f 7142 7150 7143
f 7142 7143 7135
f 7143 7151 7152
f 7143 7152 7144
f 7144 7152 7153
f 7144 7153 7145
f 7145 7153 7154
f 7145 7154 7146
f 7146 7154 7155
f 7146 7155 7147
f 7147 7155 7156
f 7147 7156 7148
f 7148 7156 7157
f 7148 7157 7149
f 7149 7157 7158
f 7149 7158 7150
f 7150 7158 7151
f 7150 7151 7143
f 7151 7159 7160
f 7151 7160 7152
f 7152 7160 7161
f 7152 7161 7153
f 7153 7161 7162
f 7153 7162 7154
f 7154 7162 7163
f 7154 7163 7155
f 7155 7163 7164
f 7155 7164 7156
f 7156 7164 7165
f 7156 7165 7157
f 7157 7165 7166
f 7157 7166 7158
f 7158 7166 7159
f 7158 7159 7151
f 7159 7167 7168
f 7159 7168 7160
f 7160 7168 7169
f 7160 7169 7161
f 7161 7169 7170
f 7161 7170 7162
f 7162 7170 7171
f 7162 7171 7163
f 7163 7171 7172
f 7163 7172 7164
f 7164 7172 7173
f 7164 7173 7165
f 7165 7173 7174
f 7165 7174 7166
f 7166 7174 7167
f 7166 7167 7159
f 7167 7175 7176
f 7167 7176 7168
f 7168 7176 7177
f 7168 7177 7169
f 7169 7177 7178
f 7169 7178 7170
f 7170 7178 7179
f 7170 7179 7171
f 7171 7179 7180
f 7171 7180 7172
f 7172 7180 7181
f 7172 7181 7173
f 7173 7181 7182
f 7173 7182 7174
f 7174 7182 7175
f 7174 7175 7167
f 7175 7183 7184
f 7175 7184 7176
f 7176 7184 7185
f 7176 7185 7177
f 7177 7185 7186
f 7177 7186 7178
f 7178 7186 7187
f 7178 7187 7179
f 7179 7187 7188
f 7179 7188 7180
f 7180 7188 7189
f 7180 7189 7181
f 7181 7189 7190
f 7181 7190 7182
f 7182 7190 7183
f 7182 7183 7175
f 7183 7191 7192
f 7183 7192 7184
f 7184 7192 7193
f 7184 7193 7185
f 7185 7193 7194
f 7185 7194 7186
f 7186 7194 7195
f 7186 7195 7187
f 7187 7195 7196
f 7187 7196 7188
f 7188 7196 7197
f 7188 7197 7189
f 7189 7197 7198
f 7189 7198 7190
f 7190 7198 7191
f 7190 7191 7183
f 7191 7199 7200
f 7191 7200 7192
f 7192 7200 7201
f 7192 7201 7193
f 7193 7201 7202
f 7193 7202 7194
f 7194 7202 7203
f 7194 7203 7195
f 7195 7203 7204
f 7195 7204 7196
f 7196 7204 7205
f 7196 7205 7197
f 7197 7205 7206
f 7197 7206 7198
f 7198 7206 7199
f 7198 7199 7191
f 7199 7207 7208
f 7199 7208 7200
f 7200 7208 7209
f 7200 7209 7201
f 7201 7209 7210
f 7201 7210 7202
f 7202 7210 7211
f 7202 7211 7203
f 7203 7211 7212
f 7203 7212 7204
f 7204 7212 7213
f 7204 7213 7205
f 7205 7213 7214
f 7205 7214 7206
f 7206 7214 7207
f 7206 7207 7199
f 7207 7215 7216
f 7207 7216 7208
f 7208 7216 7217
f 7208 7217 7209
f 7209 7217 7218
f 7209 7218 7210
f 7210 7218 7219
f 7210 7219 7211
f 7211 7219 7220
f 7211 7220 7212
f 7212 7220 7221
f 7212 7221 7213
f 7213 7221 7222
f 7213 7222 7214
f 7214 7222 7215
f 7214 7215 7207
f 7215 7223 7224
f 7215 7224 7216
f 7216 7224 7225
f 7216 7225 7217
f 7217 7225 7226
f 7217 7226 7218
f 7218 7226 7227
f 7218 7227 7219
f 7219 7227 7228
f 7219 7228 7220
f 7220 7228 7229
f 7220 7229 7221
f 7221 7229 7230
f 7221 7230 7222
f 7222 7230 7223
f 7222 7223 7215
f 7223 7231 7232
f 7223 7232 7224
f 7224 7232 7233
f 7224 7233 7225
f 7225 7233 7234
f 7225 7234 7226
f 7226 7234 7235
f 7226 7235 7227
f 7227 7235 7236
f 7227 7236 7228
f 7228 7236 7237
f 7228 7237 7229
f 7229 7237 7238
f 7229 7238 7230
f 7230 7238 7231
f 7230 7231 7223
f 7231 7239 7240
f 7231 7240 7232
f 7232 7240 7241
f 7232 7241 7233
f 7233 7241 7242
f 7233 7242 7234
f 7234 7242 7243
f 7234 7243 7235
f 7235 7243 7244
f 7235 7244 7236
f 7236 7244 7245
f 7236 7245 7237
f 7237 7245 7246
f 7237 7246 7238
f 7238 7246 7239
f 7238 7239 7231
f 7239 7247 7248
f 7239 7248 7240
f 7240 7248 7249
f 7240 7249 7241
f 7241 7249 7250
f 7241 7250 7242
f 7242 7250 7251
f 7242 7251 7243
f 7243 7251 7252
f 7243 7252 7244
f 7244 7252 7253
f 7244 7253 7245
f 7245 7253 7254
f 7245 7254 7246
f 7246 7254 7247
f 7246 7247 7239
f 7247 7255 7256
f 7247 7256 7248
f 7248 7256 7257
f 7248 7257 7249
f 7249 7257 7258
f 7249 7258 7250
f 7250 7258 7259
f 7250 7259 7251
f 7251 7259 7260
f 7251 7260 7252
f 7252 7260 7261
f 7252 7261 7253
f 7253 7261 7262
f 7253 7262 7254
f 7254 7262 7255
f 7254 7255 7247
f 7255 7263 7264
f 7255 7264 7256
f 7256 7264 7265
f 7256 7265 7257
f 7257 7265 7266
f 7257 7266 7258
f 7258 7266 7267
f 7258 7267 7259
f 7259 7267 7268
f 7259 7268 7260
f 7260 7268 7269
f 7260 7269 7261
f 7261 7269 7270
f 7261 7270 7262
f 7262 7270 7263
f 7262 7263 7255
f 7263 7271 7272
f 7263 7272 7264
f 7264 7272 7273
f 7264 7273 7265
f 7265 7273 7274
f 7265 7274 7266
f 7266 7274 7275
f 7266 7275 7267
f 7267 7275 7276
f 7267 7276 7268
f 7268 7276 7277
f 7268 7277 7269
f 7269 7277 7278
f 7269 7278 7270
f 7270 7278 7271
f 7270 7271 7263
f 7271 7279 7280
f 7271 7280 7272
f 7272 7280 7281
f 7272 7281 7273
f 7273 7281 7282
f 7273 7282 7274
f 7274 7282 7283
f 7274 7283 7275
f 7275 7283 7284
f 7275 7284 7276
f 7276 7284 7285
f 7276 7285 7277
f 7277 7285 7286
f 7277 7286 7278
f 7278 7286 7279
f 7278 7279 7271
f 7279 7287 7288
f 7279 7288 7280
f 7280 7288 7289
f 7280 7289 7281
f 7281 7289 7290
f 7281 7290 7282
f 7282 7290 7291
f 7282 7291 7283
f 7283 7291 7292
f 7283 7292 7284
f 7284 7292 7293
f 7284 7293 7285
f 7285 7293 7294
f 7285 7294 7286
f 7286 7294 7287
f 7286 7287 7279
f 7287 7295 7296
f 7287 7296 7288
f 7288 7296 7297
f 7288 7297 7289
f 7289 7297 7298
f 7289 7298 7290
f 7290 7298 7299
f 7290 7299 7291
f 7291 7299 7300
f 7291 7300 7292
f 7292 7300 7301
f 7292 7301 7293
f 7293 7301 7302
f 7293 7302 7294
f 7294 7302 7295
f 7294 7295 7287
f 7295 7303 7304
f 7295 7304 7296
f 7296 7304 7305
f 7296 7305 7297
f 7297 7305 7306
f 7297 7306 7298
f 7298 7306 7307
f 7298 7307 7299
f 7299 7307 7308
f 7299 7308 7300
f 7300 7308 7309
f 7300 7309 7301
f 7301 7309 7310
f 7301 7310 7302
f 7302 7310 7303
f 7302 7303 7295
f 7303 7023 7024
f 7303 7024 7304
f 7304 7024 7025
f 7304 7025 7305
f 7305 7025 7026
f 7305 7026 7306
f 7306 7026 7027
f 7306 7027 7307
f 7307 7027 7028
f 7307 7028 7308
f 7308 7028 7029
f 7308 7029 7309
f 7309 7029 7030
f 7309 7030 7310
f 7310 7030 7023
f 7310 7023 7303
f 7311 7319 7320
f 7311 7320 7312
f 7312 7320 7321
f 7312 7321 7313
f 7313 7321 7322
f 7313 7322 7314
f 7314 7322 7323
f 7314 7323 7315
f 7315 7323 7324
f 7315 7324 7316
f 7316 7324 7325
f 7316 7325 7317
f 7317 7325 7326
f 7317 7326 7318
f 7318 7326 7319
f 7318 7319 7311
f 7319 7327 7328
f 7319 7328 7320
f 7320 7328 7329
f 7320 7329 7321
f 7321 7329 7330
f 7321 7330 7322
f 7322 7330 7331
f 7322 7331 7323
f 7323 7331 7332
f 7323 7332 7324
f 7324 7332 7333
f 7324 7333 7325
f 7325 7333 7334
f 7325 7334 7326
f 7326 7334 7327
f 7326 7327 7319
f 7327 7335 7336
f 7327 7336 7328
f 7328 7336 7337
f 7328 7337 7329
f 7329 7337 7338
f 7329 7338 7330
f 7330 7338 7339
f 7330 7339 7331
f 7331 7339 7340
f 7331 7340 7332
f 7332 7340 7341
f 7332 7341 7333
f 7333 7341 7342
f 7333 7342 7334
f 7334 7342 7335
f 7334 7335 7327
f 7335 7343 7344
f 7335 7344 7336
f 7336 7344 7345
f 7336 7345 7337
f 7337 7345 7346
f 7337 7346 7338
f 7338 7346 7347
f 7338 7347 7339
f 7339 7347 7348
f 7339 7348 7340
f 7340 7348 7349
f 7340 7349 7341
f 7341 7349 7350
f 7341 7350 7342
f 7342 7350 7343
f 7342 7343 7335
f 7343 7351 7352
f 7343 7352 7344
f 7344 7352 7353
f 7344 7353 7345
f 7345 7353 7354
f 7345 7354 7346
f 7346 7354 7355
f 7346 7355 7347
f 7347 7355 7356
f 7347 7356 7348
f 7348 7356 7357
f 7348 7357 7349
f 7349 7357 7358
f 7349 7358 7350
f 7350 7358 7351
f 7350 7351 7343
f 7351 7359 7360
f 7351 7360 7352
f 7352 7360 7361
f 7352 7361 7353
f 7353 7361 7362
f 7353 7362 7354
f 7354 7362 7363
f 7354 7363 7355
f 7355 7363 7364
f 7355 7364 7356
f 7356 7364 7365
f 7356 7365 7357
f 7357 7365 7366
f 7357 7366 7358
f 7358 7366 7359
f 7358 7359 7351
f 7359 7367 7368
f 7359 7368 7360
f 7360 7368 7369
f 7360 7369 7361
f 7361 7369 7370
f 7361 7370 7362
f 7362 7370 7371
f 7362 7371 7363
f 7363 7371 7372
f 7363 7372 7364
f 7364 7372 7373
f 7364 7373 7365
f 7365 7373 7374
f 7365 7374 7366
f 7366 7374 7367
f 7366 7367 7359
f 7367 7375 7376
f 7367 7376 7368
f 7368 7376 7377
f 7368 7377 7369
f 7369 7377 7378
f 7369 7378 7370
f 7370 7378 7379
f 7370 7379 7371
f 7371 7379 7380
f 7371 7380 7372
f 7372 7380 7381
f 7372 7381 7373
f 7373 7381 7382
f 7373 7382 7374
f 7374 7382 7375
f 7374 7375 7367
f 7375 7383 7384
f 7375 7384 7376
f 7376 7384 7385
f 7376 7385 7377
f 7377 7385 7386
f 7377 7386 7378
f 7378 7386 7387
f 7378 7387 7379
f 7379 7387 7388
f 7379 7388 7380
f 7380 7388 7389
f 7380 7389 7381
f 7381 7389 7390
f 7381 7390 7382
f 7382 7390 7383
f 7382 7383 7375
f 7383 7391 7392
f 7383 7392 7384
f 7384 7392 7393
f 7384 7393 7385
f 7385 7393 7394
f 7385 7394 7386
f 7386 7394 7395
f 7386 7395 7387
f 7387 7395 7396
f 7387 7396 7388
f 7388 7396 7397
f 7388 7397 7389
f 7389 7397 7398
f 7389 7398 7390
f 7390 7398 7391
f 7390 7391 7383
f 7391 7399 7400
f 7391 7400 7392
f 7392 7400 7401
f 7392 7401 7393
f 7393 7401 7402
f 7393 7402 7394
f 7394 7402 7403
f 7394 7403 7395
f 7395 7403 7404
f 7395 7404 7396
f 7396 7404 7405
f 7396 7405 7397
f 7397 7405 7406
f 7397 7406 7398
f 7398 7406 7399
f 7398 7399 7391
f 7399 7407 7408
f 7399 7408 7400
f 7400 7408 7409
f 7400 7409 7401
f 7401 7409 7410
f 7401 7410 7402
f 7402 7410 7411
f 7402 7411 7403
f 7403 7411 7412
f 7403 7412 7404
f 7404 7412 7413
f 7404 7413 7405
f 7405 7413 7414
f 7405 7414 7406
f 7406 7414 7407
f 7406 7407 7399
f 7407 7415 7416
f 7407 7416 7408
f 7408 7416 7417
f 7408 7417 7409
f 7409 7417 7418
f 7409 7418 7410
f 7410 7418 7419
f 7410 7419 7411
f 7411 7419 7420
f 7411 7420 7412
f 7412 7420 7421
f 7412 7421 7413
f 7413 7421 7422
f 7413 7422 7414
f 7414 7422 7415
f 7414 7415 7407
f 7415 7423 7424
f 7415 7424 7416
f 7416 7424 7425
f 7416 7425 7417
f 7417 7425 7426
f 7417 7426 7418
f 7418 7426 7427
f 7418 7427 7419
f 7419 7427 7428
f 7419 7428 7420
f 7420 7428 7429
f 7420 7429 7421
f 7421 7429 7430
f 7421 7430 7422
f 7422 7430 7423
f 7422 7423 7415
f 7423 7431 7432
f 7423 7432 7424
f 7424 7432 7433
f 7424 7433 7425
f 7425 7433 7434
f 7425 7434 7426
f 7426 7434 7435
f 7426 7435 7427
f 7427 7435 7436
f 7427 7436 7428
f 7428 7436 7437
f 7428 7437 7429
f 7429 7437 7438
f 7429 7438 7430
f 7430 7438 7431
f 7430 7431 7423
f 7431 7439 7440
f 7431 7440 7432
f 7432 7440 7441
f 7432 7441 7433
f 7433 7441 7442
f 7433 7442 7434
f 7434 7442 7443
f 7434 7443 7435
f 7435 7443 7444
f 7435 7444 7436
f 7436 7444 7445
f 7436 7445 7437
f 7437 7445 7446
f 7437 7446 7438
f 7438 7446 7439
f 7438 7439 7431
f 7439 7447 7448
f 7439 7448 7440
f 7440 7448 7449
f 7440 7449 7441
f 7441 7449 7450
f 7441 7450 7442
f 7442 7450 7451
f 7442 7451 7443
f 7443 7451 7452
f 7443 7452 7444
f 7444 7452 7453
f 7444 7453 7445
f 7445 7453 7454
f 7445 7454 7446
f 7446 7454 7447
f 7446 7447 7439
f 7447 7455 7456
f 7447 7456 7448
f 7448 7456 7457
f 7448 7457 7449
f 7449 7457 7458
f 7449 7458 7450
f 7450 7458 7459
f 7450 7459 7451
f 7451 7459 7460
f 7451 7460 7452
f 7452 7460 7461
f 7452 7461 7453
f 7453 7461 7462
f 7453 7462 7454
f 7454 7462 7455
f 7454 7455 7447
f 7455 7463 7464
f 7455 7464 7456
f 7456 7464 7465
f 7456 7465 7457
f 7457 7465 7466
f 7457 7466 7458
f 7458 7466 7467
f 7458 7467 7459
f 7459 7467 7468
f 7459 7468 7460
f 7460 7468 7469
f 7460 7469 7461
f 7461 7469 7470
f 7461 7470 7462
f 7462 7470 7463
f 7462 7463 7455
f 7463 7471 7472
f 7463 7472 7464
f 7464 7472 7473
f 7464 7473 7465
f 7465 7473 7474
f 7465 7474 7466
f 7466 7474 7475
f 7466 7475 7467
f 7467 7475 7476
f 7467 7476 7468
f 7468 7476 7477
f 7468 7477 7469
f 7469 7477 7478
f 7469 7478 7470
f 7470 7478 7471
f 7470 7471 7463
f 7471 7479 7480
f 7471 7480 7472
f 7472 7480 7481
f 7472 7481 7473
f 7473 7481 7482
f 7473 7482 7474
f 7474 7482 7483
f 7474 7483 7475
f 7475 7483 7484
f 7475 7484 7476
f 7476 7484 7485
f 7476 7485 7477
f 7477 7485 7486
f 7477 7486 7478
f 7478 7486 7479
f 7478 7479 7471
f 7479 7487 7488
f 7479 7488 7480
f 7480 7488 7489
f 7480 7489 7481
f 7481 7489 7490
f 7481 7490 7482
f 7482 7490 7491
f 7482 7491 7483
f 7483 7491 7492
f 7483 7492 7484
f 7484 7492 7493
f 7484 7493 7485
f 7485 7493 7494
f 7485 7494 7486
f 7486 7494 7487
f 7486 7487 7479
f 7487 7495 7496
f 7487 7496 7488
f 7488 7496 7497
f 7488 7497 7489
f 7489 7497 7498
f 7489 7498 7490
f 7490 7498 7499
f 7490 7499 7491
f 7491 7499 7500
f 7491 7500 7492
f 7492 7500 7501
f 7492 7501 7493
f 7493 7501 7502
f 7493 7502 7494
f 7494 7502 7495
f 7494 7495 7487
f 7495 7503 7504
f 7495 7504 7496
f 7496 7504 7505
f 7496 7505 7497
f 7497 7505 7506
f 7497 7506 7498
f 7498 7506 7507
f 7498 7507 7499
f 7499 7507 7508
f 7499 7508 7500
f 7500 7508 7509
f 7500 7509 7501
f 7501 7509 7510
f 7501 7510 7502
f 7502 7510 7503
f 7502 7503 7495
f 7503 7511 7512
f 7503 7512 7504
f 7504 7512 7513
f 7504 7513 7505
f 7505 7513 7514
f 7505 7514 7506
f 7506 7514 7515
f 7506 7515 7507
f 7507 7515 7516
f 7507 7516 7508
f 7508 7516 7517
f 7508 7517 7509
f 7509 7517 7518
f 7509 7518 7510
f 7510 7518 7511
f 7510 7511 7503
f 7511 7519 7520
f 7511 7520 7512
f 7512 7520 7521
f 7512 7521 7513
f 7513 7521 7522
f 7513 7522 7514
f 7514 7522 7523
f 7514 7523 7515
f 7515 7523 7524
f 7515 7524 7516
f 7516 7524 7525
f 7516 7525 7517
f 7517 7525 7526
f 7517 7526 7518
f 7518 7526 7519
f 7518 7519 7511
f 7519 7527 7528
f 7519 7528 7520
f 7520 7528 7529
f 7520 7529 7521
f 7521 7529 7530
f 7521 7530 7522
f 7522 7530 7531
f 7522 7531 7523
f 7523 7531 7532
f 7523 7532 7524
f 7524 7532 7533
f 7524 7533 7525
f 7525 7533 7534
f 7525 7534 7526
f 7526 7534 7527
f 7526 7527 7519
f 7527 7535 7536
f 7527 7536 7528
f 7528 7536 7537
f 7528 7537 7529
f 7529 7537 7538
f 7529 7538 7530
f 7530 7538 7539
f 7530 7539 7531
f 7531 7539 7540
f 7531 7540 7532
f 7532 7540 7541
f 7532 7541 7533
f 7533 7541 7542
f 7533 7542 7534
f 7534 7542 7535
f 7534 7535 7527
f 7535 7543 7544
f 7535 7544 7536
f 7536 7544 7545
f 7536 7545 7537
f 7537 7545 7546
f 7537 7546 7538
f 7538 7546 7547
f 7538 7547 7539
f 7539 7547 7548
f 7539 7548 7540
f 7540 7548 7549
f 7540 7549 7541
f 7541 7549 7550
f 7541 7550 7542
f 7542 7550 7543
f 7542 7543 7535
f 7543 7551 7552
f 7543 7552 7544
f 7544 7552 7553
f 7544 7553 7545
f 7545 7553 7554
f 7545 7554 7546
f 7546 7554 7555
f 7546 7555 7547
f 7547 7555 7556
f 7547 7556 7548
f 7548 7556 7557
f 7548 7557 7549
f 7549 7557 7558
f 7549 7558 7550
f 7550 7558 7551
f 7550 7551 7543
f 7551 7559 7560
f 7551 7560 7552
f 7552 7560 7561
f 7552 7561 7553
f 7553 7561 7562
f 7553 7562 7554
f 7554 7562 7563
f 7554 7563 7555
f 7555 7563 7564
f 7555 7564 7556
f 7556 7564 7565
f 7556 7565 7557
f 7557 7565 7566
f 7557 7566 7558
f 7558 7566 7559
f 7558 7559 7551
f 7559 7567 7568
f 7559 7568 7560
f 7560 7568 7569
f 7560 7569 7561
f 7561 7569 7570
f 7561 7570 7562
f 7562 7570 7571
f 7562 7571 7563
f 7563 7571 7572
f 7563 7572 7564
f 7564 7572 7573
f 7564 7573 7565
f 7565 7573 7574
f 7565 7574 7566
f 7566 7574 7567
f 7566 7567 7559
f 7567 7575 7576
f 7567 7576 7568
f 7568 7576 7577
f 7568 7577 7569
f 7569 7577 7578
f 7569 7578 7570
f 7570 7578 7579
f 7570 7579 7571
f 7571 7579 7580
f 7571 7580 7572
f 7572 7580 7581
f 7572 7581 7573
f 7573 7581 7582
f 7573 7582 7574
f 7574 7582 7575
f 7574 7575 7567
f 7575 7583 7584
f 7575 7584 7576
f 7576 7584 7585
f 7576 7585 7577
f 7577 7585 7586
f 7577 7586 7578
f 7578 7586 7587
f 7578 7587 7579
f 7579 7587 7588
f 7579 7588 7580
f 7580 7588 7589
f 7580 7589 7581
f 7581 7589 7590
f 7581 7590 7582
f 7582 7590 7583
f 7582 7583 7575
f 7583 7591 7592
f 7583 7592 7584
f 7584 7592 7593
f 7584 7593 7585
f 7585 7593 7594
f 7585 7594 7586
f 7586 7594 7595
f 7586 7595 7587
f 7587 7595 7596
f 7587 7596 7588
f 7588 7596 7597
f 7588 7597 7589
f 7589 7597 7598
f 7589 7598 7590
f 7590 7598 7591
f 7590 7591 7583
f 7591 7311 7312
f 7591 7312 7592
f 7592 7312 7313
f 7592 7313 7593
f 7593 7313 7314
f 7593 7314 7594
f 7594 7314 7315
f 7594 7315 7595
f 7595 7315 7316
f 7595 7316 7596
f 7596 7316 7317
f 7596 7317 7597
f 7597 7317 7318
f 7597 7318 7598
f 7598 7318 7311
f 7598 7311 7591
o 21-XV-2001
usemtl valve
f 7599 7600 7601
f 7599 7601 7602
f 7603 7605 7604
f 7603 7606 7605
f 7599 7603 7604
f 7599 7604 7600
f 7600 7604 7605
f 7600 7605 7601
f 7601 7605 7606
f 7601 7606 7602
f 7602 7606 7603
f 7602 7603 7599
f 7607 7609 7610
f 7607 7610 7608
f 7609 7611 7612
f 7609 7612 7610
f 7611 7613 7614
f 7611 7614 7612
f 7613 7615 7616
f 7613 7616 7614
f 7615 7617 7618
f 7615 7618 7616
f 7617 7619 7620
f 7617 7620 7618
f 7619 7621 7622
f 7619 7622 7620
f 7621 7623 7624
f 7621 7624 7622
f 7623 7625 7626
f 7623 7626 7624
f 7625 7627 7628
f 7625 7628 7626
f 7627 7629 7630
f 7627 7630 7628
f 7629 7631 7632
f 7629 7632 7630
f 7631 7633 7634
f 7631 7634 7632
f 7633 7635 7636
f 7633 7636 7634
f 7635 7637 7638
f 7635 7638 7636
f 7637 7639 7640
f 7637 7640 7638
f 7639 7641 7642
f 7639 7642 7640
f 7641 7643 7644
f 7641 7644 7642
f 7643 7645 7646
f 7643 7646 7644
f 7645 7607 7608
f 7645 7608 7646
f 7647 7609 7607
f 7648 7608 7610
f 7647 7611 7609
f 7648 7610 7612
f 7647 7613 7611
f 7648 7612 7614
f 7647 7615 7613
f 7648 7614 7616
f 7647 7617 7615
f 7648 7616 7618
f 7647 7619 7617
f 7648 7618 7620
f 7647 7621 7619
f 7648 7620 7622
f 7647 7623 7621
f 7648 7622 7624
f 7647 7625 7623
f 7648 7624 7626
f 7647 7627 7625
f 7648 7626 7628
f 7647 7629 7627
f 7648 7628 7630
f 7647 7631 7629
f 7648 7630 7632
f 7647 7633 7631
f 7648 7632 7634
f 7647 7635 7633
f 7648 7634 7636
f 7647 7637 7635
f 7648 7636 7638
f 7647 7639 7637
f 7648 7638 7640
f 7647 7641 7639
f 7648 7640 7642
f 7647 7643 7641
f 7648 7642 7644
f 7647 7645 7643
f 7648 7644 7646
f 7647 7607 7645
f 7648 7646 7608
f 7649 7651 7652
f 7649 7652 7650
f 7651 7653 7654
f 7651 7654 7652
f 7653 7655 7656
f 7653 7656 7654
f 7655 7657 7658
f 7655 7658 7656
f 7657 7659 7660
f 7657 7660 7658
f 7659 7661 7662
f 7659 7662 7660
f 7661 7663 7664
f 7661 7664 7662
f 7663 7665 7666
f 7663 7666 7664
f 7665 7667 7668
f 7665 7668 7666
f 7667 7669 7670
f 7667 7670 7668
f 7669 7671 7672
f 7669 7672 7670
f 7671 7673 7674
f 7671 7674 7672
f 7673 7675 7676
f 7673 7676 7674
f 7675 7677 7678
f 7675 7678 7676
f 7677 7679 7680
f 7677 7680 7678
f 7679 7681 7682
f 7679 7682 7680
f 7681 7683 7684
f 7681 7684 7682
f 7683 7685 7686
f 7683 7686 7684
f 7685 7687 7688
f 7685 7688 7686
f 7687 7649 7650
f 7687 7650 7688
f 7689 7651 7649
f 7690 7650 7652
f 7689 7653 7651
f 7690 7652 7654
f 7689 7655 7653
f 7690 7654 7656
f 7689 7657 7655
f 7690 7656 7658
f 7689 7659 7657
f 7690 7658 7660
f 7689 7661 7659
f 7690 7660 7662
f 7689 7663 7661
f 7690 7662 7664
f 7689 7665 7663
f 7690 7664 7666
f 7689 7667 7665
f 7690 7666 7668
f 7689 7669 7667
f 7690 7668 7670
f 7689 7671 7669
f 7690 7670 7672
f 7689 7673 7671
f 7690 7672 7674
f 7689 7675 7673
f 7690 7674 7676
f 7689 7677 7675
f 7690 7676 7678
f 7689 7679 7677
f 7690 7678 7680
f 7689 7681 7679
f 7690 7680 7682
f 7689 7683 7681
f 7690 7682 7684
f 7689 7685 7683
f 7690 7684 7686
f 7689 7687 7685
f 7690 7686 7688
f 7689 7649 7687
f 7690 7688 7650
f 7691 7699 7700
f 7691 7700 7692
f 7692 7700 7701
f 7692 7701 7693
f 7693 7701 7702
f 7693 7702 7694
f 7694 7702 7703
f 7694 7703 7695
f 7695 7703 7704
f 7695 7704 7696
f 7696 7704 7705
f 7696 7705 7697
f 7697 7705 7706
f 7697 7706 7698
f 7698 7706 7699
f 7698 7699 7691
f 7699 7707 7708
f 7699 7708 7700
f 7700 7708 7709
f 7700 7709 7701
f 7701 7709 7710
f 7701 7710 7702
f 7702 7710 7711
f 7702 7711 7703
f 7703 7711 7712
f 7703 7712 7704
f 7704 7712 7713
f 7704 7713 7705
f 7705 7713 7714
f 7705 7714 7706
f 7706 7714 7707
f 7706 7707 7699
f 7707 7715 7716
f 7707 7716 7708
f 7708 7716 7717
f 7708 7717 7709
f 7709 7717 7718
f 7709 7718 7710
f 7710 7718 7719
f 7710 7719 7711
f 7711 7719 7720
f 7711 7720 7712
f 7712 7720 7721
f 7712 7721 7713
f 7713 7721 7722
f 7713 7722 7714
f 7714 7722 7715
f 7714 7715 7707
f 7715 7723 7724
f 7715 7724 7716
f 7716 7724 7725
f 7716 7725 7717
f 7717 7725 7726
f 7717 7726 7718
f 7718 7726 7727
f 7718 7727 7719
f 7719 7727 7728
f 7719 7728 7720
f 7720 7728 7729
f 7720 7729 7721
f 7721 7729 7730
f 7721 7730 7722
f 7722 7730 7723
f 7722 7723 7715
f 7723 7731 7732
f 7723 7732 7724
f 7724 7732 7733
f 7724 7733 7725
f 7725 7733 7734
f 7725 7734 7726
f 7726 7734 7735
f 7726 7735 7727
f 7727 7735 7736
f 7727 7736 7728
f 7728 7736 7737
f 7728 7737 7729
f 7729 7737 7738
f 7729 7738 7730
f 7730 7738 7731
f 7730 7731 7723
f 7731 7739 7740
f 7731 7740 7732
f 7732 7740 7741
f 7732 7741 7733
f 7733 7741 7742
f 7733 7742 7734
f 7734 7742 7743
f 7734 7743 7735
f 7735 7743 7744
f 7735 7744 7736
f 7736 7744 7745
f 7736 7745 7737
f 7737 7745 7746
f 7737 7746 7738
f 7738 7746 7739
f 7738 7739 7731
f 7739 7747 7748
f 7739 7748 7740
f 7740 7748 7749
f 7740 7749 7741
f 7741 7749 7750
f 7741 7750 7742
f 7742 7750 7751
f 7742 7751 7743
f 7743 7751 7752
f 7743 7752 7744
f 7744 7752 7753
f 7744 7753 7745
f 7745 7753 7754
f 7745 7754 7746
f 7746 7754 7747
f 7746 7747 7739
f 7747 7755 7756
f 7747 7756 7748
f 7748 7756 7757
f 7748 7757 7749
f 7749 7757 7758
f 7749 7758 7750
f 7750 7758 7759
f 7750 7759 7751
f 7751 7759 7760
f 7751 7760 7752
f 7752 7760 7761
f 7752 7761 7753
f 7753 7761 7762
f 7753 7762 7754
f 7754 7762 7755
f 7754 7755 7747
f 7755 7763 7764
f 7755 7764 7756
f 7756 7764 7765
f 7756 7765 7757
f 7757 7765 7766
f 7757 7766 7758
f 7758 7766 7767
f 7758 7767 7759
f 7759 7767 7768
f 7759 7768 7760
f 7760 7768 7769
f 7760 7769 7761
f 7761 7769 7770
f 7761 7770 7762
f 7762 7770 7763
f 7762 7763 7755
f 7763 7771 7772
f 7763 7772 7764
f 7764 7772 7773
f 7764 7773 7765
f 7765 7773 7774
f 7765 7774 7766
f 7766 7774 7775
f 7766 7775 7767
f 7767 7775 7776
f 7767 7776 7768
f 7768 7776 7777
f 7768 7777 7769
f 7769 7777 7778
f 7769 7778 7770
f 7770 7778 7771
f 7770 7771 7763
f 7771 7779 7780
f 7771 7780 7772
f 7772 7780 7781
f 7772 7781 7773
f 7773 7781 7782
f 7773 7782 7774
f 7774 7782 7783
f 7774 7783 7775
f 7775 7783 7784
f 7775 7784 7776
f 7776 7784 7785
f 7776 7785 7777
f 7777 7785 7786
f 7777 7786 7778
f 7778 7786 7779
f 7778 7779 7771
f 7779 7787 7788
f 7779 7788 7780
f 7780 7788 7789
f 7780 7789 7781
f 7781 7789 7790
f 7781 7790 7782
f 7782 7790 7791
f 7782 7791 7783
f 7783 7791 7792
f 7783 7792 7784
f 7784 7792 7793
f 7784 7793 7785
f 7785 7793 7794
f 7785 7794 7786
f 7786 7794 7787
f 7786 7787 7779
f 7787 7795 7796
f 7787 7796 7788
f 7788 7796 7797
f 7788 7797 7789
f 7789 7797 7798
f 7789 7798 7790
f 7790 7798 7799
f 7790 7799 7791
f 7791 7799 7800
f 7791 7800 7792
f 7792 7800 7801
f 7792 7801 7793
f 7793 7801 7802
f 7793 7802 7794
f 7794 7802 7795
f 7794 7795 7787
f 7795 7803 7804
f 7795 7804 7796
f 7796 7804 7805
f 7796 7805 7797
f 7797 7805 7806
f 7797 7806 7798
f 7798 7806 7807
f 7798 7807 7799
f 7799 7807 7808
f 7799 7808 7800
f 7800 7808 7809
f 7800 7809 7801
f 7801 7809 7810
f 7801 7810 7802
f 7802 7810 7803
f 7802 7803 7795
f 7803 7811 7812
f 7803 7812 7804
f 7804 7812 7813
f 7804 7813 7805
f 7805 7813 7814
f 7805 7814 7806
f 7806 7814 7815
f 7806 7815 7807
f 7807 7815 7816
f 7807 7816 7808
f 7808 7816 7817
f 7808 7817 7809
f 7809 7817 7818
f 7809 7818 7810
f 7810 7818 7811
f 7810 7811 7803
f 7811 7819 7820
f 7811 7820 7812
f 7812 7820 7821
f 7812 7821 7813
f 7813 7821 7822
f 7813 7822 7814
f 7814 7822 7823
f 7814 7823 7815
f 7815 7823 7824
f 7815 7824 7816
f 7816 7824 7825
f 7816 7825 7817
f 7817 7825 7826
f 7817 7826 7818
f 7818 7826 7819
f 7818 7819 7811
f 7819 7827 7828
f 7819 7828 7820
f 7820 7828 7829
f 7820 7829 7821
f 7821 7829 7830
f 7821 7830 7822
f 7822 7830 7831
f 7822 7831 7823
f 7823 7831 7832
f 7823 7832 7824
f 7824 7832 7833
f 7824 7833 7825
f 7825 7833 7834
f 7825 7834 7826
f 7826 7834 7827
f 7826 7827 7819
f 7827 7835 7836
f 7827 7836 7828
f 7828 7836 7837
f 7828 7837 7829
f 7829 7837 7838
f 7829 7838 7830
f 7830 7838 7839
f 7830 7839 7831
f 7831 7839 7840
f 7831 7840 7832
f 7832 7840 7841
f 7832 7841 7833
f 7833 7841 7842
f 7833 7842 7834
f 7834 7842 7835
f 7834 7835 7827
f 7835 7843 7844
f 7835 7844 7836
f 7836 7844 7845
f 7836 7845 7837
f 7837 7845 7846
f 7837 7846 7838
f 7838 7846 7847
f 7838 7847 7839
f 7839 7847 7848
f 7839 7848 7840
f 7840 7848 7849
f 7840 7849 7841
f 7841 7849 7850
f 7841 7850 7842
f 7842 7850 7843
f 7842 7843 7835
f 7843 7691 7692
f 7843 7692 7844
f 7844 7692 7693
f 7844 7693 7845
f 7845 7693 7694
f 7845 7694 7846
f 7846 7694 7695
f 7846 7695 7847
f 7847 7695 7696
f 7847 7696 7848
f 7848 7696 7697
f 7848 7697 7849
f 7849 7697 7698
f 7849 7698 7850
f 7850 7698 7691
f 7850 7691 7843
f 7851 7859 7860
f 7851 7860 7852
f 7852 7860 7861
f 7852 7861 7853
f 7853 7861 7862
f 7853 7862 7854
f 7854 7862 7863
f 7854 7863 7855
f 7855 7863 7864
f 7855 7864 7856
f 7856 7864 7865
f 7856 7865 7857
f 7857 7865 7866
f 7857 7866 7858
f 7858 7866 7859
f 7858 7859 7851
f 7859 7867 7868
f 7859 7868 7860
f 7860 7868 7869
f 7860 7869 7861
f 7861 7869 7870
f 7861 7870 7862
f 7862 7870 7871
f 7862 7871 7863
f 7863 7871 7872
f 7863 7872 7864
f 7864 7872 7873
f 7864 7873 7865
f 7865 7873 7874
f 7865 7874 7866
f 7866 7874 7867
f 7866 7867 7859
f 7867 7875 7876
f 7867 7876 7868
f 7868 7876 7877
f 7868 7877 7869
f 7869 7877 7878
f 7869 7878 7870
f 7870 7878 7879
f 7870 7879 7871
f 7871 7879 7880
f 7871 7880 7872
f 7872 7880 7881
f 7872 7881 7873
f 7873 7881 7882
f 7873 7882 7874
f 7874 7882 7875
f 7874 7875 7867
f 7875 7883 7884
f 7875 7884 7876
f 7876 7884 7885
f 7876 7885 7877
f 7877 7885 7886
f 7877 7886 7878
f 7878 7886 7887
f 7878 7887 7879
f 7879 7887 7888
f 7879 7888 7880
f 7880 7888 7889
f 7880 7889 7881
f 7881 7889 7890
f 7881 7890 7882
f 7882 7890 7883
f 7882 7883 7875
f 7883 7891 7892
f 7883 7892 7884
f 7884 7892 7893
f 7884 7893 7885
f 7885 7893 7894
f 7885 7894 7886
f 7886 7894 7895
f 7886 7895 7887
f 7887 7895 7896
f 7887 7896 7888
f 7888 7896 7897
f 7888 7897 7889
f 7889 7897 7898
f 7889 7898 7890
f 7890 7898 7891
f 7890 7891 7883
f 7891 7899 7900
f 7891 7900 7892
f 7892 7900 7901
f 7892 7901 7893
f 7893 7901 7902
f 7893 7902 7894
f 7894 7902 7903
f 7894 7903 7895
f 7895 7903 7904
f 7895 7904 7896
f 7896 7904 7905
f 7896 7905 7897
f 7897 7905 7906
f 7897 7906 7898
f 7898 7906 7899
f 7898 7899 7891
f 7899 7907 7908
f 7899 7908 7900
f 7900 7908 7909
f 7900 7909 7901
f 7901 7909 7910
f 7901 7910 7902
f 7902 7910 7911
f 7902 7911 7903
f 7903 7911 7912
f 7903 7912 7904
f 7904 7912 7913
f 7904 7913 7905
f 7905 7913 7914
f 7905 7914 7906
f 7906 7914 7907
f 7906 7907 7899
f 7907 7915 7916
f 7907 7916 7908
f 7908 7916 7917
f 7908 7917 7909
f 7909 7917 7918
f 7909 7918 7910
f 7910 7918 7919
f 7910 7919 7911
f 7911 7919 7920
f 7911 7920 7912
f 7912 7920 7921
f 7912 7921 7913
f 7913 7921 7922
f 7913 7922 7914
f 7914 7922 7915
f 7914 7915 7907
f 7915 7923 7924
f 7915 7924 7916
f 7916 7924 7925
f 7916 7925 7917
f 7917 7925 7926
f 7917 7926 7918
f 7918 7926 7927
f 7918 7927 7919
f 7919 7927 7928
f 7919 7928 7920
f 7920 7928 7929
f 7920 7929 7921
f 7921 7929 7930
f 7921 7930 7922
f 7922 7930 7923
f 7922 7923 7915
f 7923 7931 7932
f 7923 7932 7924
f 7924 7932 7933
f 7924 7933 7925
f 7925 7933 7934
f 7925 7934 7926
f 7926 7934 7935
f 7926 7935 7927
f 7927 7935 7936
f 7927 7936 7928
f 7928 7936 7937
f 7928 7937 7929
f 7929 7937 7938
f 7929 7938 7930
f 7930 7938 7931
f 7930 7931 7923
f 7931 7939 7940
f 7931 7940 7932
f 7932 7940 7941
f 7932 7941 7933
f 7933 7941 7942
f 7933 7942 7934
f 7934 7942 7943
f 7934 7943 7935
f 7935 7943 7944
f 7935 7944 7936
f 7936 7944 7945
f 7936 7945 7937
f 7937 7945 7946
f 7937 7946 7938
f 7938 7946 7939
f 7938 7939 7931
f 7939 7947 7948
f 7939 7948 7940
f 7940 7948 7949
f 7940 7949 7941
f 7941 7949 7950
f 7941 7950 7942
f 7942 7950 7951
f 7942 7951 7943
f 7943 7951 7952
f 7943 7952 7944
f 7944 7952 7953
f 7944 7953 7945
f 7945 7953 7954
f 7945 7954 7946
f 7946 7954 7947
f 7946 7947 7939
f 7947 7955 7956
f 7947 7956 7948
f 7948 7956 7957
f 7948 7957 7949
f 7949 7957 7958
f 7949 7958 7950
f 7950 7958 7959
f 7950 7959 7951
f 7951 7959 7960
f 7951 7960 7952
f 7952 7960 7961
f 7952 7961 7953
f 7953 7961 7962
f 7953 7962 7954
f 7954 7962 7955
f 7954 7955 7947
f 7955 7963 7964
f 7955 7964 7956
f 7956 7964 7965
f 7956 7965 7957
f 7957 7965 7966
f 7957 7966 7958
f 7958 7966 7967
f 7958 7967 7959
f 7959 7967 7968
f 7959 7968 7960
f 7960 7968 7969
f 7960 7969 7961
f 7961 7969 7970
f 7961 7970 7962
f 7962 7970 7963
f 7962 7963 7955
f 7963 7971 7972
f 7963 7972 7964
f 7964 7972 7973
f 7964 7973 7965
f 7965 7973 7974
f 7965 7974 7966
f 7966 7974 7975
f 7966 7975 7967
f 7967 7975 7976
f 7967 7976 7968
f 7968 7976 7977
f 7968 7977 7969
f 7969 7977 7978
f 7969 7978 7970
f 7970 7978 7971
f 7970 7971 7963
f 7971 7979 7980
f 7971 7980 7972
f 7972 7980 7981
f 7972 7981 7973
f 7973 7981 7982
f 7973 7982 7974
f 7974 7982 7983
f 7974 7983 7975
f 7975 7983 7984
f 7975 7984 7976
f 7976 7984 7985
f 7976 7985 7977
f 7977 7985 7986
f 7977 7986 7978
f 7978 7986 7979
f 7978 7979 7971
f 7979 7987 7988
f 7979 7988 7980
f 7980 7988 7989
f 7980 7989 7981
f 7981 7989 7990
f 7981 7990 7982
f 7982 7990 7991
f 7982 7991 7983
f 7983 7991 7992
f 7983 7992 7984
f 7984 7992 7993
f 7984 7993 7985
f 7985 7993 7994
f 7985 7994 7986
f 7986 7994 7987
f 7986 7987 7979
f 7987 7995 7996
f 7987 7996 7988
f 7988 7996 7997
f 7988 7997 7989
f 7989 7997 7998
f 7989 7998 7990
f 7990 7998 7999
f 7990 7999 7991
f 7991 7999 8000
f 7991 8000 7992
f 7992 8000 8001
f 7992 8001 7993
f 7993 8001 8002
f 7993 8002 7994
f 7994 8002 7995
f 7994 7995 7987
f 7995 8003 8004
f 7995 8004 7996
f 7996 8004 8005
f 7996 8005 7997
f 7997 8005 8006
f 7997 8006 7998
f 7998 8006 8007
f 7998 8007 7999
f 7999 8007 8008
f 7999 8008 8000
f 8000 8008 8009
f 8000 8009 8001
f 8001 8009 8010
f 8001 8010 8002
f 8002 8010 8003
f 8002 8003 7995
f 8003 7851 7852
f 8003 7852 8004
f 8004 7852 7853
f 8004 7853 8005
f 8005 7853 7854
f 8005 7854 8006
f 8006 7854 7855
f 8006 7855 8007
f 8007 7855 7856
f 8007 7856 8008
f 8008 7856 7857
f 8008 7857 8009
f 8009 7857 7858
f 8009 7858 8010
f 8010 7858 7851
f 8010 7851 8003
f 8011 8013 8014
f 8011 8014 8012
f 8013 8015 8016
f 8013 8016 8014
f 8015 8017 8018
f 8015 8018 8016
f 8017 8019 8020
f 8017 8020 8018
f 8019 8021 8022
f 8019 8022 8020
f 8021 8023 8024
f 8021 8024 8022
f 8023 8025 8026
f 8023 8026 8024
f 8025 8027 8028
f 8025 8028 8026
f 8027 8029 8030
f 8027 8030 8028
f 8029 8031 8032
f 8029 8032 8030
f 8031 8033 8034
f 8031 8034 8032
f 8033 8035 8036
f 8033 8036 8034
f 8035 8037 8038
f 8035 8038 8036
f 8037 8039 8040
f 8037 8040 8038
f 8039 8041 8042
f 8039 8042 8040
f 8041 8011 8012
f 8041 8012 8042
f 8043 8013 8011
f 8044 8012 8014
f 8043 8015 8013
f 8044 8014 8016
f 8043 8017 8015
f 8044 8016 8018
f 8043 8019 8017
f 8044 8018 8020
f 8043 8021 8019
f 8044 8020 8022
f 8043 8023 8021
f 8044 8022 8024
f 8043 8025 8023
f 8044 8024 8026
f 8043 8027 8025
f 8044 8026 8028
f 8043 8029 8027
f 8044 8028 8030
f 8043 8031 8029
f 8044 8030 8032
f 8043 8033 8031
f 8044 8032 8034
f 8043 8035 8033
f 8044 8034 8036
f 8043 8037 8035
f 8044 8036 8038
f 8043 8039 8037
f 8044 8038 8040
f 8043 8041 8039
f 8044 8040 8042
f 8043 8011 8041
f 8044 8042 8012
f 8045 8047 8048
f 8045 8048 8046
f 8047 8049 8050
f 8047 8050 8048
f 8049 8051 8052
f 8049 8052 8050
f 8051 8053 8054
f 8051 8054 8052
f 8053 8055 8056
f 8053 8056 8054
f 8055 8057 8058
f 8055 8058 8056
f 8057 8059 8060
f 8057 8060 8058
f 8059 8045 8046
f 8059 8046 8060
f 8061 8047 8045
f 8062 8046 8048
f 8061 8049 8047
f 8062 8048 8050
f 8061 8051 8049
f 8062 8050 8052
f 8061 8053 8051
f 8062 8052 8054
f 8061 8055 8053
f 8062 8054 8056
f 8061 8057 8055
f 8062 8056 8058
f 8061 8059 8057
f 8062 8058 8060
f 8061 8045 8059
f 8062 8060 8046
f 8063 8071 8072
f 8063 8072 8064
f 8064 8072 8073
f 8064 8073 8065
f 8065 8073 8074
f 8065 8074 8066
f 8066 8074 8075
f 8066 8075 8067
f 8067 8075 8076
f 8067 8076 8068
f 8068 8076 8077
f 8068 8077 8069
f 8069 8077 8078
f 8069 8078 8070
f 8070 8078 8071
f 8070 8071 8063
f 8071 8079 8080
f 8071 8080 8072
f 8072 8080 8081
f 8072 8081 8073
f 8073 8081 8082
f 8073 8082 8074
f 8074 8082 8083
f 8074 8083 8075
f 8075 8083 8084
f 8075 8084 8076
f 8076 8084 8085
f 8076 8085 8077
f 8077 8085 8086
f 8077 8086 8078
f 8078 8086 8079
f 8078 8079 8071
f 8079 8087 8088
f 8079 8088 8080
f 8080 8088 8089
f 8080 8089 8081
f 8081 8089 8090
f 8081 8090 8082
f 8082 8090 8091
f 8082 8091 8083
f 8083 8091 8092
f 8083 8092 8084
f 8084 8092 8093
f 8084 8093 8085
f 8085 8093 8094
f 8085 8094 8086
f 8086 8094 8087
f 8086 8087 8079
f 8087 8095 8096
f 8087 8096 8088
f 8088 8096 8097
f 8088 8097 8089
f 8089 8097 8098
f 8089 8098 8090
f 8090 8098 8099
f 8090 8099 8091
f 8091 8099 8100
f 8091 8100 8092
f 8092 8100 8101
f 8092 8101 8093
f 8093 8101 8102
f 8093 8102 8094
f 8094 8102 8095
f 8094 8095 8087
f 8095 8103 8104
f 8095 8104 8096
f 8096 8104 8105
f 8096 8105 8097
f 8097 8105 8106
f 8097 8106 8098
f 8098 8106 8107
f 8098 8107 8099
f 8099 8107 8108
f 8099 8108 8100
f 8100 8108 8109
f 8100 8109 8101
f 8101 8109 8110
f 8101 8110 8102
f 8102 8110 8103
f 8102 8103 8095
f 8103 8111 8112
f 8103 8112 8104
f 8104 8112 8113
f 8104 8113 8105
f 8105 8113 8114
f 8105 8114 8106
f 8106 8114 8115
f 8106 8115 8107
f 8107 8115 8116
f 8107 8116 8108
f 8108 8116 8117
f 8108 8117 8109
f 8109 8117 8118
f 8109 8118 8110
f 8110 8118 8111
f 8110 8111 8103
f 8111 8119 8120
f 8111 8120 8112
f 8112 8120 8121
f 8112 8121 8113
f 8113 8121 8122
f 8113 8122 8114
f 8114 8122 8123
f 8114 8123 8115
f 8115 8123 8124
f 8115 8124 8116
f 8116 8124 8125
f 8116 8125 8117
f 8117 8125 8126
f 8117 8126 8118
f 8118 8126 8119
f 8118 8119 8111
f 8119 8127 8128
f 8119 8128 8120
f 8120 8128 8129
f 8120 8129 8121
f 8121 8129 8130
f 8121 8130 8122
f 8122 8130 8131
f 8122 8131 8123
f 8123 8131 8132
f 8123 8132 8124
f 8124 8132 8133
f 8124 8133 8125
f 8125 8133 8134
f 8125 8134 8126
f 8126 8134 8127
f 8126 8127 8119
f 8127 8135 8136
f 8127 8136 8128
f 8128 8136 8137
f 8128 8137 8129
f 8129 8137 8138
f 8129 8138 8130
f 8130 8138 8139
f 8130 8139 8131
f 8131 8139 8140
f 8131 8140 8132
f 8132 8140 8141
f 8132 8141 8133
f 8133 8141 8142
f 8133 8142 8134
f 8134 8142 8135
f 8134 8135 8127
f 8135 8143 8144
f 8135 8144 8136
f 8136 8144 8145
f 8136 8145 8137
f 8137 8145 8146
f 8137 8146 8138
f 8138 8146 8147
f 8138 8147 8139
f 8139 8147 8148
f 8139 8148 8140
f 8140 8148 8149
f 8140 8149 8141
f 8141 8149 8150
f 8141 8150 8142
f 8142 8150 8143
f 8142 8143 8135
f 8143 8151 8152
f 8143 8152 8144
f 8144 8152 8153
f 8144 8153 8145
f 8145 8153 8154
f 8145 8154 8146
f 8146 8154 8155
f 8146 8155 8147
f 8147 8155 8156
f 8147 8156 8148
f 8148 8156 8157
f 8148 8157 8149
f 8149 8157 8158
f 8149 8158 8150
f 8150 8158 8151
f 8150 8151 8143
f 8151 8159 8160
f 8151 8160 8152
f 8152 8160 8161
f 8152 8161 8153
f 8153 8161 8162
f 8153 8162 8154
f 8154 8162 8163
f 8154 8163 8155
f 8155 8163 8164
f 8155 8164 8156
f 8156 8164 8165
f 8156 8165 8157
f 8157 8165 8166
f 8157 8166 8158
f 8158 8166 8159
f 8158 8159 8151
f 8159 8167 8168
f 8159 8168 8160
f 8160 8168 8169
f 8160 8169 8161
f 8161 8169 8170
f 8161 8170 8162
f 8162 8170 8171
f 8162 8171 8163
f 8163 8171 8172
f 8163 8172 8164
f 8164 8172 8173
f 8164 8173 8165
f 8165 8173 8174
f 8165 8174 8166
f 8166 8174 8167
f 8166 8167 8159
f 8167 8175 8176
f 8167 8176 8168
f 8168 8176 8177
f 8168 8177 8169
f 8169 8177 8178
f 8169 8178 8170
f 8170 8178 8179
f 8170 8179 8171
f 8171 8179 8180
f 8171 8180 8172
f 8172 8180 8181
f 8172 8181 8173
f 8173 8181 8182
f 8173 8182 8174
f 8174 8182 8175
f 8174 8175 8167
f 8175 8183 8184
f 8175 8184 8176
f 8176 8184 8185
f 8176 8185 8177
f 8177 8185 8186
f 8177 8186 8178
f 8178 8186 8187
f 8178 8187 8179
f 8179 8187 8188
f 8179 8188 8180
f 8180 8188 8189
f 8180 8189 8181
f 8181 8189 8190
f 8181 8190 8182
f 8182 8190 8183
f 8182 8183 8175
f 8183 8191 8192
f 8183 8192 8184
f 8184 8192 8193
f 8184 8193 8185
f 8185 8193 8194
f 8185 8194 8186
f 8186 8194 8195
f 8186 8195 8187
f 8187 8195 8196
f 8187 8196 8188
f 8188 8196 8197
f 8188 8197 8189
f 8189 8197 8198
f 8189 8198 8190
f 8190 8198 8191
f 8190 8191 8183
f 8191 8199 8200
f 8191 8200 8192
f 8192 8200 8201
f 8192 8201 8193
f 8193 8201 8202
f 8193 8202 8194
f 8194 8202 8203
f 8194 8203 8195
f 8195 8203 8204
f 8195 8204 8196
f 8196 8204 8205
f 8196 8205 8197
f 8197 8205 8206
f 8197 8206 8198
f 8198 8206 8199
f 8198 8199 8191
f 8199 8207 8208
f 8199 8208 8200
f 8200 8208 8209
f 8200 8209 8201
f 8201 8209 8210
f 8201 8210 8202
f 8202 8210 8211
f 8202 8211 8203
f 8203 8211 8212
f 8203 8212 8204
f 8204 8212 8213
f 8204 8213 8205
f 8205 8213 8214
f 8205 8214 8206
f 8206 8214 8207
f 8206 8207 8199
f 8207 8215 8216
f 8207 8216 8208
f 8208 8216 8217
f 8208 8217 8209
f 8209 8217 8218
f 8209 8218 8210
f 8210 8218 8219
f 8210 8219 8211
f 8211 8219 8220
f 8211 8220 8212
f 8212 8220 8221
f 8212 8221 8213
f 8213 8221 8222
f 8213 8222 8214
f 8214 8222 8215
f 8214 8215 8207
f 8215 8223 8224
f 8215 8224 8216
f 8216 8224 8225
f 8216 8225 8217
f 8217 8225 8226
f 8217 8226 8218
f 8218 8226 8227
f 8218 8227 8219
f 8219 8227 8228
f 8219 8228 8220
f 8220 8228 8229
f 8220 8229 8221
f 8221 8229 8230
f 8221 8230 8222
f 8222 8230 8223
f 8222 8223 8215
f 8223 8231 8232
f 8223 8232 8224
f 8224 8232 8233
f 8224 8233 8225
f 8225 8233 8234
f 8225 8234 8226
f 8226 8234 8235
f 8226 8235 8227
f 8227 8235 8236
f 8227 8236 8228
f 8228 8236 8237
f 8228 8237 8229
f 8229 8237 8238
f 8229 8238 8230
f 8230 8238 8231
f 8230 8231 8223
f 8231 8239 8240
f 8231 8240 8232
f 8232 8240 8241
f 8232 8241 8233
f 8233 8241 8242
f 8233 8242 8234
f 8234 8242 8243
f 8234 8243 8235
f 8235 8243 8244
f 8235 8244 8236
f 8236 8244 8245
f 8236 8245 8237
f 8237 8245 8246
f 8237 8246 8238
f 8238 8246 8239
f 8238 8239 8231
f 8239 8247 8248
f 8239 8248 8240
f 8240 8248 8249
f 8240 8249 8241
f 8241 8249 8250
f 8241 8250 8242
f 8242 8250 8251
f 8242 8251 8243
f 8243 8251 8252
f 8243 8252 8244
f 8244 8252 8253
f 8244 8253 8245
f 8245 8253 8254
f 8245 8254 8246
f 8246 8254 8247
f 8246 8247 8239
f 8247 8063 8064
f 8247 8064 8248
f 8248 8064 8065
f 8248 8065 8249
f 8249 8065 8066
f 8249 8066 8250
f 8250 8066 8067
f 8250 8067 8251
f 8251 8067 8068
f 8251 8068 8252
f 8252 8068 8069
f 8252 8069 8253
f 8253 8069 8070
f 8253 8070 8254
f 8254 8070 8063
f 8254 8063 8247
f 8255 8256 8257
f 8255 8257 8258
f 8259 8261 8260
f 8259 8262 8261
f 8255 8259 8260
f 8255 8260 8256
f 8256 8260 8261
f 8256 8261 8257
f 8257 8261 8262
f 8257 8262 8258
f 8258 8262 8259
f 8258 8259 8255
f 8263 8264 8265
f 8263 8265 8266
f 8267 8269 8268
f 8267 8270 8269
f 8263 8267 8268
f 8263 8268 8264
f 8264 8268 8269
f 8264 8269 8265
f 8265 8269 8270
f 8265 8270 8266
f 8266 8270 8267
f 8266 8267 8263
f 8271 8272 8273
f 8271 8273 8274
f 8275 8277 8276
f 8275 8278 8277
f 8271 8275 8276
f 8271 8276 8272
f 8272 8276 8277
f 8272 8277 8273
f 8273 8277 8278
f 8273 8278 8274
f 8274 8278 8275
f 8274 8275 8271
f 8279 8280 8281
f 8279 8281 8282
f 8283 8285 8284
f 8283 8286 8285
f 8279 8283 8284
f 8279 8284 8280
f 8280 8284 8285
f 8280 8285 8281
f 8281 8285 8286
f 8281 8286 8282
f 8282 8286 8283
f 8282 8283 8279
f 8287 8288 8289
f 8287 8289 8290
f 8291 8293 8292
f 8291 8294 8293
f 8287 8291 8292
f 8287 8292 8288
f 8288 8292 8293
f 8288 8293 8289
f 8289 8293 8294
f 8289 8294 8290
f 8290 8294 8291
f 8290 8291 8287
f 8295 8296 8297
f 8295 8297 8298
f 8299 8301 8300
f 8299 8302 8301
f 8295 8299 8300
f 8295 8300 8296
f 8296 8300 8301
f 8296 8301 8297
f 8297 8301 8302
f 8297 8302 8298
f 8298 8302 8299
f 8298 8299 8295
o PIPING
usemtl pipe
f 8303 8305 8306
f 8303 8306 8304
f 8305 8307 8308
f 8305 8308 8306
f 8307 8309 8310
f 8307 8310 8308
f 8309 8311 8312
f 8309 8312 8310
f 8311 8313 8314
f 8311 8314 8312
f 8313 8315 8316
f 8313 8316 8314
f 8315 8317 8318
f 8315 8318 8316
f 8317 8319 8320
f 8317 8320 8318
f 8319 8321 8322
f 8319 8322 8320
f 8321 8323 8324
f 8321 8324 8322
f 8323 8325 8326
f 8323 8326 8324
f 8325 8327 8328
f 8325 8328 8326
f 8327 8329 8330
f 8327 8330 8328
f 8329 8331 8332
f 8329 8332 8330
f 8331 8333 8334
f 8331 8334 8332
f 8333 8335 8336
f 8333 8336 8334
f 8335 8337 8338
f 8335 8338 8336
f 8337 8339 8340
f 8337 8340 8338
f 8339 8341 8342
f 8339 8342 8340
f 8341 8303 8304
f 8341 8304 8342
f 8343 8305 8303
f 8344 8304 8306
f 8343 8307 8305
f 8344 8306 8308
f 8343 8309 8307
f 8344 8308 8310
f 8343 8311 8309
f 8344 8310 8312
f 8343 8313 8311
f 8344 8312 8314
f 8343 8315 8313
f 8344 8314 8316
f 8343 8317 8315
f 8344 8316 8318
f 8343 8319 8317
f 8344 8318 8320
f 8343 8321 8319
f 8344 8320 8322
f 8343 8323 8321
f 8344 8322 8324
f 8343 8325 8323
f 8344 8324 8326
f 8343 8327 8325
f 8344 8326 8328
f 8343 8329 8327
f 8344 8328 8330
f 8343 8331 8329
f 8344 8330 8332
f 8343 8333 8331
f 8344 8332 8334
f 8343 8335 8333
f 8344 8334 8336
f 8343 8337 8335
f 8344 8336 8338
f 8343 8339 8337
f 8344 8338 8340
f 8343 8341 8339
f 8344 8340 8342
f 8343 8303 8341
f 8344 8342 8304
f 8345 8347 8348
f 8345 8348 8346
f 8347 8349 8350
f 8347 8350 8348
f 8349 8351 8352
f 8349 8352 8350
f 8351 8353 8354
f 8351 8354 8352
f 8353 8355 8356
f 8353 8356 8354
f 8355 8357 8358
f 8355 8358 8356
f 8357 8359 8360
f 8357 8360 8358
f 8359 8361 8362
f 8359 8362 8360
f 8361 8363 8364
f 8361 8364 8362
f 8363 8365 8366
f 8363 8366 8364
f 8365 8367 8368
f 8365 8368 8366
f 8367 8369 8370
f 8367 8370 8368
f 8369 8371 8372
f 8369 8372 8370
f 8371 8373 8374
f 8371 8374 8372
f 8373 8375 8376
f 8373 8376 8374
f 8375 8377 8378
f 8375 8378 8376
f 8377 8379 8380
f 8377 8380 8378
f 8379 8345 8346
f 8379 8346 8380
f 8381 8347 8345
f 8382 8346 8348
f 8381 8349 8347
f 8382 8348 8350
f 8381 8351 8349
f 8382 8350 8352
f 8381 8353 8351
f 8382 8352 8354
f 8381 8355 8353
f 8382 8354 8356
f 8381 8357 8355
f 8382 8356 8358
f 8381 8359 8357
f 8382 8358 8360
f 8381 8361 8359
f 8382 8360 8362
f 8381 8363 8361
f 8382 8362 8364
f 8381 8365 8363
f 8382 8364 8366
f 8381 8367 8365
f 8382 8366 8368
f 8381 8369 8367
f 8382 8368 8370
f 8381 8371 8369
f 8382 8370 8372
f 8381 8373 8371
f 8382 8372 8374
f 8381 8375 8373
f 8382 8374 8376
f 8381 8377 8375
f 8382 8376 8378
f 8381 8379 8377
f 8382 8378 8380
f 8381 8345 8379
f 8382 8380 8346
f 8383 8385 8386
f 8383 8386 8384
f 8385 8387 8388
f 8385 8388 8386
f 8387 8389 8390
f 8387 8390 8388
f 8389 8391 8392
f 8389 8392 8390
f 8391 8393 8394
f 8391 8394 8392
f 8393 8395 8396
f 8393 8396 8394
f 8395 8397 8398
f 8395 8398 8396
f 8397 8399 8400
f 8397 8400 8398
f 8399 8401 8402
f 8399 8402 8400
f 8401 8403 8404
f 8401 8404 8402
f 8403 8405 8406
f 8403 8406 8404
f 8405 8407 8408
f 8405 8408 8406
f 8407 8409 8410
f 8407 8410 8408
f 8409 8411 8412
f 8409 8412 8410
f 8411 8413 8414
f 8411 8414 8412
f 8413 8415 8416
f 8413 8416 8414
f 8415 8417 8418
f 8415 8418 8416
f 8417 8383 8384
f 8417 8384 8418
f 8419 8385 8383
f 8420 8384 8386
f 8419 8387 8385
f 8420 8386 8388
f 8419 8389 8387
f 8420 8388 8390
f 8419 8391 8389
f 8420 8390 8392
f 8419 8393 8391
f 8420 8392 8394
f 8419 8395 8393
f 8420 8394 8396
f 8419 8397 8395
f 8420 8396 8398
f 8419 8399 8397
f 8420 8398 8400
f 8419 8401 8399
f 8420 8400 8402
f 8419 8403 8401
f 8420 8402 8404
f 8419 8405 8403
f 8420 8404 8406
f 8419 8407 8405
f 8420 8406 8408
f 8419 8409 8407
f 8420 8408 8410
f 8419 8411 8409
f 8420 8410 8412
f 8419 8413 8411
f 8420 8412 8414
f 8419 8415 8413
f 8420 8414 8416
f 8419 8417 8415
f 8420 8416 8418
f 8419 8383 8417
f 8420 8418 8384
f 8421 8423 8424
f 8421 8424 8422
f 8423 8425 8426
f 8423 8426 8424
f 8425 8427 8428
f 8425 8428 8426
f 8427 8429 8430
f 8427 8430 8428
f 8429 8431 8432
f 8429 8432 8430
f 8431 8433 8434
f 8431 8434 8432
f 8433 8435 8436
f 8433 8436 8434
f 8435 8437 8438
f 8435 8438 8436
f 8437 8439 8440
f 8437 8440 8438
f 8439 8441 8442
f 8439 8442 8440
f 8441 8443 8444
f 8441 8444 8442
f 8443 8445 8446
f 8443 8446 8444
f 8445 8447 8448
f 8445 8448 8446
f 8447 8449 8450
f 8447 8450 8448
f 8449 8451 8452
f 8449 8452 8450
f 8451 8453 8454
f 8451 8454 8452
f 8453 8455 8456
f 8453 8456 8454
f 8455 8421 8422
f 8455 8422 8456
f 8457 8423 8421
f 8458 8422 8424
f 8457 8425 8423
f 8458 8424 8426
f 8457 8427 8425
f 8458 8426 8428
f 8457 8429 8427
f 8458 8428 8430
f 8457 8431 8429
f 8458 8430 8432
f 8457 8433 8431
f 8458 8432 8434
f 8457 8435 8433
f 8458 8434 8436
f 8457 8437 8435
f 8458 8436 8438
f 8457 8439 8437
f 8458 8438 8440
f 8457 8441 8439
f 8458 8440 8442
f 8457 8443 8441
f 8458 8442 8444
f 8457 8445 8443
f 8458 8444 8446
f 8457 8447 8445
f 8458 8446 8448
f 8457 8449 8447
f 8458 8448 8450
f 8457 8451 8449
f 8458 8450 8452
f 8457 8453 8451
f 8458 8452 8454
f 8457 8455 8453
f 8458 8454 8456
f 8457 8421 8455
f 8458 8456 8422
f 8459 8461 8462
f 8459 8462 8460
f 8461 8463 8464
f 8461 8464 8462
f 8463 8465 8466
f 8463 8466 8464
f 8465 8467 8468
f 8465 8468 8466
f 8467 8469 8470
f 8467 8470 8468
f 8469 8471 8472
f 8469 8472 8470
f 8471 8473 8474
f 8471 8474 8472
f 8473 8475 8476
f 8473 8476 8474
f 8475 8477 8478
f 8475 8478 8476
f 8477 8479 8480
f 8477 8480 8478
f 8479 8481 8482
f 8479 8482 8480
f 8481 8483 8484
f 8481 8484 8482
f 8483 8485 8486
f 8483 8486 8484
f 8485 8487 8488
f 8485 8488 8486
f 8487 8489 8490
f 8487 8490 8488
f 8489 8491 8492
f 8489 8492 8490
f 8491 8493 8494
f 8491 8494 8492
f 8493 8495 8496
f 8493 8496 8494
f 8495 8497 8498
f 8495 8498 8496
f 8497 8459 8460
f 8497 8460 8498
f 8499 8461 8459
f 8500 8460 8462
f 8499 8463 8461
f 8500 8462 8464
f 8499 8465 8463
f 8500 8464 8466
f 8499 8467 8465
f 8500 8466 8468
f 8499 8469 8467
f 8500 8468 8470
f 8499 8471 8469
f 8500 8470 8472
f 8499 8473 8471
f 8500 8472 8474
f 8499 8475 8473
f 8500 8474 8476
f 8499 8477 8475
f 8500 8476 8478
f 8499 8479 8477
f 8500 8478 8480
f 8499 8481 8479
f 8500 8480 8482
f 8499 8483 8481
f 8500 8482 8484
f 8499 8485 8483
f 8500 8484 8486
f 8499 8487 8485
f 8500 8486 8488
f 8499 8489 8487
f 8500 8488 8490
f 8499 8491 8489
f 8500 8490 8492
f 8499 8493 8491
f 8500 8492 8494
f 8499 8495 8493
f 8500 8494 8496
f 8499 8497 8495
f 8500 8496 8498
f 8499 8459 8497
f 8500 8498 8460
f 8501 8503 8504
f 8501 8504 8502
f 8503 8505 8506
f 8503 8506 8504
f 8505 8507 8508
f 8505 8508 8506
f 8507 8509 8510
f 8507 8510 8508
f 8509 8511 8512
f 8509 8512 8510
f 8511 8513 8514
f 8511 8514 8512
f 8513 8515 8516
f 8513 8516 8514
f 8515 8517 8518
f 8515 8518 8516
f 8517 8519 8520
f 8517 8520 8518
f 8519 8521 8522
f 8519 8522 8520
f 8521 8523 8524
f 8521 8524 8522
f 8523 8525 8526
f 8523 8526 8524
f 8525 8527 8528
f 8525 8528 8526
f 8527 8529 8530
f 8527 8530 8528
f 8529 8531 8532
f 8529 8532 8530
f 8531 8533 8534
f 8531 8534 8532
f 8533 8535 8536
f 8533 8536 8534
f 8535 8501 8502
f 8535 8502 8536
f 8537 8503 8501
f 8538 8502 8504
f 8537 8505 8503
f 8538 8504 8506
f 8537 8507 8505
f 8538 8506 8508
f 8537 8509 8507
f 8538 8508 8510
f 8537 8511 8509
f 8538 8510 8512
f 8537 8513 8511
f 8538 8512 8514
f 8537 8515 8513
f 8538 8514 8516
f 8537 8517 8515
f 8538 8516 8518
f 8537 8519 8517
f 8538 8518 8520
f 8537 8521 8519
f 8538 8520 8522
f 8537 8523 8521
f 8538 8522 8524
f 8537 8525 8523
f 8538 8524 8526
f 8537 8527 8525
f 8538 8526 8528
f 8537 8529 8527
f 8538 8528 8530
f 8537 8531 8529
f 8538 8530 8532
f 8537 8533 8531
f 8538 8532 8534
f 8537 8535 8533
f 8538 8534 8536
f 8537 8501 8535
f 8538 8536 8502
f 8539 8540 8541
f 8539 8541 8542
f 8543 8545 8544
f 8543 8546 8545
f 8539 8543 8544
f 8539 8544 8540
f 8540 8544 8545
f 8540 8545 8541
f 8541 8545 8546
f 8541 8546 8542
f 8542 8546 8543
f 8542 8543 8539
f 8547 8548 8549
f 8547 8549 8550
f 8551 8553 8552
f 8551 8554 8553
f 8547 8551 8552
f 8547 8552 8548
f 8548 8552 8553
f 8548 8553 8549
f 8549 8553 8554
f 8549 8554 8550
f 8550 8554 8551
f 8550 8551 8547
f 8555 8556 8557
f 8555 8557 8558
f 8559 8561 8560
f 8559 8562 8561
f 8555 8559 8560
f 8555 8560 8556
f 8556 8560 8561
f 8556 8561 8557
f 8557 8561 8562
f 8557 8562 8558
f 8558 8562 8559
f 8558 8559 8555
f 8563 8564 8565
f 8563 8565 8566
f 8567 8569 8568
f 8567 8570 8569
f 8563 8567 8568
f 8563 8568 8564
f 8564 8568 8569
f 8564 8569 8565
f 8565 8569 8570
f 8565 8570 8566
f 8566 8570 8567
f 8566 8567 8563
f 8571 8572 8573
f 8571 8573 8574
f 8575 8577 8576
f 8575 8578 8577
f 8571 8575 8576
f 8571 8576 8572
f 8572 8576 8577
f 8572 8577 8573
f 8573 8577 8578
f 8573 8578 8574
f 8574 8578 8575
f 8574 8575 8571
f 8579 8580 8581
f 8579 8581 8582
f 8583 8585 8584
f 8583 8586 8585
f 8579 8583 8584
f 8579 8584 8580
f 8580 8584 8585
f 8580 8585 8581
f 8581 8585 8586
f 8581 8586 8582
f 8582 8586 8583
f 8582 8583 8579
f 8587 8588 8589
f 8587 8589 8590
f 8591 8593 8592
f 8591 8594 8593
f 8587 8591 8592
f 8587 8592 8588
f 8588 8592 8593
f 8588 8593 8589
f 8589 8593 8594
f 8589 8594 8590
f 8590 8594 8591
f 8590 8591 8587
f 8595 8596 8597
f 8595 8597 8598
f 8599 8601 8600
f 8599 8602 8601
f 8595 8599 8600
f 8595 8600 8596
f 8596 8600 8601
f 8596 8601 8597
f 8597 8601 8602
f 8597 8602 8598
f 8598 8602 8599
f 8598 8599 8595
f 8603 8605 8606
f 8603 8606 8604
f 8605 8607 8608
f 8605 8608 8606
f 8607 8609 8610
f 8607 8610 8608
f 8609 8611 8612
f 8609 8612 8610
f 8611 8613 8614
f 8611 8614 8612
f 8613 8615 8616
f 8613 8616 8614
f 8615 8617 8618
f 8615 8618 8616
f 8617 8619 8620
f 8617 8620 8618
f 8619 8621 8622
f 8619 8622 8620
f 8621 8603 8604
f 8621 8604 8622
f 8623 8605 8603
f 8624 8604 8606
f 8623 8607 8605
f 8624 8606 8608
f 8623 8609 8607
f 8624 8608 8610
f 8623 8611 8609
f 8624 8610 8612
f 8623 8613 8611
f 8624 8612 8614
f 8623 8615 8613
f 8624 8614 8616
f 8623 8617 8615
f 8624 8616 8618
f 8623 8619 8617
f 8624 8618 8620
f 8623 8621 8619
f 8624 8620 8622
f 8623 8603 8621
f 8624 8622 8604
f 8625 8627 8628
f 8625 8628 8626
f 8627 8629 8630
f 8627 8630 8628
f 8629 8631 8632
f 8629 8632 8630
f 8631 8633 8634
f 8631 8634 8632
f 8633 8635 8636
f 8633 8636 8634
f 8635 8637 8638
f 8635 8638 8636
f 8637 8639 8640
f 8637 8640 8638
f 8639 8641 8642
f 8639 8642 8640
f 8641 8643 8644
f 8641 8644 8642
f 8643 8625 8626
f 8643 8626 8644
f 8645 8627 8625
f 8646 8626 8628
f 8645 8629 8627
f 8646 8628 8630
f 8645 8631 8629
f 8646 8630 8632
f 8645 8633 8631
f 8646 8632 8634
f 8645 8635 8633
f 8646 8634 8636
f 8645 8637 8635
f 8646 8636 8638
f 8645 8639 8637
f 8646 8638 8640
f 8645 8641 8639
f 8646 8640 8642
f 8645 8643 8641
f 8646 8642 8644
f 8645 8625 8643
f 8646 8644 8626
